<?xml version="1.0" encoding="ASCII"?>
<?xml-stylesheet href="CoreNLP-to-HTML.xsl" type="text/xsl"?>
<root>
  <document>
    <sentences>
      <sentence id="1">
        <tokens>
          <token id="1">
            <word>DEV-MUC3-0005</word>
            <lemma>dev-muc3-0005</lemma>
            <CharacterOffsetBegin>0</CharacterOffsetBegin>
            <CharacterOffsetEnd>13</CharacterOffsetEnd>
            <POS>NN</POS>
            <NER>O</NER>
            <Speaker>PER0</Speaker>
          </token>
          <token id="2">
            <word>-LRB-</word>
            <lemma>-lrb-</lemma>
            <CharacterOffsetBegin>14</CharacterOffsetBegin>
            <CharacterOffsetEnd>15</CharacterOffsetEnd>
            <POS>-LRB-</POS>
            <NER>O</NER>
            <Speaker>PER0</Speaker>
          </token>
          <token id="3">
            <word>NOSC</word>
            <lemma>nosc</lemma>
            <CharacterOffsetBegin>15</CharacterOffsetBegin>
            <CharacterOffsetEnd>19</CharacterOffsetEnd>
            <POS>NN</POS>
            <NER>O</NER>
            <Speaker>PER0</Speaker>
          </token>
          <token id="4">
            <word>-RRB-</word>
            <lemma>-rrb-</lemma>
            <CharacterOffsetBegin>19</CharacterOffsetBegin>
            <CharacterOffsetEnd>20</CharacterOffsetEnd>
            <POS>-RRB-</POS>
            <NER>O</NER>
            <Speaker>PER0</Speaker>
          </token>
          <token id="5">
            <word>CLANDESTINE</word>
            <lemma>clandestine</lemma>
            <CharacterOffsetBegin>25</CharacterOffsetBegin>
            <CharacterOffsetEnd>36</CharacterOffsetEnd>
            <POS>JJ</POS>
            <NER>O</NER>
            <Speaker>PER0</Speaker>
          </token>
          <token id="6">
            <word>,</word>
            <lemma>,</lemma>
            <CharacterOffsetBegin>36</CharacterOffsetBegin>
            <CharacterOffsetEnd>37</CharacterOffsetEnd>
            <POS>,</POS>
            <NER>O</NER>
            <Speaker>PER0</Speaker>
          </token>
          <token id="7">
            <word>8</word>
            <lemma>8</lemma>
            <CharacterOffsetBegin>38</CharacterOffsetBegin>
            <CharacterOffsetEnd>39</CharacterOffsetEnd>
            <POS>CD</POS>
            <NER>DATE</NER>
            <NormalizedNER>XXXX-01-08</NormalizedNER>
            <Speaker>PER0</Speaker>
            <Timex tid="t1" type="DATE">XXXX-01-08</Timex>
          </token>
          <token id="8">
            <word>JAN</word>
            <lemma>JAN</lemma>
            <CharacterOffsetBegin>40</CharacterOffsetBegin>
            <CharacterOffsetEnd>43</CharacterOffsetEnd>
            <POS>NNP</POS>
            <NER>DATE</NER>
            <NormalizedNER>XXXX-01-08</NormalizedNER>
            <Speaker>PER0</Speaker>
            <Timex tid="t1" type="DATE">XXXX-01-08</Timex>
          </token>
          <token id="9">
            <word>90</word>
            <lemma>90</lemma>
            <CharacterOffsetBegin>44</CharacterOffsetBegin>
            <CharacterOffsetEnd>46</CharacterOffsetEnd>
            <POS>CD</POS>
            <NER>NUMBER</NER>
            <NormalizedNER>90.0</NormalizedNER>
            <Speaker>PER0</Speaker>
          </token>
          <token id="10">
            <word>-LRB-</word>
            <lemma>-lrb-</lemma>
            <CharacterOffsetBegin>47</CharacterOffsetBegin>
            <CharacterOffsetEnd>48</CharacterOffsetEnd>
            <POS>-LRB-</POS>
            <NER>O</NER>
            <Speaker>PER0</Speaker>
          </token>
          <token id="11">
            <word>RADIO</word>
            <lemma>radio</lemma>
            <CharacterOffsetBegin>48</CharacterOffsetBegin>
            <CharacterOffsetEnd>53</CharacterOffsetEnd>
            <POS>NN</POS>
            <NER>O</NER>
            <Speaker>PER0</Speaker>
          </token>
          <token id="12">
            <word>VENCEREMOS</word>
            <lemma>venceremo</lemma>
            <CharacterOffsetBegin>54</CharacterOffsetBegin>
            <CharacterOffsetEnd>64</CharacterOffsetEnd>
            <POS>NNS</POS>
            <NER>O</NER>
            <Speaker>PER0</Speaker>
          </token>
          <token id="13">
            <word>-RRB-</word>
            <lemma>-rrb-</lemma>
            <CharacterOffsetBegin>64</CharacterOffsetBegin>
            <CharacterOffsetEnd>65</CharacterOffsetEnd>
            <POS>-RRB-</POS>
            <NER>O</NER>
            <Speaker>PER0</Speaker>
          </token>
          <token id="14">
            <word>--</word>
            <lemma>--</lemma>
            <CharacterOffsetBegin>65</CharacterOffsetBegin>
            <CharacterOffsetEnd>67</CharacterOffsetEnd>
            <POS>:</POS>
            <NER>O</NER>
            <Speaker>PER0</Speaker>
          </token>
          <token id="15">
            <word>-LSB-</word>
            <lemma>-lsb-</lemma>
            <CharacterOffsetBegin>68</CharacterOffsetBegin>
            <CharacterOffsetEnd>69</CharacterOffsetEnd>
            <POS>-LRB-</POS>
            <NER>O</NER>
            <Speaker>PER0</Speaker>
          </token>
          <token id="16">
            <word>TEXT</word>
            <lemma>text</lemma>
            <CharacterOffsetBegin>69</CharacterOffsetBegin>
            <CharacterOffsetEnd>73</CharacterOffsetEnd>
            <POS>NN</POS>
            <NER>O</NER>
            <Speaker>PER0</Speaker>
          </token>
          <token id="17">
            <word>-RSB-</word>
            <lemma>-rsb-</lemma>
            <CharacterOffsetBegin>73</CharacterOffsetBegin>
            <CharacterOffsetEnd>74</CharacterOffsetEnd>
            <POS>-RRB-</POS>
            <NER>O</NER>
            <Speaker>PER0</Speaker>
          </token>
          <token id="18">
            <word>A</word>
            <lemma>a</lemma>
            <CharacterOffsetBegin>75</CharacterOffsetBegin>
            <CharacterOffsetEnd>76</CharacterOffsetEnd>
            <POS>DT</POS>
            <NER>O</NER>
            <Speaker>PER0</Speaker>
          </token>
          <token id="19">
            <word>WAR</word>
            <lemma>war</lemma>
            <CharacterOffsetBegin>77</CharacterOffsetBegin>
            <CharacterOffsetEnd>80</CharacterOffsetEnd>
            <POS>NN</POS>
            <NER>O</NER>
            <Speaker>PER0</Speaker>
          </token>
          <token id="20">
            <word>BULLETIN</word>
            <lemma>bulletin</lemma>
            <CharacterOffsetBegin>81</CharacterOffsetBegin>
            <CharacterOffsetEnd>89</CharacterOffsetEnd>
            <POS>NN</POS>
            <NER>O</NER>
            <Speaker>PER0</Speaker>
          </token>
          <token id="21">
            <word>INDICATES</word>
            <lemma>indicate</lemma>
            <CharacterOffsetBegin>90</CharacterOffsetBegin>
            <CharacterOffsetEnd>99</CharacterOffsetEnd>
            <POS>VBZ</POS>
            <NER>O</NER>
            <Speaker>PER0</Speaker>
          </token>
          <token id="22">
            <word>THAT</word>
            <lemma>that</lemma>
            <CharacterOffsetBegin>100</CharacterOffsetBegin>
            <CharacterOffsetEnd>104</CharacterOffsetEnd>
            <POS>IN</POS>
            <NER>O</NER>
            <Speaker>PER0</Speaker>
          </token>
          <token id="23">
            <word>ON</word>
            <lemma>on</lemma>
            <CharacterOffsetBegin>105</CharacterOffsetBegin>
            <CharacterOffsetEnd>107</CharacterOffsetEnd>
            <POS>IN</POS>
            <NER>O</NER>
            <Speaker>PER0</Speaker>
          </token>
          <token id="24">
            <word>6</word>
            <lemma>6</lemma>
            <CharacterOffsetBegin>108</CharacterOffsetBegin>
            <CharacterOffsetEnd>109</CharacterOffsetEnd>
            <POS>CD</POS>
            <NER>DATE</NER>
            <NormalizedNER>XXXX-01-06</NormalizedNER>
            <Speaker>PER0</Speaker>
            <Timex tid="t2" type="DATE">XXXX-01-06</Timex>
          </token>
          <token id="25">
            <word>JANUARY</word>
            <lemma>JANUARY</lemma>
            <CharacterOffsetBegin>110</CharacterOffsetBegin>
            <CharacterOffsetEnd>117</CharacterOffsetEnd>
            <POS>NNP</POS>
            <NER>DATE</NER>
            <NormalizedNER>XXXX-01-06</NormalizedNER>
            <Speaker>PER0</Speaker>
            <Timex tid="t2" type="DATE">XXXX-01-06</Timex>
          </token>
          <token id="26">
            <word>AT</word>
            <lemma>at</lemma>
            <CharacterOffsetBegin>118</CharacterOffsetBegin>
            <CharacterOffsetEnd>120</CharacterOffsetEnd>
            <POS>IN</POS>
            <NER>O</NER>
            <Speaker>PER0</Speaker>
          </token>
          <token id="27">
            <word>1625</word>
            <lemma>1625</lemma>
            <CharacterOffsetBegin>121</CharacterOffsetBegin>
            <CharacterOffsetEnd>125</CharacterOffsetEnd>
            <POS>CD</POS>
            <NER>DATE</NER>
            <NormalizedNER>1625</NormalizedNER>
            <Speaker>PER0</Speaker>
            <Timex tid="t3" type="DATE">1625</Timex>
          </token>
          <token id="28">
            <word>,</word>
            <lemma>,</lemma>
            <CharacterOffsetBegin>125</CharacterOffsetBegin>
            <CharacterOffsetEnd>126</CharacterOffsetEnd>
            <POS>,</POS>
            <NER>O</NER>
            <Speaker>PER0</Speaker>
          </token>
          <token id="29">
            <word>FMLN</word>
            <lemma>fmln</lemma>
            <CharacterOffsetBegin>127</CharacterOffsetBegin>
            <CharacterOffsetEnd>131</CharacterOffsetEnd>
            <POS>NN</POS>
            <NER>ORGANIZATION</NER>
            <Speaker>PER0</Speaker>
          </token>
          <token id="30">
            <word>-LSB-</word>
            <lemma>-lsb-</lemma>
            <CharacterOffsetBegin>132</CharacterOffsetBegin>
            <CharacterOffsetEnd>133</CharacterOffsetEnd>
            <POS>-LRB-</POS>
            <NER>O</NER>
            <Speaker>PER0</Speaker>
          </token>
          <token id="31">
            <word>FARABUNDO</word>
            <lemma>farabundo</lemma>
            <CharacterOffsetBegin>133</CharacterOffsetBegin>
            <CharacterOffsetEnd>142</CharacterOffsetEnd>
            <POS>NN</POS>
            <NER>ORGANIZATION</NER>
            <Speaker>PER0</Speaker>
          </token>
          <token id="32">
            <word>MARTI</word>
            <lemma>MARTI</lemma>
            <CharacterOffsetBegin>143</CharacterOffsetBegin>
            <CharacterOffsetEnd>148</CharacterOffsetEnd>
            <POS>NNP</POS>
            <NER>ORGANIZATION</NER>
            <Speaker>PER0</Speaker>
          </token>
          <token id="33">
            <word>NATIONAL</word>
            <lemma>NATIONAL</lemma>
            <CharacterOffsetBegin>149</CharacterOffsetBegin>
            <CharacterOffsetEnd>157</CharacterOffsetEnd>
            <POS>NNP</POS>
            <NER>ORGANIZATION</NER>
            <Speaker>PER0</Speaker>
          </token>
          <token id="34">
            <word>LIBERATION</word>
            <lemma>LIBERATION</lemma>
            <CharacterOffsetBegin>158</CharacterOffsetBegin>
            <CharacterOffsetEnd>168</CharacterOffsetEnd>
            <POS>NNP</POS>
            <NER>ORGANIZATION</NER>
            <Speaker>PER0</Speaker>
          </token>
          <token id="35">
            <word>FRONT</word>
            <lemma>front</lemma>
            <CharacterOffsetBegin>169</CharacterOffsetBegin>
            <CharacterOffsetEnd>174</CharacterOffsetEnd>
            <POS>NN</POS>
            <NER>ORGANIZATION</NER>
            <Speaker>PER0</Speaker>
          </token>
          <token id="36">
            <word>-RSB-</word>
            <lemma>-rsb-</lemma>
            <CharacterOffsetBegin>174</CharacterOffsetBegin>
            <CharacterOffsetEnd>175</CharacterOffsetEnd>
            <POS>-RRB-</POS>
            <NER>O</NER>
            <Speaker>PER0</Speaker>
          </token>
          <token id="37">
            <word>TROOPS</word>
            <lemma>troops</lemma>
            <CharacterOffsetBegin>176</CharacterOffsetBegin>
            <CharacterOffsetEnd>182</CharacterOffsetEnd>
            <POS>NNS</POS>
            <NER>O</NER>
            <Speaker>PER0</Speaker>
          </token>
          <token id="38">
            <word>CLASHED</word>
            <lemma>clash</lemma>
            <CharacterOffsetBegin>183</CharacterOffsetBegin>
            <CharacterOffsetEnd>190</CharacterOffsetEnd>
            <POS>VBD</POS>
            <NER>O</NER>
            <Speaker>PER0</Speaker>
          </token>
          <token id="39">
            <word>WITH</word>
            <lemma>with</lemma>
            <CharacterOffsetBegin>191</CharacterOffsetBegin>
            <CharacterOffsetEnd>195</CharacterOffsetEnd>
            <POS>IN</POS>
            <NER>O</NER>
            <Speaker>PER0</Speaker>
          </token>
          <token id="40">
            <word>THE</word>
            <lemma>the</lemma>
            <CharacterOffsetBegin>196</CharacterOffsetBegin>
            <CharacterOffsetEnd>199</CharacterOffsetEnd>
            <POS>DT</POS>
            <NER>O</NER>
            <Speaker>PER0</Speaker>
          </token>
          <token id="41">
            <word>CAVALRY</word>
            <lemma>CAVALRY</lemma>
            <CharacterOffsetBegin>200</CharacterOffsetBegin>
            <CharacterOffsetEnd>207</CharacterOffsetEnd>
            <POS>NNP</POS>
            <NER>O</NER>
            <Speaker>PER0</Speaker>
          </token>
          <token id="42">
            <word>COMPANY</word>
            <lemma>company</lemma>
            <CharacterOffsetBegin>208</CharacterOffsetBegin>
            <CharacterOffsetEnd>215</CharacterOffsetEnd>
            <POS>NN</POS>
            <NER>O</NER>
            <Speaker>PER0</Speaker>
          </token>
          <token id="43">
            <word>IN</word>
            <lemma>in</lemma>
            <CharacterOffsetBegin>216</CharacterOffsetBegin>
            <CharacterOffsetEnd>218</CharacterOffsetEnd>
            <POS>IN</POS>
            <NER>O</NER>
            <Speaker>PER0</Speaker>
          </token>
          <token id="44">
            <word>FINCA</word>
            <lemma>FINCA</lemma>
            <CharacterOffsetBegin>219</CharacterOffsetBegin>
            <CharacterOffsetEnd>224</CharacterOffsetEnd>
            <POS>NNP</POS>
            <NER>LOCATION</NER>
            <Speaker>PER0</Speaker>
          </token>
          <token id="45">
            <word>SANTA</word>
            <lemma>SANTA</lemma>
            <CharacterOffsetBegin>225</CharacterOffsetBegin>
            <CharacterOffsetEnd>230</CharacterOffsetEnd>
            <POS>NNP</POS>
            <NER>LOCATION</NER>
            <Speaker>PER0</Speaker>
          </token>
          <token id="46">
            <word>ELENA</word>
            <lemma>ELENA</lemma>
            <CharacterOffsetBegin>231</CharacterOffsetBegin>
            <CharacterOffsetEnd>236</CharacterOffsetEnd>
            <POS>NNP</POS>
            <NER>LOCATION</NER>
            <Speaker>PER0</Speaker>
          </token>
          <token id="47">
            <word>,</word>
            <lemma>,</lemma>
            <CharacterOffsetBegin>236</CharacterOffsetBegin>
            <CharacterOffsetEnd>237</CharacterOffsetEnd>
            <POS>,</POS>
            <NER>O</NER>
            <Speaker>PER0</Speaker>
          </token>
          <token id="48">
            <word>SANTA</word>
            <lemma>SANTA</lemma>
            <CharacterOffsetBegin>238</CharacterOffsetBegin>
            <CharacterOffsetEnd>243</CharacterOffsetEnd>
            <POS>NNP</POS>
            <NER>LOCATION</NER>
            <Speaker>PER0</Speaker>
          </token>
          <token id="49">
            <word>TECLA</word>
            <lemma>TECLA</lemma>
            <CharacterOffsetBegin>244</CharacterOffsetBegin>
            <CharacterOffsetEnd>249</CharacterOffsetEnd>
            <POS>NNP</POS>
            <NER>LOCATION</NER>
            <Speaker>PER0</Speaker>
          </token>
          <token id="50">
            <word>,</word>
            <lemma>,</lemma>
            <CharacterOffsetBegin>249</CharacterOffsetBegin>
            <CharacterOffsetEnd>250</CharacterOffsetEnd>
            <POS>,</POS>
            <NER>O</NER>
            <Speaker>PER0</Speaker>
          </token>
          <token id="51">
            <word>NEAR</word>
            <lemma>near</lemma>
            <CharacterOffsetBegin>251</CharacterOffsetBegin>
            <CharacterOffsetEnd>255</CharacterOffsetEnd>
            <POS>IN</POS>
            <NER>O</NER>
            <Speaker>PER0</Speaker>
          </token>
          <token id="52">
            <word>SAN</word>
            <lemma>SAN</lemma>
            <CharacterOffsetBegin>256</CharacterOffsetBegin>
            <CharacterOffsetEnd>259</CharacterOffsetEnd>
            <POS>NNP</POS>
            <NER>LOCATION</NER>
            <Speaker>PER0</Speaker>
          </token>
          <token id="53">
            <word>SALVADOR</word>
            <lemma>SALVADOR</lemma>
            <CharacterOffsetBegin>260</CharacterOffsetBegin>
            <CharacterOffsetEnd>268</CharacterOffsetEnd>
            <POS>NNP</POS>
            <NER>LOCATION</NER>
            <Speaker>PER0</Speaker>
          </token>
          <token id="54">
            <word>,</word>
            <lemma>,</lemma>
            <CharacterOffsetBegin>268</CharacterOffsetBegin>
            <CharacterOffsetEnd>269</CharacterOffsetEnd>
            <POS>,</POS>
            <NER>O</NER>
            <Speaker>PER0</Speaker>
          </token>
          <token id="55">
            <word>KILLING</word>
            <lemma>kill</lemma>
            <CharacterOffsetBegin>270</CharacterOffsetBegin>
            <CharacterOffsetEnd>277</CharacterOffsetEnd>
            <POS>VBG</POS>
            <NER>O</NER>
            <Speaker>PER0</Speaker>
          </token>
          <token id="56">
            <word>THREE</word>
            <lemma>three</lemma>
            <CharacterOffsetBegin>278</CharacterOffsetBegin>
            <CharacterOffsetEnd>283</CharacterOffsetEnd>
            <POS>CD</POS>
            <NER>NUMBER</NER>
            <NormalizedNER>3.0</NormalizedNER>
            <Speaker>PER0</Speaker>
          </token>
          <token id="57">
            <word>AND</word>
            <lemma>and</lemma>
            <CharacterOffsetBegin>284</CharacterOffsetBegin>
            <CharacterOffsetEnd>287</CharacterOffsetEnd>
            <POS>CC</POS>
            <NER>O</NER>
            <Speaker>PER0</Speaker>
          </token>
          <token id="58">
            <word>WOUNDING</word>
            <lemma>wound</lemma>
            <CharacterOffsetBegin>288</CharacterOffsetBegin>
            <CharacterOffsetEnd>296</CharacterOffsetEnd>
            <POS>VBG</POS>
            <NER>O</NER>
            <Speaker>PER0</Speaker>
          </token>
          <token id="59">
            <word>FOUR</word>
            <lemma>four</lemma>
            <CharacterOffsetBegin>297</CharacterOffsetBegin>
            <CharacterOffsetEnd>301</CharacterOffsetEnd>
            <POS>CD</POS>
            <NER>NUMBER</NER>
            <NormalizedNER>4.0</NormalizedNER>
            <Speaker>PER0</Speaker>
          </token>
          <token id="60">
            <word>ENEMY</word>
            <lemma>enemy</lemma>
            <CharacterOffsetBegin>302</CharacterOffsetBegin>
            <CharacterOffsetEnd>307</CharacterOffsetEnd>
            <POS>NN</POS>
            <NER>O</NER>
            <Speaker>PER0</Speaker>
          </token>
          <token id="61">
            <word>TROOPS</word>
            <lemma>troops</lemma>
            <CharacterOffsetBegin>308</CharacterOffsetBegin>
            <CharacterOffsetEnd>314</CharacterOffsetEnd>
            <POS>NNS</POS>
            <NER>O</NER>
            <Speaker>PER0</Speaker>
          </token>
          <token id="62">
            <word>,</word>
            <lemma>,</lemma>
            <CharacterOffsetBegin>314</CharacterOffsetBegin>
            <CharacterOffsetEnd>315</CharacterOffsetEnd>
            <POS>,</POS>
            <NER>O</NER>
            <Speaker>PER0</Speaker>
          </token>
          <token id="63">
            <word>INCLUDING</word>
            <lemma>include</lemma>
            <CharacterOffsetBegin>316</CharacterOffsetBegin>
            <CharacterOffsetEnd>325</CharacterOffsetEnd>
            <POS>VBG</POS>
            <NER>O</NER>
            <Speaker>PER0</Speaker>
          </token>
          <token id="64">
            <word>THE</word>
            <lemma>the</lemma>
            <CharacterOffsetBegin>326</CharacterOffsetBegin>
            <CharacterOffsetEnd>329</CharacterOffsetEnd>
            <POS>DT</POS>
            <NER>O</NER>
            <Speaker>PER0</Speaker>
          </token>
          <token id="65">
            <word>PATROL</word>
            <lemma>patrol</lemma>
            <CharacterOffsetBegin>330</CharacterOffsetBegin>
            <CharacterOffsetEnd>336</CharacterOffsetEnd>
            <POS>NN</POS>
            <NER>O</NER>
            <Speaker>PER0</Speaker>
          </token>
          <token id="66">
            <word>LEADER</word>
            <lemma>leader</lemma>
            <CharacterOffsetBegin>337</CharacterOffsetBegin>
            <CharacterOffsetEnd>343</CharacterOffsetEnd>
            <POS>NN</POS>
            <NER>O</NER>
            <Speaker>PER0</Speaker>
          </token>
          <token id="67">
            <word>WHO</word>
            <lemma>who</lemma>
            <CharacterOffsetBegin>344</CharacterOffsetBegin>
            <CharacterOffsetEnd>347</CharacterOffsetEnd>
            <POS>WP</POS>
            <NER>O</NER>
            <Speaker>PER0</Speaker>
          </token>
          <token id="68">
            <word>WAS</word>
            <lemma>be</lemma>
            <CharacterOffsetBegin>348</CharacterOffsetBegin>
            <CharacterOffsetEnd>351</CharacterOffsetEnd>
            <POS>VBD</POS>
            <NER>O</NER>
            <Speaker>PER0</Speaker>
          </token>
          <token id="69">
            <word>AMONG</word>
            <lemma>among</lemma>
            <CharacterOffsetBegin>352</CharacterOffsetBegin>
            <CharacterOffsetEnd>357</CharacterOffsetEnd>
            <POS>IN</POS>
            <NER>O</NER>
            <Speaker>PER0</Speaker>
          </token>
          <token id="70">
            <word>THOSE</word>
            <lemma>those</lemma>
            <CharacterOffsetBegin>358</CharacterOffsetBegin>
            <CharacterOffsetEnd>363</CharacterOffsetEnd>
            <POS>DT</POS>
            <NER>O</NER>
            <Speaker>PER0</Speaker>
          </token>
          <token id="71">
            <word>KILLED</word>
            <lemma>kill</lemma>
            <CharacterOffsetBegin>364</CharacterOffsetBegin>
            <CharacterOffsetEnd>370</CharacterOffsetEnd>
            <POS>VBN</POS>
            <NER>O</NER>
            <Speaker>PER0</Speaker>
          </token>
          <token id="72">
            <word>.</word>
            <lemma>.</lemma>
            <CharacterOffsetBegin>370</CharacterOffsetBegin>
            <CharacterOffsetEnd>371</CharacterOffsetEnd>
            <POS>.</POS>
            <NER>O</NER>
            <Speaker>PER0</Speaker>
          </token>
        </tokens>
        <parse>(ROOT (S (NP (NP (NN DEV-MUC3-0005)) (PRN (-LRB- -LRB-) (NP (NN NOSC)) (-RRB- -RRB-)) (NP (JJ CLANDESTINE)) (, ,) (NP (NP (CD 8) (NNP JAN) (CD 90)) (PRN (-LRB- -LRB-) (NP (NN RADIO) (NNS VENCEREMOS)) (-RRB- -RRB-))) (: --)) (VP (-LRB- -LSB-) (SBAR (S (NP (NP (NN TEXT)) (PP (-RRB- -RSB-) (NP (DT A) (NN WAR) (NN BULLETIN)))) (VP (VBZ INDICATES) (SBAR (IN THAT) (S (PP (IN ON) (NP (NP (CD 6)) (NP-TMP (NNP JANUARY)) (PP (IN AT) (NP (CD 1625))) (, ,) (NP (NN FMLN)) (-LRB- -LSB-) (NP (NN FARABUNDO)))) (NP (NNP MARTI) (NNP NATIONAL) (NNP LIBERATION) (NN FRONT) (-RRB- -RSB-) (NNS TROOPS)) (VP (VBD CLASHED) (PP (IN WITH) (NP (NP (DT THE) (NNP CAVALRY) (NN COMPANY)) (PP (IN IN) (NP (NP (NNP FINCA) (NNP SANTA) (NNP ELENA)) (, ,) (NP (NNP SANTA) (NNP TECLA)) (, ,))) (PP (IN NEAR) (NP (NNP SAN) (NNP SALVADOR))) (, ,) (VP (VP (VBG KILLING) (NP (CD THREE))) (CC AND) (VP (VBG WOUNDING) (NP (CD FOUR) (NN ENEMY) (NNS TROOPS)))) (, ,) (PP (VBG INCLUDING) (NP (NP (DT THE) (NN PATROL) (NN LEADER)) (SBAR (WHNP (WP WHO)) (S (VP (VBD WAS) (PP (IN AMONG) (NP (NP (DT THOSE)) (VP (VBN KILLED)))))))))))))))))) (. .))) </parse>
        <dependencies type="basic-dependencies">
          <dep type="root">
            <governor idx="0">ROOT</governor>
            <dependent idx="21">INDICATES</dependent>
          </dep>
          <dep type="nsubj">
            <governor idx="21">INDICATES</governor>
            <dependent idx="1">DEV-MUC3-0005</dependent>
          </dep>
          <dep type="appos">
            <governor idx="1">DEV-MUC3-0005</governor>
            <dependent idx="3">NOSC</dependent>
          </dep>
          <dep type="dep">
            <governor idx="1">DEV-MUC3-0005</governor>
            <dependent idx="5">CLANDESTINE</dependent>
          </dep>
          <dep type="nummod">
            <governor idx="8">JAN</governor>
            <dependent idx="7">8</dependent>
          </dep>
          <dep type="appos">
            <governor idx="1">DEV-MUC3-0005</governor>
            <dependent idx="8">JAN</dependent>
          </dep>
          <dep type="nummod">
            <governor idx="8">JAN</governor>
            <dependent idx="9">90</dependent>
          </dep>
          <dep type="compound">
            <governor idx="12">VENCEREMOS</governor>
            <dependent idx="11">RADIO</dependent>
          </dep>
          <dep type="appos">
            <governor idx="8">JAN</governor>
            <dependent idx="12">VENCEREMOS</dependent>
          </dep>
          <dep type="nsubj">
            <governor idx="21">INDICATES</governor>
            <dependent idx="16">TEXT</dependent>
          </dep>
          <dep type="det">
            <governor idx="20">BULLETIN</governor>
            <dependent idx="18">A</dependent>
          </dep>
          <dep type="compound">
            <governor idx="20">BULLETIN</governor>
            <dependent idx="19">WAR</dependent>
          </dep>
          <dep type="nmod">
            <governor idx="16">TEXT</governor>
            <dependent idx="20">BULLETIN</dependent>
          </dep>
          <dep type="mark">
            <governor idx="38">CLASHED</governor>
            <dependent idx="22">THAT</dependent>
          </dep>
          <dep type="case">
            <governor idx="24">6</governor>
            <dependent idx="23">ON</dependent>
          </dep>
          <dep type="nmod">
            <governor idx="38">CLASHED</governor>
            <dependent idx="24">6</dependent>
          </dep>
          <dep type="nmod:tmod">
            <governor idx="24">6</governor>
            <dependent idx="25">JANUARY</dependent>
          </dep>
          <dep type="case">
            <governor idx="27">1625</governor>
            <dependent idx="26">AT</dependent>
          </dep>
          <dep type="nmod">
            <governor idx="24">6</governor>
            <dependent idx="27">1625</dependent>
          </dep>
          <dep type="appos">
            <governor idx="24">6</governor>
            <dependent idx="29">FMLN</dependent>
          </dep>
          <dep type="dep">
            <governor idx="24">6</governor>
            <dependent idx="31">FARABUNDO</dependent>
          </dep>
          <dep type="compound">
            <governor idx="37">TROOPS</governor>
            <dependent idx="32">MARTI</dependent>
          </dep>
          <dep type="compound">
            <governor idx="37">TROOPS</governor>
            <dependent idx="33">NATIONAL</dependent>
          </dep>
          <dep type="compound">
            <governor idx="37">TROOPS</governor>
            <dependent idx="34">LIBERATION</dependent>
          </dep>
          <dep type="compound">
            <governor idx="37">TROOPS</governor>
            <dependent idx="35">FRONT</dependent>
          </dep>
          <dep type="nsubj">
            <governor idx="38">CLASHED</governor>
            <dependent idx="37">TROOPS</dependent>
          </dep>
          <dep type="ccomp">
            <governor idx="21">INDICATES</governor>
            <dependent idx="38">CLASHED</dependent>
          </dep>
          <dep type="case">
            <governor idx="42">COMPANY</governor>
            <dependent idx="39">WITH</dependent>
          </dep>
          <dep type="det">
            <governor idx="42">COMPANY</governor>
            <dependent idx="40">THE</dependent>
          </dep>
          <dep type="compound">
            <governor idx="42">COMPANY</governor>
            <dependent idx="41">CAVALRY</dependent>
          </dep>
          <dep type="nmod">
            <governor idx="38">CLASHED</governor>
            <dependent idx="42">COMPANY</dependent>
          </dep>
          <dep type="case">
            <governor idx="46">ELENA</governor>
            <dependent idx="43">IN</dependent>
          </dep>
          <dep type="compound">
            <governor idx="46">ELENA</governor>
            <dependent idx="44">FINCA</dependent>
          </dep>
          <dep type="compound">
            <governor idx="46">ELENA</governor>
            <dependent idx="45">SANTA</dependent>
          </dep>
          <dep type="nmod">
            <governor idx="42">COMPANY</governor>
            <dependent idx="46">ELENA</dependent>
          </dep>
          <dep type="compound">
            <governor idx="49">TECLA</governor>
            <dependent idx="48">SANTA</dependent>
          </dep>
          <dep type="appos">
            <governor idx="46">ELENA</governor>
            <dependent idx="49">TECLA</dependent>
          </dep>
          <dep type="case">
            <governor idx="53">SALVADOR</governor>
            <dependent idx="51">NEAR</dependent>
          </dep>
          <dep type="compound">
            <governor idx="53">SALVADOR</governor>
            <dependent idx="52">SAN</dependent>
          </dep>
          <dep type="nmod">
            <governor idx="42">COMPANY</governor>
            <dependent idx="53">SALVADOR</dependent>
          </dep>
          <dep type="dep">
            <governor idx="42">COMPANY</governor>
            <dependent idx="55">KILLING</dependent>
          </dep>
          <dep type="dobj">
            <governor idx="55">KILLING</governor>
            <dependent idx="56">THREE</dependent>
          </dep>
          <dep type="cc">
            <governor idx="55">KILLING</governor>
            <dependent idx="57">AND</dependent>
          </dep>
          <dep type="conj">
            <governor idx="55">KILLING</governor>
            <dependent idx="58">WOUNDING</dependent>
          </dep>
          <dep type="nummod">
            <governor idx="61">TROOPS</governor>
            <dependent idx="59">FOUR</dependent>
          </dep>
          <dep type="compound">
            <governor idx="61">TROOPS</governor>
            <dependent idx="60">ENEMY</dependent>
          </dep>
          <dep type="dobj">
            <governor idx="58">WOUNDING</governor>
            <dependent idx="61">TROOPS</dependent>
          </dep>
          <dep type="case">
            <governor idx="66">LEADER</governor>
            <dependent idx="63">INCLUDING</dependent>
          </dep>
          <dep type="det">
            <governor idx="66">LEADER</governor>
            <dependent idx="64">THE</dependent>
          </dep>
          <dep type="compound">
            <governor idx="66">LEADER</governor>
            <dependent idx="65">PATROL</dependent>
          </dep>
          <dep type="nmod">
            <governor idx="42">COMPANY</governor>
            <dependent idx="66">LEADER</dependent>
          </dep>
          <dep type="nsubj">
            <governor idx="70">THOSE</governor>
            <dependent idx="67">WHO</dependent>
          </dep>
          <dep type="cop">
            <governor idx="70">THOSE</governor>
            <dependent idx="68">WAS</dependent>
          </dep>
          <dep type="case">
            <governor idx="70">THOSE</governor>
            <dependent idx="69">AMONG</dependent>
          </dep>
          <dep type="acl:relcl">
            <governor idx="66">LEADER</governor>
            <dependent idx="70">THOSE</dependent>
          </dep>
          <dep type="acl">
            <governor idx="70">THOSE</governor>
            <dependent idx="71">KILLED</dependent>
          </dep>
        </dependencies>
        <dependencies type="collapsed-dependencies">
          <dep type="root">
            <governor idx="0">ROOT</governor>
            <dependent idx="21">INDICATES</dependent>
          </dep>
          <dep type="nsubj">
            <governor idx="21">INDICATES</governor>
            <dependent idx="1">DEV-MUC3-0005</dependent>
          </dep>
          <dep type="appos">
            <governor idx="1">DEV-MUC3-0005</governor>
            <dependent idx="3">NOSC</dependent>
          </dep>
          <dep type="dep">
            <governor idx="1">DEV-MUC3-0005</governor>
            <dependent idx="5">CLANDESTINE</dependent>
          </dep>
          <dep type="nummod">
            <governor idx="8">JAN</governor>
            <dependent idx="7">8</dependent>
          </dep>
          <dep type="appos">
            <governor idx="1">DEV-MUC3-0005</governor>
            <dependent idx="8">JAN</dependent>
          </dep>
          <dep type="nummod">
            <governor idx="8">JAN</governor>
            <dependent idx="9">90</dependent>
          </dep>
          <dep type="compound">
            <governor idx="12">VENCEREMOS</governor>
            <dependent idx="11">RADIO</dependent>
          </dep>
          <dep type="appos">
            <governor idx="8">JAN</governor>
            <dependent idx="12">VENCEREMOS</dependent>
          </dep>
          <dep type="nsubj">
            <governor idx="21">INDICATES</governor>
            <dependent idx="16">TEXT</dependent>
          </dep>
          <dep type="det">
            <governor idx="20">BULLETIN</governor>
            <dependent idx="18">A</dependent>
          </dep>
          <dep type="compound">
            <governor idx="20">BULLETIN</governor>
            <dependent idx="19">WAR</dependent>
          </dep>
          <dep type="nmod">
            <governor idx="16">TEXT</governor>
            <dependent idx="20">BULLETIN</dependent>
          </dep>
          <dep type="mark">
            <governor idx="38">CLASHED</governor>
            <dependent idx="22">THAT</dependent>
          </dep>
          <dep type="case">
            <governor idx="24">6</governor>
            <dependent idx="23">ON</dependent>
          </dep>
          <dep type="nmod:on">
            <governor idx="38">CLASHED</governor>
            <dependent idx="24">6</dependent>
          </dep>
          <dep type="nmod:tmod">
            <governor idx="24">6</governor>
            <dependent idx="25">JANUARY</dependent>
          </dep>
          <dep type="case">
            <governor idx="27">1625</governor>
            <dependent idx="26">AT</dependent>
          </dep>
          <dep type="nmod:at">
            <governor idx="24">6</governor>
            <dependent idx="27">1625</dependent>
          </dep>
          <dep type="appos">
            <governor idx="24">6</governor>
            <dependent idx="29">FMLN</dependent>
          </dep>
          <dep type="dep">
            <governor idx="24">6</governor>
            <dependent idx="31">FARABUNDO</dependent>
          </dep>
          <dep type="compound">
            <governor idx="37">TROOPS</governor>
            <dependent idx="32">MARTI</dependent>
          </dep>
          <dep type="compound">
            <governor idx="37">TROOPS</governor>
            <dependent idx="33">NATIONAL</dependent>
          </dep>
          <dep type="compound">
            <governor idx="37">TROOPS</governor>
            <dependent idx="34">LIBERATION</dependent>
          </dep>
          <dep type="compound">
            <governor idx="37">TROOPS</governor>
            <dependent idx="35">FRONT</dependent>
          </dep>
          <dep type="nsubj">
            <governor idx="38">CLASHED</governor>
            <dependent idx="37">TROOPS</dependent>
          </dep>
          <dep type="ccomp">
            <governor idx="21">INDICATES</governor>
            <dependent idx="38">CLASHED</dependent>
          </dep>
          <dep type="case">
            <governor idx="42">COMPANY</governor>
            <dependent idx="39">WITH</dependent>
          </dep>
          <dep type="det">
            <governor idx="42">COMPANY</governor>
            <dependent idx="40">THE</dependent>
          </dep>
          <dep type="compound">
            <governor idx="42">COMPANY</governor>
            <dependent idx="41">CAVALRY</dependent>
          </dep>
          <dep type="nmod:with">
            <governor idx="38">CLASHED</governor>
            <dependent idx="42">COMPANY</dependent>
          </dep>
          <dep type="case">
            <governor idx="46">ELENA</governor>
            <dependent idx="43">IN</dependent>
          </dep>
          <dep type="compound">
            <governor idx="46">ELENA</governor>
            <dependent idx="44">FINCA</dependent>
          </dep>
          <dep type="compound">
            <governor idx="46">ELENA</governor>
            <dependent idx="45">SANTA</dependent>
          </dep>
          <dep type="nmod:in">
            <governor idx="42">COMPANY</governor>
            <dependent idx="46">ELENA</dependent>
          </dep>
          <dep type="compound">
            <governor idx="49">TECLA</governor>
            <dependent idx="48">SANTA</dependent>
          </dep>
          <dep type="appos">
            <governor idx="46">ELENA</governor>
            <dependent idx="49">TECLA</dependent>
          </dep>
          <dep type="case">
            <governor idx="53">SALVADOR</governor>
            <dependent idx="51">NEAR</dependent>
          </dep>
          <dep type="compound">
            <governor idx="53">SALVADOR</governor>
            <dependent idx="52">SAN</dependent>
          </dep>
          <dep type="nmod:near">
            <governor idx="42">COMPANY</governor>
            <dependent idx="53">SALVADOR</dependent>
          </dep>
          <dep type="dep">
            <governor idx="42">COMPANY</governor>
            <dependent idx="55">KILLING</dependent>
          </dep>
          <dep type="dobj">
            <governor idx="55">KILLING</governor>
            <dependent idx="56">THREE</dependent>
          </dep>
          <dep type="cc">
            <governor idx="55">KILLING</governor>
            <dependent idx="57">AND</dependent>
          </dep>
          <dep type="conj:and">
            <governor idx="55">KILLING</governor>
            <dependent idx="58">WOUNDING</dependent>
          </dep>
          <dep type="nummod">
            <governor idx="61">TROOPS</governor>
            <dependent idx="59">FOUR</dependent>
          </dep>
          <dep type="compound">
            <governor idx="61">TROOPS</governor>
            <dependent idx="60">ENEMY</dependent>
          </dep>
          <dep type="dobj">
            <governor idx="58">WOUNDING</governor>
            <dependent idx="61">TROOPS</dependent>
          </dep>
          <dep type="case">
            <governor idx="66">LEADER</governor>
            <dependent idx="63">INCLUDING</dependent>
          </dep>
          <dep type="det">
            <governor idx="66">LEADER</governor>
            <dependent idx="64">THE</dependent>
          </dep>
          <dep type="compound">
            <governor idx="66">LEADER</governor>
            <dependent idx="65">PATROL</dependent>
          </dep>
          <dep type="nmod:including">
            <governor idx="42">COMPANY</governor>
            <dependent idx="66">LEADER</dependent>
          </dep>
          <dep type="nsubj">
            <governor idx="70">THOSE</governor>
            <dependent idx="67">WHO</dependent>
          </dep>
          <dep type="cop">
            <governor idx="70">THOSE</governor>
            <dependent idx="68">WAS</dependent>
          </dep>
          <dep type="case">
            <governor idx="70">THOSE</governor>
            <dependent idx="69">AMONG</dependent>
          </dep>
          <dep type="acl:relcl">
            <governor idx="66">LEADER</governor>
            <dependent idx="70">THOSE</dependent>
          </dep>
          <dep type="acl">
            <governor idx="70">THOSE</governor>
            <dependent idx="71">KILLED</dependent>
          </dep>
        </dependencies>
        <dependencies type="collapsed-ccprocessed-dependencies">
          <dep type="root">
            <governor idx="0">ROOT</governor>
            <dependent idx="21">INDICATES</dependent>
          </dep>
          <dep type="nsubj">
            <governor idx="21">INDICATES</governor>
            <dependent idx="1">DEV-MUC3-0005</dependent>
          </dep>
          <dep type="appos">
            <governor idx="1">DEV-MUC3-0005</governor>
            <dependent idx="3">NOSC</dependent>
          </dep>
          <dep type="dep">
            <governor idx="1">DEV-MUC3-0005</governor>
            <dependent idx="5">CLANDESTINE</dependent>
          </dep>
          <dep type="nummod">
            <governor idx="8">JAN</governor>
            <dependent idx="7">8</dependent>
          </dep>
          <dep type="appos">
            <governor idx="1">DEV-MUC3-0005</governor>
            <dependent idx="8">JAN</dependent>
          </dep>
          <dep type="nummod">
            <governor idx="8">JAN</governor>
            <dependent idx="9">90</dependent>
          </dep>
          <dep type="compound">
            <governor idx="12">VENCEREMOS</governor>
            <dependent idx="11">RADIO</dependent>
          </dep>
          <dep type="appos">
            <governor idx="8">JAN</governor>
            <dependent idx="12">VENCEREMOS</dependent>
          </dep>
          <dep type="nsubj">
            <governor idx="21">INDICATES</governor>
            <dependent idx="16">TEXT</dependent>
          </dep>
          <dep type="det">
            <governor idx="20">BULLETIN</governor>
            <dependent idx="18">A</dependent>
          </dep>
          <dep type="compound">
            <governor idx="20">BULLETIN</governor>
            <dependent idx="19">WAR</dependent>
          </dep>
          <dep type="nmod">
            <governor idx="16">TEXT</governor>
            <dependent idx="20">BULLETIN</dependent>
          </dep>
          <dep type="mark">
            <governor idx="38">CLASHED</governor>
            <dependent idx="22">THAT</dependent>
          </dep>
          <dep type="case">
            <governor idx="24">6</governor>
            <dependent idx="23">ON</dependent>
          </dep>
          <dep type="nmod:on">
            <governor idx="38">CLASHED</governor>
            <dependent idx="24">6</dependent>
          </dep>
          <dep type="nmod:tmod">
            <governor idx="24">6</governor>
            <dependent idx="25">JANUARY</dependent>
          </dep>
          <dep type="case">
            <governor idx="27">1625</governor>
            <dependent idx="26">AT</dependent>
          </dep>
          <dep type="nmod:at">
            <governor idx="24">6</governor>
            <dependent idx="27">1625</dependent>
          </dep>
          <dep type="appos">
            <governor idx="24">6</governor>
            <dependent idx="29">FMLN</dependent>
          </dep>
          <dep type="dep">
            <governor idx="24">6</governor>
            <dependent idx="31">FARABUNDO</dependent>
          </dep>
          <dep type="compound">
            <governor idx="37">TROOPS</governor>
            <dependent idx="32">MARTI</dependent>
          </dep>
          <dep type="compound">
            <governor idx="37">TROOPS</governor>
            <dependent idx="33">NATIONAL</dependent>
          </dep>
          <dep type="compound">
            <governor idx="37">TROOPS</governor>
            <dependent idx="34">LIBERATION</dependent>
          </dep>
          <dep type="compound">
            <governor idx="37">TROOPS</governor>
            <dependent idx="35">FRONT</dependent>
          </dep>
          <dep type="nsubj">
            <governor idx="38">CLASHED</governor>
            <dependent idx="37">TROOPS</dependent>
          </dep>
          <dep type="ccomp">
            <governor idx="21">INDICATES</governor>
            <dependent idx="38">CLASHED</dependent>
          </dep>
          <dep type="case">
            <governor idx="42">COMPANY</governor>
            <dependent idx="39">WITH</dependent>
          </dep>
          <dep type="det">
            <governor idx="42">COMPANY</governor>
            <dependent idx="40">THE</dependent>
          </dep>
          <dep type="compound">
            <governor idx="42">COMPANY</governor>
            <dependent idx="41">CAVALRY</dependent>
          </dep>
          <dep type="nmod:with">
            <governor idx="38">CLASHED</governor>
            <dependent idx="42">COMPANY</dependent>
          </dep>
          <dep type="case">
            <governor idx="46">ELENA</governor>
            <dependent idx="43">IN</dependent>
          </dep>
          <dep type="compound">
            <governor idx="46">ELENA</governor>
            <dependent idx="44">FINCA</dependent>
          </dep>
          <dep type="compound">
            <governor idx="46">ELENA</governor>
            <dependent idx="45">SANTA</dependent>
          </dep>
          <dep type="nmod:in">
            <governor idx="42">COMPANY</governor>
            <dependent idx="46">ELENA</dependent>
          </dep>
          <dep type="compound">
            <governor idx="49">TECLA</governor>
            <dependent idx="48">SANTA</dependent>
          </dep>
          <dep type="appos">
            <governor idx="46">ELENA</governor>
            <dependent idx="49">TECLA</dependent>
          </dep>
          <dep type="case">
            <governor idx="53">SALVADOR</governor>
            <dependent idx="51">NEAR</dependent>
          </dep>
          <dep type="compound">
            <governor idx="53">SALVADOR</governor>
            <dependent idx="52">SAN</dependent>
          </dep>
          <dep type="nmod:near">
            <governor idx="42">COMPANY</governor>
            <dependent idx="53">SALVADOR</dependent>
          </dep>
          <dep type="dep">
            <governor idx="42">COMPANY</governor>
            <dependent idx="55">KILLING</dependent>
          </dep>
          <dep type="dobj">
            <governor idx="55">KILLING</governor>
            <dependent idx="56">THREE</dependent>
          </dep>
          <dep type="cc">
            <governor idx="55">KILLING</governor>
            <dependent idx="57">AND</dependent>
          </dep>
          <dep type="dep" extra="true">
            <governor idx="42">COMPANY</governor>
            <dependent idx="58">WOUNDING</dependent>
          </dep>
          <dep type="conj:and">
            <governor idx="55">KILLING</governor>
            <dependent idx="58">WOUNDING</dependent>
          </dep>
          <dep type="nummod">
            <governor idx="61">TROOPS</governor>
            <dependent idx="59">FOUR</dependent>
          </dep>
          <dep type="compound">
            <governor idx="61">TROOPS</governor>
            <dependent idx="60">ENEMY</dependent>
          </dep>
          <dep type="dobj">
            <governor idx="58">WOUNDING</governor>
            <dependent idx="61">TROOPS</dependent>
          </dep>
          <dep type="case">
            <governor idx="66">LEADER</governor>
            <dependent idx="63">INCLUDING</dependent>
          </dep>
          <dep type="det">
            <governor idx="66">LEADER</governor>
            <dependent idx="64">THE</dependent>
          </dep>
          <dep type="compound">
            <governor idx="66">LEADER</governor>
            <dependent idx="65">PATROL</dependent>
          </dep>
          <dep type="nmod:including">
            <governor idx="42">COMPANY</governor>
            <dependent idx="66">LEADER</dependent>
          </dep>
          <dep type="nsubj">
            <governor idx="70">THOSE</governor>
            <dependent idx="67">WHO</dependent>
          </dep>
          <dep type="cop">
            <governor idx="70">THOSE</governor>
            <dependent idx="68">WAS</dependent>
          </dep>
          <dep type="case">
            <governor idx="70">THOSE</governor>
            <dependent idx="69">AMONG</dependent>
          </dep>
          <dep type="acl:relcl">
            <governor idx="66">LEADER</governor>
            <dependent idx="70">THOSE</dependent>
          </dep>
          <dep type="acl">
            <governor idx="70">THOSE</governor>
            <dependent idx="71">KILLED</dependent>
          </dep>
        </dependencies>
      </sentence>
      <sentence id="2">
        <tokens>
          <token id="1">
            <word>OUR</word>
            <lemma>we</lemma>
            <CharacterOffsetBegin>373</CharacterOffsetBegin>
            <CharacterOffsetEnd>376</CharacterOffsetEnd>
            <POS>PRP$</POS>
            <NER>O</NER>
            <Speaker>PER0</Speaker>
          </token>
          <token id="2">
            <word>TROOPS</word>
            <lemma>troops</lemma>
            <CharacterOffsetBegin>377</CharacterOffsetBegin>
            <CharacterOffsetEnd>383</CharacterOffsetEnd>
            <POS>NNS</POS>
            <NER>O</NER>
            <Speaker>PER0</Speaker>
          </token>
          <token id="3">
            <word>SEIZED</word>
            <lemma>seize</lemma>
            <CharacterOffsetBegin>384</CharacterOffsetBegin>
            <CharacterOffsetEnd>390</CharacterOffsetEnd>
            <POS>VBD</POS>
            <NER>O</NER>
            <Speaker>PER0</Speaker>
          </token>
          <token id="4">
            <word>AN</word>
            <lemma>a</lemma>
            <CharacterOffsetBegin>391</CharacterOffsetBegin>
            <CharacterOffsetEnd>393</CharacterOffsetEnd>
            <POS>DT</POS>
            <NER>O</NER>
            <Speaker>PER0</Speaker>
          </token>
          <token id="5">
            <word>M-14</word>
            <lemma>m-14</lemma>
            <CharacterOffsetBegin>394</CharacterOffsetBegin>
            <CharacterOffsetEnd>398</CharacterOffsetEnd>
            <POS>NN</POS>
            <NER>O</NER>
            <Speaker>PER0</Speaker>
          </token>
          <token id="6">
            <word>RIFLE</word>
            <lemma>rifle</lemma>
            <CharacterOffsetBegin>399</CharacterOffsetBegin>
            <CharacterOffsetEnd>404</CharacterOffsetEnd>
            <POS>NN</POS>
            <NER>O</NER>
            <Speaker>PER0</Speaker>
          </token>
          <token id="7">
            <word>FROM</word>
            <lemma>from</lemma>
            <CharacterOffsetBegin>405</CharacterOffsetBegin>
            <CharacterOffsetEnd>409</CharacterOffsetEnd>
            <POS>IN</POS>
            <NER>O</NER>
            <Speaker>PER0</Speaker>
          </token>
          <token id="8">
            <word>THE</word>
            <lemma>the</lemma>
            <CharacterOffsetBegin>410</CharacterOffsetBegin>
            <CharacterOffsetEnd>413</CharacterOffsetEnd>
            <POS>DT</POS>
            <NER>O</NER>
            <Speaker>PER0</Speaker>
          </token>
          <token id="9">
            <word>ENEMY</word>
            <lemma>enemy</lemma>
            <CharacterOffsetBegin>414</CharacterOffsetBegin>
            <CharacterOffsetEnd>419</CharacterOffsetEnd>
            <POS>NN</POS>
            <NER>O</NER>
            <Speaker>PER0</Speaker>
          </token>
          <token id="10">
            <word>,</word>
            <lemma>,</lemma>
            <CharacterOffsetBegin>419</CharacterOffsetBegin>
            <CharacterOffsetEnd>420</CharacterOffsetEnd>
            <POS>,</POS>
            <NER>O</NER>
            <Speaker>PER0</Speaker>
          </token>
          <token id="11">
            <word>3,000</word>
            <lemma>3,000</lemma>
            <CharacterOffsetBegin>421</CharacterOffsetBegin>
            <CharacterOffsetEnd>426</CharacterOffsetEnd>
            <POS>CD</POS>
            <NER>NUMBER</NER>
            <NormalizedNER>3000.0</NormalizedNER>
            <Speaker>PER0</Speaker>
          </token>
          <token id="12">
            <word>CARTRIDGES</word>
            <lemma>cartridge</lemma>
            <CharacterOffsetBegin>427</CharacterOffsetBegin>
            <CharacterOffsetEnd>437</CharacterOffsetEnd>
            <POS>NNS</POS>
            <NER>O</NER>
            <Speaker>PER0</Speaker>
          </token>
          <token id="13">
            <word>FOR</word>
            <lemma>for</lemma>
            <CharacterOffsetBegin>438</CharacterOffsetBegin>
            <CharacterOffsetEnd>441</CharacterOffsetEnd>
            <POS>IN</POS>
            <NER>O</NER>
            <Speaker>PER0</Speaker>
          </token>
          <token id="14">
            <word>A</word>
            <lemma>a</lemma>
            <CharacterOffsetBegin>442</CharacterOffsetBegin>
            <CharacterOffsetEnd>443</CharacterOffsetEnd>
            <POS>DT</POS>
            <NER>O</NER>
            <Speaker>PER0</Speaker>
          </token>
          <token id="15">
            <word>7.62-MM</word>
            <lemma>7.62-mm</lemma>
            <CharacterOffsetBegin>444</CharacterOffsetBegin>
            <CharacterOffsetEnd>451</CharacterOffsetEnd>
            <POS>JJ</POS>
            <NER>O</NER>
            <Speaker>PER0</Speaker>
          </token>
          <token id="16">
            <word>RIFLE</word>
            <lemma>rifle</lemma>
            <CharacterOffsetBegin>452</CharacterOffsetBegin>
            <CharacterOffsetEnd>457</CharacterOffsetEnd>
            <POS>NN</POS>
            <NER>O</NER>
            <Speaker>PER0</Speaker>
          </token>
          <token id="17">
            <word>,</word>
            <lemma>,</lemma>
            <CharacterOffsetBegin>457</CharacterOffsetBegin>
            <CharacterOffsetEnd>458</CharacterOffsetEnd>
            <POS>,</POS>
            <NER>O</NER>
            <Speaker>PER0</Speaker>
          </token>
          <token id="18">
            <word>FIVE</word>
            <lemma>five</lemma>
            <CharacterOffsetBegin>459</CharacterOffsetBegin>
            <CharacterOffsetEnd>463</CharacterOffsetEnd>
            <POS>CD</POS>
            <NER>NUMBER</NER>
            <NormalizedNER>5.0</NormalizedNER>
            <Speaker>PER0</Speaker>
          </token>
          <token id="19">
            <word>KNAPSACKS</word>
            <lemma>knapsack</lemma>
            <CharacterOffsetBegin>464</CharacterOffsetBegin>
            <CharacterOffsetEnd>473</CharacterOffsetEnd>
            <POS>NNS</POS>
            <NER>O</NER>
            <Speaker>PER0</Speaker>
          </token>
          <token id="20">
            <word>,</word>
            <lemma>,</lemma>
            <CharacterOffsetBegin>473</CharacterOffsetBegin>
            <CharacterOffsetEnd>474</CharacterOffsetEnd>
            <POS>,</POS>
            <NER>O</NER>
            <Speaker>PER0</Speaker>
          </token>
          <token id="21">
            <word>SIX</word>
            <lemma>six</lemma>
            <CharacterOffsetBegin>475</CharacterOffsetBegin>
            <CharacterOffsetEnd>478</CharacterOffsetEnd>
            <POS>CD</POS>
            <NER>NUMBER</NER>
            <NormalizedNER>6.0</NormalizedNER>
            <Speaker>PER0</Speaker>
          </token>
          <token id="22">
            <word>GRENADES</word>
            <lemma>grenade</lemma>
            <CharacterOffsetBegin>479</CharacterOffsetBegin>
            <CharacterOffsetEnd>487</CharacterOffsetEnd>
            <POS>NNS</POS>
            <NER>O</NER>
            <Speaker>PER0</Speaker>
          </token>
          <token id="23">
            <word>,</word>
            <lemma>,</lemma>
            <CharacterOffsetBegin>487</CharacterOffsetBegin>
            <CharacterOffsetEnd>488</CharacterOffsetEnd>
            <POS>,</POS>
            <NER>O</NER>
            <Speaker>PER0</Speaker>
          </token>
          <token id="24">
            <word>AND</word>
            <lemma>and</lemma>
            <CharacterOffsetBegin>489</CharacterOffsetBegin>
            <CharacterOffsetEnd>492</CharacterOffsetEnd>
            <POS>CC</POS>
            <NER>O</NER>
            <Speaker>PER0</Speaker>
          </token>
          <token id="25">
            <word>FIELD</word>
            <lemma>field</lemma>
            <CharacterOffsetBegin>493</CharacterOffsetBegin>
            <CharacterOffsetEnd>498</CharacterOffsetEnd>
            <POS>NN</POS>
            <NER>O</NER>
            <Speaker>PER0</Speaker>
          </token>
          <token id="26">
            <word>EQUIPMENT</word>
            <lemma>equipment</lemma>
            <CharacterOffsetBegin>499</CharacterOffsetBegin>
            <CharacterOffsetEnd>508</CharacterOffsetEnd>
            <POS>NN</POS>
            <NER>O</NER>
            <Speaker>PER0</Speaker>
          </token>
          <token id="27">
            <word>.</word>
            <lemma>.</lemma>
            <CharacterOffsetBegin>508</CharacterOffsetBegin>
            <CharacterOffsetEnd>509</CharacterOffsetEnd>
            <POS>.</POS>
            <NER>O</NER>
            <Speaker>PER0</Speaker>
          </token>
        </tokens>
        <parse>(ROOT (S (NP (PRP$ OUR) (NNS TROOPS)) (VP (VBD SEIZED) (NP (DT AN) (NN M-14) (NN RIFLE)) (PP (IN FROM) (NP (NP (DT THE) (NN ENEMY)) (, ,) (NP (CD 3,000) (NNS CARTRIDGES)))) (PP (IN FOR) (NP (NP (DT A) (JJ 7.62-MM) (NN RIFLE)) (, ,) (NP (CD FIVE) (NNS KNAPSACKS)) (, ,) (NP (CD SIX) (NNS GRENADES)) (, ,) (CC AND) (NP (NN FIELD) (NN EQUIPMENT))))) (. .))) </parse>
        <dependencies type="basic-dependencies">
          <dep type="root">
            <governor idx="0">ROOT</governor>
            <dependent idx="3">SEIZED</dependent>
          </dep>
          <dep type="nmod:poss">
            <governor idx="2">TROOPS</governor>
            <dependent idx="1">OUR</dependent>
          </dep>
          <dep type="nsubj">
            <governor idx="3">SEIZED</governor>
            <dependent idx="2">TROOPS</dependent>
          </dep>
          <dep type="det">
            <governor idx="6">RIFLE</governor>
            <dependent idx="4">AN</dependent>
          </dep>
          <dep type="compound">
            <governor idx="6">RIFLE</governor>
            <dependent idx="5">M-14</dependent>
          </dep>
          <dep type="dobj">
            <governor idx="3">SEIZED</governor>
            <dependent idx="6">RIFLE</dependent>
          </dep>
          <dep type="case">
            <governor idx="9">ENEMY</governor>
            <dependent idx="7">FROM</dependent>
          </dep>
          <dep type="det">
            <governor idx="9">ENEMY</governor>
            <dependent idx="8">THE</dependent>
          </dep>
          <dep type="nmod">
            <governor idx="3">SEIZED</governor>
            <dependent idx="9">ENEMY</dependent>
          </dep>
          <dep type="nummod">
            <governor idx="12">CARTRIDGES</governor>
            <dependent idx="11">3,000</dependent>
          </dep>
          <dep type="appos">
            <governor idx="9">ENEMY</governor>
            <dependent idx="12">CARTRIDGES</dependent>
          </dep>
          <dep type="case">
            <governor idx="16">RIFLE</governor>
            <dependent idx="13">FOR</dependent>
          </dep>
          <dep type="det">
            <governor idx="16">RIFLE</governor>
            <dependent idx="14">A</dependent>
          </dep>
          <dep type="amod">
            <governor idx="16">RIFLE</governor>
            <dependent idx="15">7.62-MM</dependent>
          </dep>
          <dep type="nmod">
            <governor idx="3">SEIZED</governor>
            <dependent idx="16">RIFLE</dependent>
          </dep>
          <dep type="nummod">
            <governor idx="19">KNAPSACKS</governor>
            <dependent idx="18">FIVE</dependent>
          </dep>
          <dep type="conj">
            <governor idx="16">RIFLE</governor>
            <dependent idx="19">KNAPSACKS</dependent>
          </dep>
          <dep type="nummod">
            <governor idx="22">GRENADES</governor>
            <dependent idx="21">SIX</dependent>
          </dep>
          <dep type="conj">
            <governor idx="16">RIFLE</governor>
            <dependent idx="22">GRENADES</dependent>
          </dep>
          <dep type="cc">
            <governor idx="16">RIFLE</governor>
            <dependent idx="24">AND</dependent>
          </dep>
          <dep type="compound">
            <governor idx="26">EQUIPMENT</governor>
            <dependent idx="25">FIELD</dependent>
          </dep>
          <dep type="conj">
            <governor idx="16">RIFLE</governor>
            <dependent idx="26">EQUIPMENT</dependent>
          </dep>
        </dependencies>
        <dependencies type="collapsed-dependencies">
          <dep type="root">
            <governor idx="0">ROOT</governor>
            <dependent idx="3">SEIZED</dependent>
          </dep>
          <dep type="nmod:poss">
            <governor idx="2">TROOPS</governor>
            <dependent idx="1">OUR</dependent>
          </dep>
          <dep type="nsubj">
            <governor idx="3">SEIZED</governor>
            <dependent idx="2">TROOPS</dependent>
          </dep>
          <dep type="det">
            <governor idx="6">RIFLE</governor>
            <dependent idx="4">AN</dependent>
          </dep>
          <dep type="compound">
            <governor idx="6">RIFLE</governor>
            <dependent idx="5">M-14</dependent>
          </dep>
          <dep type="dobj">
            <governor idx="3">SEIZED</governor>
            <dependent idx="6">RIFLE</dependent>
          </dep>
          <dep type="case">
            <governor idx="9">ENEMY</governor>
            <dependent idx="7">FROM</dependent>
          </dep>
          <dep type="det">
            <governor idx="9">ENEMY</governor>
            <dependent idx="8">THE</dependent>
          </dep>
          <dep type="nmod:from">
            <governor idx="3">SEIZED</governor>
            <dependent idx="9">ENEMY</dependent>
          </dep>
          <dep type="nummod">
            <governor idx="12">CARTRIDGES</governor>
            <dependent idx="11">3,000</dependent>
          </dep>
          <dep type="appos">
            <governor idx="9">ENEMY</governor>
            <dependent idx="12">CARTRIDGES</dependent>
          </dep>
          <dep type="case">
            <governor idx="16">RIFLE</governor>
            <dependent idx="13">FOR</dependent>
          </dep>
          <dep type="det">
            <governor idx="16">RIFLE</governor>
            <dependent idx="14">A</dependent>
          </dep>
          <dep type="amod">
            <governor idx="16">RIFLE</governor>
            <dependent idx="15">7.62-MM</dependent>
          </dep>
          <dep type="nmod:for">
            <governor idx="3">SEIZED</governor>
            <dependent idx="16">RIFLE</dependent>
          </dep>
          <dep type="nummod">
            <governor idx="19">KNAPSACKS</governor>
            <dependent idx="18">FIVE</dependent>
          </dep>
          <dep type="conj:and">
            <governor idx="16">RIFLE</governor>
            <dependent idx="19">KNAPSACKS</dependent>
          </dep>
          <dep type="nummod">
            <governor idx="22">GRENADES</governor>
            <dependent idx="21">SIX</dependent>
          </dep>
          <dep type="conj:and">
            <governor idx="16">RIFLE</governor>
            <dependent idx="22">GRENADES</dependent>
          </dep>
          <dep type="cc">
            <governor idx="16">RIFLE</governor>
            <dependent idx="24">AND</dependent>
          </dep>
          <dep type="compound">
            <governor idx="26">EQUIPMENT</governor>
            <dependent idx="25">FIELD</dependent>
          </dep>
          <dep type="conj:and">
            <governor idx="16">RIFLE</governor>
            <dependent idx="26">EQUIPMENT</dependent>
          </dep>
        </dependencies>
        <dependencies type="collapsed-ccprocessed-dependencies">
          <dep type="root">
            <governor idx="0">ROOT</governor>
            <dependent idx="3">SEIZED</dependent>
          </dep>
          <dep type="nmod:poss">
            <governor idx="2">TROOPS</governor>
            <dependent idx="1">OUR</dependent>
          </dep>
          <dep type="nsubj">
            <governor idx="3">SEIZED</governor>
            <dependent idx="2">TROOPS</dependent>
          </dep>
          <dep type="det">
            <governor idx="6">RIFLE</governor>
            <dependent idx="4">AN</dependent>
          </dep>
          <dep type="compound">
            <governor idx="6">RIFLE</governor>
            <dependent idx="5">M-14</dependent>
          </dep>
          <dep type="dobj">
            <governor idx="3">SEIZED</governor>
            <dependent idx="6">RIFLE</dependent>
          </dep>
          <dep type="case">
            <governor idx="9">ENEMY</governor>
            <dependent idx="7">FROM</dependent>
          </dep>
          <dep type="det">
            <governor idx="9">ENEMY</governor>
            <dependent idx="8">THE</dependent>
          </dep>
          <dep type="nmod:from">
            <governor idx="3">SEIZED</governor>
            <dependent idx="9">ENEMY</dependent>
          </dep>
          <dep type="nummod">
            <governor idx="12">CARTRIDGES</governor>
            <dependent idx="11">3,000</dependent>
          </dep>
          <dep type="appos">
            <governor idx="9">ENEMY</governor>
            <dependent idx="12">CARTRIDGES</dependent>
          </dep>
          <dep type="case">
            <governor idx="16">RIFLE</governor>
            <dependent idx="13">FOR</dependent>
          </dep>
          <dep type="det">
            <governor idx="16">RIFLE</governor>
            <dependent idx="14">A</dependent>
          </dep>
          <dep type="amod">
            <governor idx="16">RIFLE</governor>
            <dependent idx="15">7.62-MM</dependent>
          </dep>
          <dep type="nmod:for">
            <governor idx="3">SEIZED</governor>
            <dependent idx="16">RIFLE</dependent>
          </dep>
          <dep type="nummod">
            <governor idx="19">KNAPSACKS</governor>
            <dependent idx="18">FIVE</dependent>
          </dep>
          <dep type="nmod:for" extra="true">
            <governor idx="3">SEIZED</governor>
            <dependent idx="19">KNAPSACKS</dependent>
          </dep>
          <dep type="conj:and">
            <governor idx="16">RIFLE</governor>
            <dependent idx="19">KNAPSACKS</dependent>
          </dep>
          <dep type="nummod">
            <governor idx="22">GRENADES</governor>
            <dependent idx="21">SIX</dependent>
          </dep>
          <dep type="nmod:for" extra="true">
            <governor idx="3">SEIZED</governor>
            <dependent idx="22">GRENADES</dependent>
          </dep>
          <dep type="conj:and">
            <governor idx="16">RIFLE</governor>
            <dependent idx="22">GRENADES</dependent>
          </dep>
          <dep type="cc">
            <governor idx="16">RIFLE</governor>
            <dependent idx="24">AND</dependent>
          </dep>
          <dep type="compound">
            <governor idx="26">EQUIPMENT</governor>
            <dependent idx="25">FIELD</dependent>
          </dep>
          <dep type="nmod:for" extra="true">
            <governor idx="3">SEIZED</governor>
            <dependent idx="26">EQUIPMENT</dependent>
          </dep>
          <dep type="conj:and">
            <governor idx="16">RIFLE</governor>
            <dependent idx="26">EQUIPMENT</dependent>
          </dep>
        </dependencies>
      </sentence>
    </sentences>
    <coreference>
      <coreference>
        <mention representative="true">
          <sentence>1</sentence>
          <start>7</start>
          <end>14</end>
          <head>8</head>
          <text>8 JAN 90 -LRB- RADIO VENCEREMOS -RRB-</text>
        </mention>
        <mention>
          <sentence>1</sentence>
          <start>5</start>
          <end>6</end>
          <head>5</head>
          <text>CLANDESTINE</text>
        </mention>
      </coreference>
      <coreference>
        <mention representative="true">
          <sentence>1</sentence>
          <start>32</start>
          <end>38</end>
          <head>37</head>
          <text>MARTI NATIONAL LIBERATION FRONT -RSB- TROOPS</text>
        </mention>
        <mention>
          <sentence>2</sentence>
          <start>1</start>
          <end>3</end>
          <head>2</head>
          <text>OUR TROOPS</text>
        </mention>
      </coreference>
    </coreference>
  </document>
</root>
