<?xml version="1.0" encoding="ASCII"?>
<?xml-stylesheet href="CoreNLP-to-HTML.xsl" type="text/xsl"?>
<root>
  <document>
    <sentences>
      <sentence id="1">
        <tokens>
          <token id="1">
            <word>DEV-MUC3-0009</word>
            <lemma>dev-muc3-0009</lemma>
            <CharacterOffsetBegin>0</CharacterOffsetBegin>
            <CharacterOffsetEnd>13</CharacterOffsetEnd>
            <POS>NN</POS>
            <NER>O</NER>
            <Speaker>PER0</Speaker>
          </token>
          <token id="2">
            <word>-LRB-</word>
            <lemma>-lrb-</lemma>
            <CharacterOffsetBegin>14</CharacterOffsetBegin>
            <CharacterOffsetEnd>15</CharacterOffsetEnd>
            <POS>-LRB-</POS>
            <NER>O</NER>
            <Speaker>PER0</Speaker>
          </token>
          <token id="3">
            <word>NOSC</word>
            <lemma>nosc</lemma>
            <CharacterOffsetBegin>15</CharacterOffsetBegin>
            <CharacterOffsetEnd>19</CharacterOffsetEnd>
            <POS>NN</POS>
            <NER>ORGANIZATION</NER>
            <Speaker>PER0</Speaker>
          </token>
          <token id="4">
            <word>-RRB-</word>
            <lemma>-rrb-</lemma>
            <CharacterOffsetBegin>19</CharacterOffsetBegin>
            <CharacterOffsetEnd>20</CharacterOffsetEnd>
            <POS>-RRB-</POS>
            <NER>O</NER>
            <Speaker>PER0</Speaker>
          </token>
          <token id="5">
            <word>MEDELLIN</word>
            <lemma>MEDELLIN</lemma>
            <CharacterOffsetBegin>25</CharacterOffsetBegin>
            <CharacterOffsetEnd>33</CharacterOffsetEnd>
            <POS>NNP</POS>
            <NER>LOCATION</NER>
            <Speaker>PER0</Speaker>
          </token>
          <token id="6">
            <word>,</word>
            <lemma>,</lemma>
            <CharacterOffsetBegin>33</CharacterOffsetBegin>
            <CharacterOffsetEnd>34</CharacterOffsetEnd>
            <POS>,</POS>
            <NER>O</NER>
            <Speaker>PER0</Speaker>
          </token>
          <token id="7">
            <word>9</word>
            <lemma>9</lemma>
            <CharacterOffsetBegin>35</CharacterOffsetBegin>
            <CharacterOffsetEnd>36</CharacterOffsetEnd>
            <POS>CD</POS>
            <NER>DATE</NER>
            <NormalizedNER>XXXX-01-09</NormalizedNER>
            <Speaker>PER0</Speaker>
            <Timex tid="t1" type="DATE">XXXX-01-09</Timex>
          </token>
          <token id="8">
            <word>JAN</word>
            <lemma>JAN</lemma>
            <CharacterOffsetBegin>37</CharacterOffsetBegin>
            <CharacterOffsetEnd>40</CharacterOffsetEnd>
            <POS>NNP</POS>
            <NER>DATE</NER>
            <NormalizedNER>XXXX-01-09</NormalizedNER>
            <Speaker>PER0</Speaker>
            <Timex tid="t1" type="DATE">XXXX-01-09</Timex>
          </token>
          <token id="9">
            <word>90</word>
            <lemma>90</lemma>
            <CharacterOffsetBegin>41</CharacterOffsetBegin>
            <CharacterOffsetEnd>43</CharacterOffsetEnd>
            <POS>CD</POS>
            <NER>NUMBER</NER>
            <NormalizedNER>90.0</NormalizedNER>
            <Speaker>PER0</Speaker>
          </token>
          <token id="10">
            <word>--</word>
            <lemma>--</lemma>
            <CharacterOffsetBegin>44</CharacterOffsetBegin>
            <CharacterOffsetEnd>46</CharacterOffsetEnd>
            <POS>:</POS>
            <NER>O</NER>
            <Speaker>PER0</Speaker>
          </token>
          <token id="11">
            <word>-LSB-</word>
            <lemma>-lsb-</lemma>
            <CharacterOffsetBegin>47</CharacterOffsetBegin>
            <CharacterOffsetEnd>48</CharacterOffsetEnd>
            <POS>-LRB-</POS>
            <NER>O</NER>
            <Speaker>PER0</Speaker>
          </token>
          <token id="12">
            <word>TEXT</word>
            <lemma>text</lemma>
            <CharacterOffsetBegin>48</CharacterOffsetBegin>
            <CharacterOffsetEnd>52</CharacterOffsetEnd>
            <POS>NN</POS>
            <NER>O</NER>
            <Speaker>PER0</Speaker>
          </token>
          <token id="13">
            <word>-RSB-</word>
            <lemma>-rsb-</lemma>
            <CharacterOffsetBegin>52</CharacterOffsetBegin>
            <CharacterOffsetEnd>53</CharacterOffsetEnd>
            <POS>-RRB-</POS>
            <NER>O</NER>
            <Speaker>PER0</Speaker>
          </token>
          <token id="14">
            <word>THE</word>
            <lemma>the</lemma>
            <CharacterOffsetBegin>54</CharacterOffsetBegin>
            <CharacterOffsetEnd>57</CharacterOffsetEnd>
            <POS>DT</POS>
            <NER>O</NER>
            <Speaker>PER0</Speaker>
          </token>
          <token id="15">
            <word>NATIONAL</word>
            <lemma>NATIONAL</lemma>
            <CharacterOffsetBegin>58</CharacterOffsetBegin>
            <CharacterOffsetEnd>66</CharacterOffsetEnd>
            <POS>NNP</POS>
            <NER>O</NER>
            <Speaker>PER0</Speaker>
          </token>
          <token id="16">
            <word>ARMY</word>
            <lemma>ARMY</lemma>
            <CharacterOffsetBegin>67</CharacterOffsetBegin>
            <CharacterOffsetEnd>71</CharacterOffsetEnd>
            <POS>NNP</POS>
            <NER>O</NER>
            <Speaker>PER0</Speaker>
          </token>
          <token id="17">
            <word>WAS</word>
            <lemma>be</lemma>
            <CharacterOffsetBegin>72</CharacterOffsetBegin>
            <CharacterOffsetEnd>75</CharacterOffsetEnd>
            <POS>VBD</POS>
            <NER>O</NER>
            <Speaker>PER0</Speaker>
          </token>
          <token id="18">
            <word>INVOLVED</word>
            <lemma>involve</lemma>
            <CharacterOffsetBegin>76</CharacterOffsetBegin>
            <CharacterOffsetEnd>84</CharacterOffsetEnd>
            <POS>VBN</POS>
            <NER>O</NER>
            <Speaker>PER0</Speaker>
          </token>
          <token id="19">
            <word>IN</word>
            <lemma>in</lemma>
            <CharacterOffsetBegin>85</CharacterOffsetBegin>
            <CharacterOffsetEnd>87</CharacterOffsetEnd>
            <POS>IN</POS>
            <NER>O</NER>
            <Speaker>PER0</Speaker>
          </token>
          <token id="20">
            <word>NEW</word>
            <lemma>new</lemma>
            <CharacterOffsetBegin>88</CharacterOffsetBegin>
            <CharacterOffsetEnd>91</CharacterOffsetEnd>
            <POS>JJ</POS>
            <NER>O</NER>
            <Speaker>PER0</Speaker>
          </token>
          <token id="21">
            <word>CLASHES</word>
            <lemma>clash</lemma>
            <CharacterOffsetBegin>92</CharacterOffsetBegin>
            <CharacterOffsetEnd>99</CharacterOffsetEnd>
            <POS>NNS</POS>
            <NER>O</NER>
            <Speaker>PER0</Speaker>
          </token>
          <token id="22">
            <word>WITHIN</word>
            <lemma>within</lemma>
            <CharacterOffsetBegin>100</CharacterOffsetBegin>
            <CharacterOffsetEnd>106</CharacterOffsetEnd>
            <POS>IN</POS>
            <NER>O</NER>
            <Speaker>PER0</Speaker>
          </token>
          <token id="23">
            <word>THE</word>
            <lemma>the</lemma>
            <CharacterOffsetBegin>107</CharacterOffsetBegin>
            <CharacterOffsetEnd>110</CharacterOffsetEnd>
            <POS>DT</POS>
            <NER>DURATION</NER>
            <NormalizedNER>PTXH</NormalizedNER>
            <Speaker>PER0</Speaker>
            <Timex tid="t2" type="DURATION">PTXH</Timex>
          </token>
          <token id="24">
            <word>PAST</word>
            <lemma>past</lemma>
            <CharacterOffsetBegin>111</CharacterOffsetBegin>
            <CharacterOffsetEnd>115</CharacterOffsetEnd>
            <POS>JJ</POS>
            <NER>DURATION</NER>
            <NormalizedNER>PTXH</NormalizedNER>
            <Speaker>PER0</Speaker>
            <Timex tid="t2" type="DURATION">PTXH</Timex>
          </token>
          <token id="25">
            <word>FEW</word>
            <lemma>few</lemma>
            <CharacterOffsetBegin>116</CharacterOffsetBegin>
            <CharacterOffsetEnd>119</CharacterOffsetEnd>
            <POS>JJ</POS>
            <NER>DURATION</NER>
            <NormalizedNER>PTXH</NormalizedNER>
            <Speaker>PER0</Speaker>
            <Timex tid="t2" type="DURATION">PTXH</Timex>
          </token>
          <token id="26">
            <word>HOURS</word>
            <lemma>hour</lemma>
            <CharacterOffsetBegin>120</CharacterOffsetBegin>
            <CharacterOffsetEnd>125</CharacterOffsetEnd>
            <POS>NNS</POS>
            <NER>DURATION</NER>
            <NormalizedNER>PTXH</NormalizedNER>
            <Speaker>PER0</Speaker>
            <Timex tid="t2" type="DURATION">PTXH</Timex>
          </token>
          <token id="27">
            <word>WITH</word>
            <lemma>with</lemma>
            <CharacterOffsetBegin>126</CharacterOffsetBegin>
            <CharacterOffsetEnd>130</CharacterOffsetEnd>
            <POS>IN</POS>
            <NER>O</NER>
            <Speaker>PER0</Speaker>
          </token>
          <token id="28">
            <word>FARC</word>
            <lemma>farc</lemma>
            <CharacterOffsetBegin>131</CharacterOffsetBegin>
            <CharacterOffsetEnd>135</CharacterOffsetEnd>
            <POS>NN</POS>
            <NER>ORGANIZATION</NER>
            <Speaker>PER0</Speaker>
          </token>
          <token id="29">
            <word>-LSB-</word>
            <lemma>-lsb-</lemma>
            <CharacterOffsetBegin>136</CharacterOffsetBegin>
            <CharacterOffsetEnd>137</CharacterOffsetEnd>
            <POS>-LRB-</POS>
            <NER>O</NER>
            <Speaker>PER0</Speaker>
          </token>
          <token id="30">
            <word>REVOLUTIONARY</word>
            <lemma>revolutionary</lemma>
            <CharacterOffsetBegin>137</CharacterOffsetBegin>
            <CharacterOffsetEnd>150</CharacterOffsetEnd>
            <POS>JJ</POS>
            <NER>ORGANIZATION</NER>
            <Speaker>PER0</Speaker>
          </token>
          <token id="31">
            <word>ARMED</word>
            <lemma>armed</lemma>
            <CharacterOffsetBegin>151</CharacterOffsetBegin>
            <CharacterOffsetEnd>156</CharacterOffsetEnd>
            <POS>JJ</POS>
            <NER>ORGANIZATION</NER>
            <Speaker>PER0</Speaker>
          </token>
          <token id="32">
            <word>FORCES</word>
            <lemma>force</lemma>
            <CharacterOffsetBegin>157</CharacterOffsetBegin>
            <CharacterOffsetEnd>163</CharacterOffsetEnd>
            <POS>NNS</POS>
            <NER>ORGANIZATION</NER>
            <Speaker>PER0</Speaker>
          </token>
          <token id="33">
            <word>OF</word>
            <lemma>of</lemma>
            <CharacterOffsetBegin>164</CharacterOffsetBegin>
            <CharacterOffsetEnd>166</CharacterOffsetEnd>
            <POS>IN</POS>
            <NER>ORGANIZATION</NER>
            <Speaker>PER0</Speaker>
          </token>
          <token id="34">
            <word>COLOMBIA</word>
            <lemma>COLOMBIA</lemma>
            <CharacterOffsetBegin>167</CharacterOffsetBegin>
            <CharacterOffsetEnd>175</CharacterOffsetEnd>
            <POS>NNP</POS>
            <NER>ORGANIZATION</NER>
            <Speaker>PER0</Speaker>
          </token>
          <token id="35">
            <word>-RSB-</word>
            <lemma>-rsb-</lemma>
            <CharacterOffsetBegin>175</CharacterOffsetBegin>
            <CharacterOffsetEnd>176</CharacterOffsetEnd>
            <POS>-RRB-</POS>
            <NER>O</NER>
            <Speaker>PER0</Speaker>
          </token>
          <token id="36">
            <word>AND</word>
            <lemma>and</lemma>
            <CharacterOffsetBegin>177</CharacterOffsetBegin>
            <CharacterOffsetEnd>180</CharacterOffsetEnd>
            <POS>CC</POS>
            <NER>O</NER>
            <Speaker>PER0</Speaker>
          </token>
          <token id="37">
            <word>THE</word>
            <lemma>the</lemma>
            <CharacterOffsetBegin>181</CharacterOffsetBegin>
            <CharacterOffsetEnd>184</CharacterOffsetEnd>
            <POS>DT</POS>
            <NER>O</NER>
            <Speaker>PER0</Speaker>
          </token>
          <token id="38">
            <word>ELN</word>
            <lemma>eln</lemma>
            <CharacterOffsetBegin>185</CharacterOffsetBegin>
            <CharacterOffsetEnd>188</CharacterOffsetEnd>
            <POS>NN</POS>
            <NER>ORGANIZATION</NER>
            <Speaker>PER0</Speaker>
          </token>
          <token id="39">
            <word>-LSB-</word>
            <lemma>-lsb-</lemma>
            <CharacterOffsetBegin>189</CharacterOffsetBegin>
            <CharacterOffsetEnd>190</CharacterOffsetEnd>
            <POS>-LRB-</POS>
            <NER>O</NER>
            <Speaker>PER0</Speaker>
          </token>
          <token id="40">
            <word>ARMY</word>
            <lemma>army</lemma>
            <CharacterOffsetBegin>190</CharacterOffsetBegin>
            <CharacterOffsetEnd>194</CharacterOffsetEnd>
            <POS>NN</POS>
            <NER>ORGANIZATION</NER>
            <Speaker>PER0</Speaker>
          </token>
          <token id="41">
            <word>OF</word>
            <lemma>of</lemma>
            <CharacterOffsetBegin>195</CharacterOffsetBegin>
            <CharacterOffsetEnd>197</CharacterOffsetEnd>
            <POS>IN</POS>
            <NER>ORGANIZATION</NER>
            <Speaker>PER0</Speaker>
          </token>
          <token id="42">
            <word>NATIONAL</word>
            <lemma>national</lemma>
            <CharacterOffsetBegin>198</CharacterOffsetBegin>
            <CharacterOffsetEnd>206</CharacterOffsetEnd>
            <POS>JJ</POS>
            <NER>ORGANIZATION</NER>
            <Speaker>PER0</Speaker>
          </token>
          <token id="43">
            <word>LIBERATION</word>
            <lemma>liberation</lemma>
            <CharacterOffsetBegin>207</CharacterOffsetBegin>
            <CharacterOffsetEnd>217</CharacterOffsetEnd>
            <POS>NN</POS>
            <NER>ORGANIZATION</NER>
            <Speaker>PER0</Speaker>
          </token>
          <token id="44">
            <word>-RSB-</word>
            <lemma>-rsb-</lemma>
            <CharacterOffsetBegin>217</CharacterOffsetBegin>
            <CharacterOffsetEnd>218</CharacterOffsetEnd>
            <POS>-RRB-</POS>
            <NER>O</NER>
            <Speaker>PER0</Speaker>
          </token>
          <token id="45">
            <word>IN</word>
            <lemma>in</lemma>
            <CharacterOffsetBegin>219</CharacterOffsetBegin>
            <CharacterOffsetEnd>221</CharacterOffsetEnd>
            <POS>IN</POS>
            <NER>O</NER>
            <Speaker>PER0</Speaker>
          </token>
          <token id="46">
            <word>THE</word>
            <lemma>the</lemma>
            <CharacterOffsetBegin>222</CharacterOffsetBegin>
            <CharacterOffsetEnd>225</CharacterOffsetEnd>
            <POS>DT</POS>
            <NER>O</NER>
            <Speaker>PER0</Speaker>
          </token>
          <token id="47">
            <word>RURAL</word>
            <lemma>rural</lemma>
            <CharacterOffsetBegin>226</CharacterOffsetBegin>
            <CharacterOffsetEnd>231</CharacterOffsetEnd>
            <POS>JJ</POS>
            <NER>O</NER>
            <Speaker>PER0</Speaker>
          </token>
          <token id="48">
            <word>AREA</word>
            <lemma>area</lemma>
            <CharacterOffsetBegin>232</CharacterOffsetBegin>
            <CharacterOffsetEnd>236</CharacterOffsetEnd>
            <POS>NN</POS>
            <NER>O</NER>
            <Speaker>PER0</Speaker>
          </token>
          <token id="49">
            <word>OF</word>
            <lemma>of</lemma>
            <CharacterOffsetBegin>237</CharacterOffsetBegin>
            <CharacterOffsetEnd>239</CharacterOffsetEnd>
            <POS>IN</POS>
            <NER>O</NER>
            <Speaker>PER0</Speaker>
          </token>
          <token id="50">
            <word>YONDO</word>
            <lemma>yondo</lemma>
            <CharacterOffsetBegin>240</CharacterOffsetBegin>
            <CharacterOffsetEnd>245</CharacterOffsetEnd>
            <POS>NN</POS>
            <NER>LOCATION</NER>
            <Speaker>PER0</Speaker>
          </token>
          <token id="51">
            <word>IN</word>
            <lemma>in</lemma>
            <CharacterOffsetBegin>246</CharacterOffsetBegin>
            <CharacterOffsetEnd>248</CharacterOffsetEnd>
            <POS>IN</POS>
            <NER>O</NER>
            <Speaker>PER0</Speaker>
          </token>
          <token id="52">
            <word>ANTIOQUIA</word>
            <lemma>ANTIOQUIA</lemma>
            <CharacterOffsetBegin>249</CharacterOffsetBegin>
            <CharacterOffsetEnd>258</CharacterOffsetEnd>
            <POS>NNP</POS>
            <NER>LOCATION</NER>
            <Speaker>PER0</Speaker>
          </token>
          <token id="53">
            <word>'S</word>
            <lemma>'s</lemma>
            <CharacterOffsetBegin>258</CharacterOffsetBegin>
            <CharacterOffsetEnd>260</CharacterOffsetEnd>
            <POS>POS</POS>
            <NER>O</NER>
            <Speaker>PER0</Speaker>
          </token>
          <token id="54">
            <word>MIDDLE</word>
            <lemma>middle</lemma>
            <CharacterOffsetBegin>261</CharacterOffsetBegin>
            <CharacterOffsetEnd>267</CharacterOffsetEnd>
            <POS>JJ</POS>
            <NER>LOCATION</NER>
            <Speaker>PER0</Speaker>
          </token>
          <token id="55">
            <word>MAGDALENA</word>
            <lemma>MAGDALENA</lemma>
            <CharacterOffsetBegin>268</CharacterOffsetBegin>
            <CharacterOffsetEnd>277</CharacterOffsetEnd>
            <POS>NNP</POS>
            <NER>LOCATION</NER>
            <Speaker>PER0</Speaker>
          </token>
          <token id="56">
            <word>REGION</word>
            <lemma>region</lemma>
            <CharacterOffsetBegin>278</CharacterOffsetBegin>
            <CharacterOffsetEnd>284</CharacterOffsetEnd>
            <POS>NN</POS>
            <NER>O</NER>
            <Speaker>PER0</Speaker>
          </token>
          <token id="57">
            <word>.</word>
            <lemma>.</lemma>
            <CharacterOffsetBegin>284</CharacterOffsetBegin>
            <CharacterOffsetEnd>285</CharacterOffsetEnd>
            <POS>.</POS>
            <NER>O</NER>
            <Speaker>PER0</Speaker>
          </token>
        </tokens>
        <parse>(ROOT (S (NP (NP (NP (NN DEV-MUC3-0009)) (PRN (-LRB- -LRB-) (NP (NN NOSC)) (-RRB- -RRB-)) (NP (NNP MEDELLIN))) (, ,) (NP (NP (CD 9)) (NP-TMP (NNP JAN) (CD 90))) (: --) (-LRB- -LSB-) (NP (NP (NN TEXT)) (PP (-RRB- -RSB-) (NP (DT THE) (NNP NATIONAL) (NNP ARMY))))) (VP (VBD WAS) (VP (VBN INVOLVED) (PP (IN IN) (NP (JJ NEW) (NNS CLASHES))) (PP (IN WITHIN) (NP (NP (NP (DT THE) (JJ PAST) (JJ FEW) (NNS HOURS)) (PP (IN WITH) (NP (NN FARC)))) (-LRB- -LSB-) (NP (NP (JJ REVOLUTIONARY) (JJ ARMED) (NNS FORCES)) (PP (IN OF) (NP (NNP COLOMBIA) (-RRB- -RSB-)))) (CC AND) (NP (NP (NP (DT THE) (NN ELN) (-LRB- -LSB-)) (NN ARMY)) (PP (IN OF) (NP (JJ NATIONAL) (NN LIBERATION) (-RRB- -RSB-)))))) (PP (IN IN) (NP (NP (DT THE) (JJ RURAL) (NN AREA)) (PP (IN OF) (NP (NP (NN YONDO)) (PP (IN IN) (NP (NP (NNP ANTIOQUIA) (POS 'S)) (JJ MIDDLE) (NNP MAGDALENA) (NN REGION))))))))) (. .))) </parse>
        <dependencies type="basic-dependencies">
          <dep type="root">
            <governor idx="0">ROOT</governor>
            <dependent idx="18">INVOLVED</dependent>
          </dep>
          <dep type="nsubjpass">
            <governor idx="18">INVOLVED</governor>
            <dependent idx="1">DEV-MUC3-0009</dependent>
          </dep>
          <dep type="appos">
            <governor idx="1">DEV-MUC3-0009</governor>
            <dependent idx="3">NOSC</dependent>
          </dep>
          <dep type="dep">
            <governor idx="1">DEV-MUC3-0009</governor>
            <dependent idx="5">MEDELLIN</dependent>
          </dep>
          <dep type="appos">
            <governor idx="1">DEV-MUC3-0009</governor>
            <dependent idx="7">9</dependent>
          </dep>
          <dep type="nmod:tmod">
            <governor idx="7">9</governor>
            <dependent idx="8">JAN</dependent>
          </dep>
          <dep type="nummod">
            <governor idx="8">JAN</governor>
            <dependent idx="9">90</dependent>
          </dep>
          <dep type="dep">
            <governor idx="1">DEV-MUC3-0009</governor>
            <dependent idx="12">TEXT</dependent>
          </dep>
          <dep type="det">
            <governor idx="16">ARMY</governor>
            <dependent idx="14">THE</dependent>
          </dep>
          <dep type="compound">
            <governor idx="16">ARMY</governor>
            <dependent idx="15">NATIONAL</dependent>
          </dep>
          <dep type="nmod">
            <governor idx="12">TEXT</governor>
            <dependent idx="16">ARMY</dependent>
          </dep>
          <dep type="auxpass">
            <governor idx="18">INVOLVED</governor>
            <dependent idx="17">WAS</dependent>
          </dep>
          <dep type="case">
            <governor idx="21">CLASHES</governor>
            <dependent idx="19">IN</dependent>
          </dep>
          <dep type="amod">
            <governor idx="21">CLASHES</governor>
            <dependent idx="20">NEW</dependent>
          </dep>
          <dep type="nmod">
            <governor idx="18">INVOLVED</governor>
            <dependent idx="21">CLASHES</dependent>
          </dep>
          <dep type="case">
            <governor idx="26">HOURS</governor>
            <dependent idx="22">WITHIN</dependent>
          </dep>
          <dep type="det">
            <governor idx="26">HOURS</governor>
            <dependent idx="23">THE</dependent>
          </dep>
          <dep type="amod">
            <governor idx="26">HOURS</governor>
            <dependent idx="24">PAST</dependent>
          </dep>
          <dep type="amod">
            <governor idx="26">HOURS</governor>
            <dependent idx="25">FEW</dependent>
          </dep>
          <dep type="nmod">
            <governor idx="18">INVOLVED</governor>
            <dependent idx="26">HOURS</dependent>
          </dep>
          <dep type="case">
            <governor idx="28">FARC</governor>
            <dependent idx="27">WITH</dependent>
          </dep>
          <dep type="nmod">
            <governor idx="26">HOURS</governor>
            <dependent idx="28">FARC</dependent>
          </dep>
          <dep type="amod">
            <governor idx="32">FORCES</governor>
            <dependent idx="30">REVOLUTIONARY</dependent>
          </dep>
          <dep type="amod">
            <governor idx="32">FORCES</governor>
            <dependent idx="31">ARMED</dependent>
          </dep>
          <dep type="conj">
            <governor idx="26">HOURS</governor>
            <dependent idx="32">FORCES</dependent>
          </dep>
          <dep type="case">
            <governor idx="34">COLOMBIA</governor>
            <dependent idx="33">OF</dependent>
          </dep>
          <dep type="nmod">
            <governor idx="32">FORCES</governor>
            <dependent idx="34">COLOMBIA</dependent>
          </dep>
          <dep type="cc">
            <governor idx="26">HOURS</governor>
            <dependent idx="36">AND</dependent>
          </dep>
          <dep type="det">
            <governor idx="38">ELN</governor>
            <dependent idx="37">THE</dependent>
          </dep>
          <dep type="compound">
            <governor idx="40">ARMY</governor>
            <dependent idx="38">ELN</dependent>
          </dep>
          <dep type="conj">
            <governor idx="26">HOURS</governor>
            <dependent idx="40">ARMY</dependent>
          </dep>
          <dep type="case">
            <governor idx="43">LIBERATION</governor>
            <dependent idx="41">OF</dependent>
          </dep>
          <dep type="amod">
            <governor idx="43">LIBERATION</governor>
            <dependent idx="42">NATIONAL</dependent>
          </dep>
          <dep type="nmod">
            <governor idx="40">ARMY</governor>
            <dependent idx="43">LIBERATION</dependent>
          </dep>
          <dep type="case">
            <governor idx="48">AREA</governor>
            <dependent idx="45">IN</dependent>
          </dep>
          <dep type="det">
            <governor idx="48">AREA</governor>
            <dependent idx="46">THE</dependent>
          </dep>
          <dep type="amod">
            <governor idx="48">AREA</governor>
            <dependent idx="47">RURAL</dependent>
          </dep>
          <dep type="nmod">
            <governor idx="18">INVOLVED</governor>
            <dependent idx="48">AREA</dependent>
          </dep>
          <dep type="case">
            <governor idx="50">YONDO</governor>
            <dependent idx="49">OF</dependent>
          </dep>
          <dep type="nmod">
            <governor idx="48">AREA</governor>
            <dependent idx="50">YONDO</dependent>
          </dep>
          <dep type="case">
            <governor idx="56">REGION</governor>
            <dependent idx="51">IN</dependent>
          </dep>
          <dep type="nmod:poss">
            <governor idx="56">REGION</governor>
            <dependent idx="52">ANTIOQUIA</dependent>
          </dep>
          <dep type="case">
            <governor idx="52">ANTIOQUIA</governor>
            <dependent idx="53">'S</dependent>
          </dep>
          <dep type="amod">
            <governor idx="56">REGION</governor>
            <dependent idx="54">MIDDLE</dependent>
          </dep>
          <dep type="compound">
            <governor idx="56">REGION</governor>
            <dependent idx="55">MAGDALENA</dependent>
          </dep>
          <dep type="nmod">
            <governor idx="50">YONDO</governor>
            <dependent idx="56">REGION</dependent>
          </dep>
        </dependencies>
        <dependencies type="collapsed-dependencies">
          <dep type="root">
            <governor idx="0">ROOT</governor>
            <dependent idx="18">INVOLVED</dependent>
          </dep>
          <dep type="nsubjpass">
            <governor idx="18">INVOLVED</governor>
            <dependent idx="1">DEV-MUC3-0009</dependent>
          </dep>
          <dep type="appos">
            <governor idx="1">DEV-MUC3-0009</governor>
            <dependent idx="3">NOSC</dependent>
          </dep>
          <dep type="dep">
            <governor idx="1">DEV-MUC3-0009</governor>
            <dependent idx="5">MEDELLIN</dependent>
          </dep>
          <dep type="appos">
            <governor idx="1">DEV-MUC3-0009</governor>
            <dependent idx="7">9</dependent>
          </dep>
          <dep type="nmod:tmod">
            <governor idx="7">9</governor>
            <dependent idx="8">JAN</dependent>
          </dep>
          <dep type="nummod">
            <governor idx="8">JAN</governor>
            <dependent idx="9">90</dependent>
          </dep>
          <dep type="dep">
            <governor idx="1">DEV-MUC3-0009</governor>
            <dependent idx="12">TEXT</dependent>
          </dep>
          <dep type="det">
            <governor idx="16">ARMY</governor>
            <dependent idx="14">THE</dependent>
          </dep>
          <dep type="compound">
            <governor idx="16">ARMY</governor>
            <dependent idx="15">NATIONAL</dependent>
          </dep>
          <dep type="nmod">
            <governor idx="12">TEXT</governor>
            <dependent idx="16">ARMY</dependent>
          </dep>
          <dep type="auxpass">
            <governor idx="18">INVOLVED</governor>
            <dependent idx="17">WAS</dependent>
          </dep>
          <dep type="case">
            <governor idx="21">CLASHES</governor>
            <dependent idx="19">IN</dependent>
          </dep>
          <dep type="amod">
            <governor idx="21">CLASHES</governor>
            <dependent idx="20">NEW</dependent>
          </dep>
          <dep type="nmod:in">
            <governor idx="18">INVOLVED</governor>
            <dependent idx="21">CLASHES</dependent>
          </dep>
          <dep type="case">
            <governor idx="26">HOURS</governor>
            <dependent idx="22">WITHIN</dependent>
          </dep>
          <dep type="det">
            <governor idx="26">HOURS</governor>
            <dependent idx="23">THE</dependent>
          </dep>
          <dep type="amod">
            <governor idx="26">HOURS</governor>
            <dependent idx="24">PAST</dependent>
          </dep>
          <dep type="amod">
            <governor idx="26">HOURS</governor>
            <dependent idx="25">FEW</dependent>
          </dep>
          <dep type="nmod:within">
            <governor idx="18">INVOLVED</governor>
            <dependent idx="26">HOURS</dependent>
          </dep>
          <dep type="case">
            <governor idx="28">FARC</governor>
            <dependent idx="27">WITH</dependent>
          </dep>
          <dep type="nmod:with">
            <governor idx="26">HOURS</governor>
            <dependent idx="28">FARC</dependent>
          </dep>
          <dep type="amod">
            <governor idx="32">FORCES</governor>
            <dependent idx="30">REVOLUTIONARY</dependent>
          </dep>
          <dep type="amod">
            <governor idx="32">FORCES</governor>
            <dependent idx="31">ARMED</dependent>
          </dep>
          <dep type="conj:and">
            <governor idx="26">HOURS</governor>
            <dependent idx="32">FORCES</dependent>
          </dep>
          <dep type="case">
            <governor idx="34">COLOMBIA</governor>
            <dependent idx="33">OF</dependent>
          </dep>
          <dep type="nmod:of">
            <governor idx="32">FORCES</governor>
            <dependent idx="34">COLOMBIA</dependent>
          </dep>
          <dep type="cc">
            <governor idx="26">HOURS</governor>
            <dependent idx="36">AND</dependent>
          </dep>
          <dep type="det">
            <governor idx="38">ELN</governor>
            <dependent idx="37">THE</dependent>
          </dep>
          <dep type="compound">
            <governor idx="40">ARMY</governor>
            <dependent idx="38">ELN</dependent>
          </dep>
          <dep type="conj:and">
            <governor idx="26">HOURS</governor>
            <dependent idx="40">ARMY</dependent>
          </dep>
          <dep type="case">
            <governor idx="43">LIBERATION</governor>
            <dependent idx="41">OF</dependent>
          </dep>
          <dep type="amod">
            <governor idx="43">LIBERATION</governor>
            <dependent idx="42">NATIONAL</dependent>
          </dep>
          <dep type="nmod:of">
            <governor idx="40">ARMY</governor>
            <dependent idx="43">LIBERATION</dependent>
          </dep>
          <dep type="case">
            <governor idx="48">AREA</governor>
            <dependent idx="45">IN</dependent>
          </dep>
          <dep type="det">
            <governor idx="48">AREA</governor>
            <dependent idx="46">THE</dependent>
          </dep>
          <dep type="amod">
            <governor idx="48">AREA</governor>
            <dependent idx="47">RURAL</dependent>
          </dep>
          <dep type="nmod:in">
            <governor idx="18">INVOLVED</governor>
            <dependent idx="48">AREA</dependent>
          </dep>
          <dep type="case">
            <governor idx="50">YONDO</governor>
            <dependent idx="49">OF</dependent>
          </dep>
          <dep type="nmod:of">
            <governor idx="48">AREA</governor>
            <dependent idx="50">YONDO</dependent>
          </dep>
          <dep type="case">
            <governor idx="56">REGION</governor>
            <dependent idx="51">IN</dependent>
          </dep>
          <dep type="nmod:poss">
            <governor idx="56">REGION</governor>
            <dependent idx="52">ANTIOQUIA</dependent>
          </dep>
          <dep type="case">
            <governor idx="52">ANTIOQUIA</governor>
            <dependent idx="53">'S</dependent>
          </dep>
          <dep type="amod">
            <governor idx="56">REGION</governor>
            <dependent idx="54">MIDDLE</dependent>
          </dep>
          <dep type="compound">
            <governor idx="56">REGION</governor>
            <dependent idx="55">MAGDALENA</dependent>
          </dep>
          <dep type="nmod:in">
            <governor idx="50">YONDO</governor>
            <dependent idx="56">REGION</dependent>
          </dep>
        </dependencies>
        <dependencies type="collapsed-ccprocessed-dependencies">
          <dep type="root">
            <governor idx="0">ROOT</governor>
            <dependent idx="18">INVOLVED</dependent>
          </dep>
          <dep type="nsubjpass">
            <governor idx="18">INVOLVED</governor>
            <dependent idx="1">DEV-MUC3-0009</dependent>
          </dep>
          <dep type="appos">
            <governor idx="1">DEV-MUC3-0009</governor>
            <dependent idx="3">NOSC</dependent>
          </dep>
          <dep type="dep">
            <governor idx="1">DEV-MUC3-0009</governor>
            <dependent idx="5">MEDELLIN</dependent>
          </dep>
          <dep type="appos">
            <governor idx="1">DEV-MUC3-0009</governor>
            <dependent idx="7">9</dependent>
          </dep>
          <dep type="nmod:tmod">
            <governor idx="7">9</governor>
            <dependent idx="8">JAN</dependent>
          </dep>
          <dep type="nummod">
            <governor idx="8">JAN</governor>
            <dependent idx="9">90</dependent>
          </dep>
          <dep type="dep">
            <governor idx="1">DEV-MUC3-0009</governor>
            <dependent idx="12">TEXT</dependent>
          </dep>
          <dep type="det">
            <governor idx="16">ARMY</governor>
            <dependent idx="14">THE</dependent>
          </dep>
          <dep type="compound">
            <governor idx="16">ARMY</governor>
            <dependent idx="15">NATIONAL</dependent>
          </dep>
          <dep type="nmod">
            <governor idx="12">TEXT</governor>
            <dependent idx="16">ARMY</dependent>
          </dep>
          <dep type="auxpass">
            <governor idx="18">INVOLVED</governor>
            <dependent idx="17">WAS</dependent>
          </dep>
          <dep type="case">
            <governor idx="21">CLASHES</governor>
            <dependent idx="19">IN</dependent>
          </dep>
          <dep type="amod">
            <governor idx="21">CLASHES</governor>
            <dependent idx="20">NEW</dependent>
          </dep>
          <dep type="nmod:in">
            <governor idx="18">INVOLVED</governor>
            <dependent idx="21">CLASHES</dependent>
          </dep>
          <dep type="case">
            <governor idx="26">HOURS</governor>
            <dependent idx="22">WITHIN</dependent>
          </dep>
          <dep type="det">
            <governor idx="26">HOURS</governor>
            <dependent idx="23">THE</dependent>
          </dep>
          <dep type="amod">
            <governor idx="26">HOURS</governor>
            <dependent idx="24">PAST</dependent>
          </dep>
          <dep type="amod">
            <governor idx="26">HOURS</governor>
            <dependent idx="25">FEW</dependent>
          </dep>
          <dep type="nmod:within">
            <governor idx="18">INVOLVED</governor>
            <dependent idx="26">HOURS</dependent>
          </dep>
          <dep type="case">
            <governor idx="28">FARC</governor>
            <dependent idx="27">WITH</dependent>
          </dep>
          <dep type="nmod:with">
            <governor idx="26">HOURS</governor>
            <dependent idx="28">FARC</dependent>
          </dep>
          <dep type="amod">
            <governor idx="32">FORCES</governor>
            <dependent idx="30">REVOLUTIONARY</dependent>
          </dep>
          <dep type="amod">
            <governor idx="32">FORCES</governor>
            <dependent idx="31">ARMED</dependent>
          </dep>
          <dep type="nmod:within" extra="true">
            <governor idx="18">INVOLVED</governor>
            <dependent idx="32">FORCES</dependent>
          </dep>
          <dep type="conj:and">
            <governor idx="26">HOURS</governor>
            <dependent idx="32">FORCES</dependent>
          </dep>
          <dep type="case">
            <governor idx="34">COLOMBIA</governor>
            <dependent idx="33">OF</dependent>
          </dep>
          <dep type="nmod:of">
            <governor idx="32">FORCES</governor>
            <dependent idx="34">COLOMBIA</dependent>
          </dep>
          <dep type="cc">
            <governor idx="26">HOURS</governor>
            <dependent idx="36">AND</dependent>
          </dep>
          <dep type="det">
            <governor idx="38">ELN</governor>
            <dependent idx="37">THE</dependent>
          </dep>
          <dep type="compound">
            <governor idx="40">ARMY</governor>
            <dependent idx="38">ELN</dependent>
          </dep>
          <dep type="nmod:within" extra="true">
            <governor idx="18">INVOLVED</governor>
            <dependent idx="40">ARMY</dependent>
          </dep>
          <dep type="conj:and">
            <governor idx="26">HOURS</governor>
            <dependent idx="40">ARMY</dependent>
          </dep>
          <dep type="case">
            <governor idx="43">LIBERATION</governor>
            <dependent idx="41">OF</dependent>
          </dep>
          <dep type="amod">
            <governor idx="43">LIBERATION</governor>
            <dependent idx="42">NATIONAL</dependent>
          </dep>
          <dep type="nmod:of">
            <governor idx="40">ARMY</governor>
            <dependent idx="43">LIBERATION</dependent>
          </dep>
          <dep type="case">
            <governor idx="48">AREA</governor>
            <dependent idx="45">IN</dependent>
          </dep>
          <dep type="det">
            <governor idx="48">AREA</governor>
            <dependent idx="46">THE</dependent>
          </dep>
          <dep type="amod">
            <governor idx="48">AREA</governor>
            <dependent idx="47">RURAL</dependent>
          </dep>
          <dep type="nmod:in">
            <governor idx="18">INVOLVED</governor>
            <dependent idx="48">AREA</dependent>
          </dep>
          <dep type="case">
            <governor idx="50">YONDO</governor>
            <dependent idx="49">OF</dependent>
          </dep>
          <dep type="nmod:of">
            <governor idx="48">AREA</governor>
            <dependent idx="50">YONDO</dependent>
          </dep>
          <dep type="case">
            <governor idx="56">REGION</governor>
            <dependent idx="51">IN</dependent>
          </dep>
          <dep type="nmod:poss">
            <governor idx="56">REGION</governor>
            <dependent idx="52">ANTIOQUIA</dependent>
          </dep>
          <dep type="case">
            <governor idx="52">ANTIOQUIA</governor>
            <dependent idx="53">'S</dependent>
          </dep>
          <dep type="amod">
            <governor idx="56">REGION</governor>
            <dependent idx="54">MIDDLE</dependent>
          </dep>
          <dep type="compound">
            <governor idx="56">REGION</governor>
            <dependent idx="55">MAGDALENA</dependent>
          </dep>
          <dep type="nmod:in">
            <governor idx="50">YONDO</governor>
            <dependent idx="56">REGION</dependent>
          </dep>
        </dependencies>
      </sentence>
      <sentence id="2">
        <tokens>
          <token id="1">
            <word>SPOKESMEN</word>
            <lemma>spokesman</lemma>
            <CharacterOffsetBegin>290</CharacterOffsetBegin>
            <CharacterOffsetEnd>299</CharacterOffsetEnd>
            <POS>NNS</POS>
            <NER>O</NER>
            <Speaker>PER0</Speaker>
          </token>
          <token id="2">
            <word>FOR</word>
            <lemma>for</lemma>
            <CharacterOffsetBegin>300</CharacterOffsetBegin>
            <CharacterOffsetEnd>303</CharacterOffsetEnd>
            <POS>IN</POS>
            <NER>O</NER>
            <Speaker>PER0</Speaker>
          </token>
          <token id="3">
            <word>THE</word>
            <lemma>the</lemma>
            <CharacterOffsetBegin>304</CharacterOffsetBegin>
            <CharacterOffsetEnd>307</CharacterOffsetEnd>
            <POS>DT</POS>
            <NER>O</NER>
            <Speaker>PER0</Speaker>
          </token>
          <token id="4">
            <word>5TH</word>
            <lemma>5th</lemma>
            <CharacterOffsetBegin>308</CharacterOffsetBegin>
            <CharacterOffsetEnd>311</CharacterOffsetEnd>
            <POS>JJ</POS>
            <NER>ORGANIZATION</NER>
            <Speaker>PER0</Speaker>
          </token>
          <token id="5">
            <word>BRIGADE</word>
            <lemma>brigade</lemma>
            <CharacterOffsetBegin>312</CharacterOffsetBegin>
            <CharacterOffsetEnd>319</CharacterOffsetEnd>
            <POS>NN</POS>
            <NER>ORGANIZATION</NER>
            <Speaker>PER0</Speaker>
          </token>
          <token id="6">
            <word>REPORTED</word>
            <lemma>report</lemma>
            <CharacterOffsetBegin>320</CharacterOffsetBegin>
            <CharacterOffsetEnd>328</CharacterOffsetEnd>
            <POS>VBD</POS>
            <NER>O</NER>
            <Speaker>PER0</Speaker>
          </token>
          <token id="7">
            <word>5</word>
            <lemma>5</lemma>
            <CharacterOffsetBegin>329</CharacterOffsetBegin>
            <CharacterOffsetEnd>330</CharacterOffsetEnd>
            <POS>CD</POS>
            <NER>NUMBER</NER>
            <NormalizedNER>5.0</NormalizedNER>
            <Speaker>PER0</Speaker>
          </token>
          <token id="8">
            <word>SOLDIERS</word>
            <lemma>soldier</lemma>
            <CharacterOffsetBegin>331</CharacterOffsetBegin>
            <CharacterOffsetEnd>339</CharacterOffsetEnd>
            <POS>NNS</POS>
            <NER>O</NER>
            <Speaker>PER0</Speaker>
          </token>
          <token id="9">
            <word>KILLED</word>
            <lemma>kill</lemma>
            <CharacterOffsetBegin>340</CharacterOffsetBegin>
            <CharacterOffsetEnd>346</CharacterOffsetEnd>
            <POS>VBN</POS>
            <NER>O</NER>
            <Speaker>PER0</Speaker>
          </token>
          <token id="10">
            <word>,</word>
            <lemma>,</lemma>
            <CharacterOffsetBegin>346</CharacterOffsetBegin>
            <CharacterOffsetEnd>347</CharacterOffsetEnd>
            <POS>,</POS>
            <NER>O</NER>
            <Speaker>PER0</Speaker>
          </token>
          <token id="11">
            <word>SEVERAL</word>
            <lemma>several</lemma>
            <CharacterOffsetBegin>348</CharacterOffsetBegin>
            <CharacterOffsetEnd>355</CharacterOffsetEnd>
            <POS>JJ</POS>
            <NER>O</NER>
            <Speaker>PER0</Speaker>
          </token>
          <token id="12">
            <word>WOUNDED</word>
            <lemma>wound</lemma>
            <CharacterOffsetBegin>356</CharacterOffsetBegin>
            <CharacterOffsetEnd>363</CharacterOffsetEnd>
            <POS>VBN</POS>
            <NER>O</NER>
            <Speaker>PER0</Speaker>
          </token>
          <token id="13">
            <word>,</word>
            <lemma>,</lemma>
            <CharacterOffsetBegin>363</CharacterOffsetBegin>
            <CharacterOffsetEnd>364</CharacterOffsetEnd>
            <POS>,</POS>
            <NER>O</NER>
            <Speaker>PER0</Speaker>
          </token>
          <token id="14">
            <word>AND</word>
            <lemma>and</lemma>
            <CharacterOffsetBegin>365</CharacterOffsetBegin>
            <CharacterOffsetEnd>368</CharacterOffsetEnd>
            <POS>CC</POS>
            <NER>O</NER>
            <Speaker>PER0</Speaker>
          </token>
          <token id="15">
            <word>AT</word>
            <lemma>at</lemma>
            <CharacterOffsetBegin>369</CharacterOffsetBegin>
            <CharacterOffsetEnd>371</CharacterOffsetEnd>
            <POS>IN</POS>
            <NER>O</NER>
            <Speaker>PER0</Speaker>
          </token>
          <token id="16">
            <word>LEAST</word>
            <lemma>least</lemma>
            <CharacterOffsetBegin>372</CharacterOffsetBegin>
            <CharacterOffsetEnd>377</CharacterOffsetEnd>
            <POS>JJS</POS>
            <NER>O</NER>
            <Speaker>PER0</Speaker>
          </token>
          <token id="17">
            <word>12</word>
            <lemma>12</lemma>
            <CharacterOffsetBegin>378</CharacterOffsetBegin>
            <CharacterOffsetEnd>380</CharacterOffsetEnd>
            <POS>CD</POS>
            <NER>NUMBER</NER>
            <NormalizedNER>&gt;=12.0</NormalizedNER>
            <Speaker>PER0</Speaker>
          </token>
          <token id="18">
            <word>REBEL</word>
            <lemma>rebel</lemma>
            <CharacterOffsetBegin>381</CharacterOffsetBegin>
            <CharacterOffsetEnd>386</CharacterOffsetEnd>
            <POS>NN</POS>
            <NER>O</NER>
            <Speaker>PER0</Speaker>
          </token>
          <token id="19">
            <word>CASUALTIES</word>
            <lemma>casualty</lemma>
            <CharacterOffsetBegin>387</CharacterOffsetBegin>
            <CharacterOffsetEnd>397</CharacterOffsetEnd>
            <POS>NNS</POS>
            <NER>O</NER>
            <Speaker>PER0</Speaker>
          </token>
          <token id="20">
            <word>.</word>
            <lemma>.</lemma>
            <CharacterOffsetBegin>397</CharacterOffsetBegin>
            <CharacterOffsetEnd>398</CharacterOffsetEnd>
            <POS>.</POS>
            <NER>O</NER>
            <Speaker>PER0</Speaker>
          </token>
        </tokens>
        <parse>(ROOT (S (NP (NP (NNS SPOKESMEN)) (PP (IN FOR) (NP (DT THE) (JJ 5TH) (NN BRIGADE)))) (VP (VBD REPORTED) (NP (NP (NP (CD 5) (NNS SOLDIERS)) (VP (VBN KILLED))) (, ,) (NP (NP (JJ SEVERAL)) (VP (VBN WOUNDED))) (, ,) (CC AND) (NP (QP (IN AT) (JJS LEAST) (CD 12)) (NN REBEL) (NNS CASUALTIES)))) (. .))) </parse>
        <dependencies type="basic-dependencies">
          <dep type="root">
            <governor idx="0">ROOT</governor>
            <dependent idx="6">REPORTED</dependent>
          </dep>
          <dep type="nsubj">
            <governor idx="6">REPORTED</governor>
            <dependent idx="1">SPOKESMEN</dependent>
          </dep>
          <dep type="case">
            <governor idx="5">BRIGADE</governor>
            <dependent idx="2">FOR</dependent>
          </dep>
          <dep type="det">
            <governor idx="5">BRIGADE</governor>
            <dependent idx="3">THE</dependent>
          </dep>
          <dep type="amod">
            <governor idx="5">BRIGADE</governor>
            <dependent idx="4">5TH</dependent>
          </dep>
          <dep type="nmod">
            <governor idx="1">SPOKESMEN</governor>
            <dependent idx="5">BRIGADE</dependent>
          </dep>
          <dep type="nummod">
            <governor idx="8">SOLDIERS</governor>
            <dependent idx="7">5</dependent>
          </dep>
          <dep type="dobj">
            <governor idx="6">REPORTED</governor>
            <dependent idx="8">SOLDIERS</dependent>
          </dep>
          <dep type="acl">
            <governor idx="8">SOLDIERS</governor>
            <dependent idx="9">KILLED</dependent>
          </dep>
          <dep type="conj">
            <governor idx="8">SOLDIERS</governor>
            <dependent idx="11">SEVERAL</dependent>
          </dep>
          <dep type="acl">
            <governor idx="11">SEVERAL</governor>
            <dependent idx="12">WOUNDED</dependent>
          </dep>
          <dep type="cc">
            <governor idx="8">SOLDIERS</governor>
            <dependent idx="14">AND</dependent>
          </dep>
          <dep type="case">
            <governor idx="16">LEAST</governor>
            <dependent idx="15">AT</dependent>
          </dep>
          <dep type="nmod:npmod">
            <governor idx="17">12</governor>
            <dependent idx="16">LEAST</dependent>
          </dep>
          <dep type="nummod">
            <governor idx="19">CASUALTIES</governor>
            <dependent idx="17">12</dependent>
          </dep>
          <dep type="compound">
            <governor idx="19">CASUALTIES</governor>
            <dependent idx="18">REBEL</dependent>
          </dep>
          <dep type="conj">
            <governor idx="8">SOLDIERS</governor>
            <dependent idx="19">CASUALTIES</dependent>
          </dep>
        </dependencies>
        <dependencies type="collapsed-dependencies">
          <dep type="root">
            <governor idx="0">ROOT</governor>
            <dependent idx="6">REPORTED</dependent>
          </dep>
          <dep type="nsubj">
            <governor idx="6">REPORTED</governor>
            <dependent idx="1">SPOKESMEN</dependent>
          </dep>
          <dep type="case">
            <governor idx="5">BRIGADE</governor>
            <dependent idx="2">FOR</dependent>
          </dep>
          <dep type="det">
            <governor idx="5">BRIGADE</governor>
            <dependent idx="3">THE</dependent>
          </dep>
          <dep type="amod">
            <governor idx="5">BRIGADE</governor>
            <dependent idx="4">5TH</dependent>
          </dep>
          <dep type="nmod:for">
            <governor idx="1">SPOKESMEN</governor>
            <dependent idx="5">BRIGADE</dependent>
          </dep>
          <dep type="nummod">
            <governor idx="8">SOLDIERS</governor>
            <dependent idx="7">5</dependent>
          </dep>
          <dep type="dobj">
            <governor idx="6">REPORTED</governor>
            <dependent idx="8">SOLDIERS</dependent>
          </dep>
          <dep type="acl">
            <governor idx="8">SOLDIERS</governor>
            <dependent idx="9">KILLED</dependent>
          </dep>
          <dep type="conj:and">
            <governor idx="8">SOLDIERS</governor>
            <dependent idx="11">SEVERAL</dependent>
          </dep>
          <dep type="acl">
            <governor idx="11">SEVERAL</governor>
            <dependent idx="12">WOUNDED</dependent>
          </dep>
          <dep type="cc">
            <governor idx="8">SOLDIERS</governor>
            <dependent idx="14">AND</dependent>
          </dep>
          <dep type="case">
            <governor idx="16">LEAST</governor>
            <dependent idx="15">AT</dependent>
          </dep>
          <dep type="nmod:npmod">
            <governor idx="17">12</governor>
            <dependent idx="16">LEAST</dependent>
          </dep>
          <dep type="nummod">
            <governor idx="19">CASUALTIES</governor>
            <dependent idx="17">12</dependent>
          </dep>
          <dep type="compound">
            <governor idx="19">CASUALTIES</governor>
            <dependent idx="18">REBEL</dependent>
          </dep>
          <dep type="conj:and">
            <governor idx="8">SOLDIERS</governor>
            <dependent idx="19">CASUALTIES</dependent>
          </dep>
        </dependencies>
        <dependencies type="collapsed-ccprocessed-dependencies">
          <dep type="root">
            <governor idx="0">ROOT</governor>
            <dependent idx="6">REPORTED</dependent>
          </dep>
          <dep type="nsubj">
            <governor idx="6">REPORTED</governor>
            <dependent idx="1">SPOKESMEN</dependent>
          </dep>
          <dep type="case">
            <governor idx="5">BRIGADE</governor>
            <dependent idx="2">FOR</dependent>
          </dep>
          <dep type="det">
            <governor idx="5">BRIGADE</governor>
            <dependent idx="3">THE</dependent>
          </dep>
          <dep type="amod">
            <governor idx="5">BRIGADE</governor>
            <dependent idx="4">5TH</dependent>
          </dep>
          <dep type="nmod:for">
            <governor idx="1">SPOKESMEN</governor>
            <dependent idx="5">BRIGADE</dependent>
          </dep>
          <dep type="nummod">
            <governor idx="8">SOLDIERS</governor>
            <dependent idx="7">5</dependent>
          </dep>
          <dep type="dobj">
            <governor idx="6">REPORTED</governor>
            <dependent idx="8">SOLDIERS</dependent>
          </dep>
          <dep type="acl">
            <governor idx="8">SOLDIERS</governor>
            <dependent idx="9">KILLED</dependent>
          </dep>
          <dep type="dobj" extra="true">
            <governor idx="6">REPORTED</governor>
            <dependent idx="11">SEVERAL</dependent>
          </dep>
          <dep type="conj:and">
            <governor idx="8">SOLDIERS</governor>
            <dependent idx="11">SEVERAL</dependent>
          </dep>
          <dep type="acl">
            <governor idx="11">SEVERAL</governor>
            <dependent idx="12">WOUNDED</dependent>
          </dep>
          <dep type="cc">
            <governor idx="8">SOLDIERS</governor>
            <dependent idx="14">AND</dependent>
          </dep>
          <dep type="case">
            <governor idx="16">LEAST</governor>
            <dependent idx="15">AT</dependent>
          </dep>
          <dep type="nmod:npmod">
            <governor idx="17">12</governor>
            <dependent idx="16">LEAST</dependent>
          </dep>
          <dep type="nummod">
            <governor idx="19">CASUALTIES</governor>
            <dependent idx="17">12</dependent>
          </dep>
          <dep type="compound">
            <governor idx="19">CASUALTIES</governor>
            <dependent idx="18">REBEL</dependent>
          </dep>
          <dep type="dobj" extra="true">
            <governor idx="6">REPORTED</governor>
            <dependent idx="19">CASUALTIES</dependent>
          </dep>
          <dep type="conj:and">
            <governor idx="8">SOLDIERS</governor>
            <dependent idx="19">CASUALTIES</dependent>
          </dep>
        </dependencies>
      </sentence>
      <sentence id="3">
        <tokens>
          <token id="1">
            <word>THE</word>
            <lemma>the</lemma>
            <CharacterOffsetBegin>403</CharacterOffsetBegin>
            <CharacterOffsetEnd>406</CharacterOffsetEnd>
            <POS>DT</POS>
            <NER>O</NER>
            <Speaker>PER0</Speaker>
          </token>
          <token id="2">
            <word>EXODUS</word>
            <lemma>exodus</lemma>
            <CharacterOffsetBegin>407</CharacterOffsetBegin>
            <CharacterOffsetEnd>413</CharacterOffsetEnd>
            <POS>NN</POS>
            <NER>O</NER>
            <Speaker>PER0</Speaker>
          </token>
          <token id="3">
            <word>OF</word>
            <lemma>of</lemma>
            <CharacterOffsetBegin>414</CharacterOffsetBegin>
            <CharacterOffsetEnd>416</CharacterOffsetEnd>
            <POS>IN</POS>
            <NER>O</NER>
            <Speaker>PER0</Speaker>
          </token>
          <token id="4">
            <word>PEASANTS</word>
            <lemma>peasant</lemma>
            <CharacterOffsetBegin>417</CharacterOffsetBegin>
            <CharacterOffsetEnd>425</CharacterOffsetEnd>
            <POS>NNS</POS>
            <NER>O</NER>
            <Speaker>PER0</Speaker>
          </token>
          <token id="5">
            <word>FROM</word>
            <lemma>from</lemma>
            <CharacterOffsetBegin>426</CharacterOffsetBegin>
            <CharacterOffsetEnd>430</CharacterOffsetEnd>
            <POS>IN</POS>
            <NER>O</NER>
            <Speaker>PER0</Speaker>
          </token>
          <token id="6">
            <word>THAT</word>
            <lemma>that</lemma>
            <CharacterOffsetBegin>431</CharacterOffsetBegin>
            <CharacterOffsetEnd>435</CharacterOffsetEnd>
            <POS>DT</POS>
            <NER>O</NER>
            <Speaker>PER0</Speaker>
          </token>
          <token id="7">
            <word>REGION</word>
            <lemma>region</lemma>
            <CharacterOffsetBegin>436</CharacterOffsetBegin>
            <CharacterOffsetEnd>442</CharacterOffsetEnd>
            <POS>NN</POS>
            <NER>O</NER>
            <Speaker>PER0</Speaker>
          </token>
          <token id="8">
            <word>CONTINUED</word>
            <lemma>continue</lemma>
            <CharacterOffsetBegin>443</CharacterOffsetBegin>
            <CharacterOffsetEnd>452</CharacterOffsetEnd>
            <POS>VBD</POS>
            <NER>O</NER>
            <Speaker>PER0</Speaker>
          </token>
          <token id="9">
            <word>TO</word>
            <lemma>to</lemma>
            <CharacterOffsetBegin>453</CharacterOffsetBegin>
            <CharacterOffsetEnd>455</CharacterOffsetEnd>
            <POS>TO</POS>
            <NER>O</NER>
            <Speaker>PER0</Speaker>
          </token>
          <token id="10">
            <word>INCREASE</word>
            <lemma>increase</lemma>
            <CharacterOffsetBegin>456</CharacterOffsetBegin>
            <CharacterOffsetEnd>464</CharacterOffsetEnd>
            <POS>VB</POS>
            <NER>O</NER>
            <Speaker>PER0</Speaker>
          </token>
          <token id="11">
            <word>TODAY</word>
            <lemma>today</lemma>
            <CharacterOffsetBegin>465</CharacterOffsetBegin>
            <CharacterOffsetEnd>470</CharacterOffsetEnd>
            <POS>NN</POS>
            <NER>DATE</NER>
            <NormalizedNER>THIS P1D</NormalizedNER>
            <Speaker>PER0</Speaker>
            <Timex tid="t3" type="DATE"/>
          </token>
          <token id="12">
            <word>ACCORDING</word>
            <lemma>accord</lemma>
            <CharacterOffsetBegin>471</CharacterOffsetBegin>
            <CharacterOffsetEnd>480</CharacterOffsetEnd>
            <POS>VBG</POS>
            <NER>O</NER>
            <Speaker>PER0</Speaker>
          </token>
          <token id="13">
            <word>TO</word>
            <lemma>to</lemma>
            <CharacterOffsetBegin>481</CharacterOffsetBegin>
            <CharacterOffsetEnd>483</CharacterOffsetEnd>
            <POS>TO</POS>
            <NER>O</NER>
            <Speaker>PER0</Speaker>
          </token>
          <token id="14">
            <word>OFFICIAL</word>
            <lemma>official</lemma>
            <CharacterOffsetBegin>484</CharacterOffsetBegin>
            <CharacterOffsetEnd>492</CharacterOffsetEnd>
            <POS>JJ</POS>
            <NER>O</NER>
            <Speaker>PER0</Speaker>
          </token>
          <token id="15">
            <word>REPORTS</word>
            <lemma>report</lemma>
            <CharacterOffsetBegin>493</CharacterOffsetBegin>
            <CharacterOffsetEnd>500</CharacterOffsetEnd>
            <POS>NNS</POS>
            <NER>O</NER>
            <Speaker>PER0</Speaker>
          </token>
          <token id="16">
            <word>.</word>
            <lemma>.</lemma>
            <CharacterOffsetBegin>500</CharacterOffsetBegin>
            <CharacterOffsetEnd>501</CharacterOffsetEnd>
            <POS>.</POS>
            <NER>O</NER>
            <Speaker>PER0</Speaker>
          </token>
        </tokens>
        <parse>(ROOT (S (NP (NP (DT THE) (NN EXODUS)) (PP (IN OF) (NP (NP (NNS PEASANTS)) (PP (IN FROM) (NP (DT THAT) (NN REGION)))))) (VP (VBD CONTINUED) (S (VP (TO TO) (VP (VB INCREASE) (NP-TMP (NN TODAY)) (PP (VBG ACCORDING) (PP (TO TO) (NP (JJ OFFICIAL) (NNS REPORTS)))))))) (. .))) </parse>
        <dependencies type="basic-dependencies">
          <dep type="root">
            <governor idx="0">ROOT</governor>
            <dependent idx="8">CONTINUED</dependent>
          </dep>
          <dep type="det">
            <governor idx="2">EXODUS</governor>
            <dependent idx="1">THE</dependent>
          </dep>
          <dep type="nsubj">
            <governor idx="8">CONTINUED</governor>
            <dependent idx="2">EXODUS</dependent>
          </dep>
          <dep type="case">
            <governor idx="4">PEASANTS</governor>
            <dependent idx="3">OF</dependent>
          </dep>
          <dep type="nmod">
            <governor idx="2">EXODUS</governor>
            <dependent idx="4">PEASANTS</dependent>
          </dep>
          <dep type="case">
            <governor idx="7">REGION</governor>
            <dependent idx="5">FROM</dependent>
          </dep>
          <dep type="det">
            <governor idx="7">REGION</governor>
            <dependent idx="6">THAT</dependent>
          </dep>
          <dep type="nmod">
            <governor idx="4">PEASANTS</governor>
            <dependent idx="7">REGION</dependent>
          </dep>
          <dep type="mark">
            <governor idx="10">INCREASE</governor>
            <dependent idx="9">TO</dependent>
          </dep>
          <dep type="xcomp">
            <governor idx="8">CONTINUED</governor>
            <dependent idx="10">INCREASE</dependent>
          </dep>
          <dep type="nmod:tmod">
            <governor idx="10">INCREASE</governor>
            <dependent idx="11">TODAY</dependent>
          </dep>
          <dep type="case">
            <governor idx="15">REPORTS</governor>
            <dependent idx="12">ACCORDING</dependent>
          </dep>
          <dep type="case">
            <governor idx="15">REPORTS</governor>
            <dependent idx="13">TO</dependent>
          </dep>
          <dep type="amod">
            <governor idx="15">REPORTS</governor>
            <dependent idx="14">OFFICIAL</dependent>
          </dep>
          <dep type="advcl">
            <governor idx="10">INCREASE</governor>
            <dependent idx="15">REPORTS</dependent>
          </dep>
        </dependencies>
        <dependencies type="collapsed-dependencies">
          <dep type="root">
            <governor idx="0">ROOT</governor>
            <dependent idx="8">CONTINUED</dependent>
          </dep>
          <dep type="det">
            <governor idx="2">EXODUS</governor>
            <dependent idx="1">THE</dependent>
          </dep>
          <dep type="nsubj">
            <governor idx="8">CONTINUED</governor>
            <dependent idx="2">EXODUS</dependent>
          </dep>
          <dep type="case">
            <governor idx="4">PEASANTS</governor>
            <dependent idx="3">OF</dependent>
          </dep>
          <dep type="nmod:of">
            <governor idx="2">EXODUS</governor>
            <dependent idx="4">PEASANTS</dependent>
          </dep>
          <dep type="case">
            <governor idx="7">REGION</governor>
            <dependent idx="5">FROM</dependent>
          </dep>
          <dep type="det">
            <governor idx="7">REGION</governor>
            <dependent idx="6">THAT</dependent>
          </dep>
          <dep type="nmod:from">
            <governor idx="4">PEASANTS</governor>
            <dependent idx="7">REGION</dependent>
          </dep>
          <dep type="mark">
            <governor idx="10">INCREASE</governor>
            <dependent idx="9">TO</dependent>
          </dep>
          <dep type="xcomp">
            <governor idx="8">CONTINUED</governor>
            <dependent idx="10">INCREASE</dependent>
          </dep>
          <dep type="nmod:tmod">
            <governor idx="10">INCREASE</governor>
            <dependent idx="11">TODAY</dependent>
          </dep>
          <dep type="case">
            <governor idx="15">REPORTS</governor>
            <dependent idx="12">ACCORDING</dependent>
          </dep>
          <dep type="mwe">
            <governor idx="12">ACCORDING</governor>
            <dependent idx="13">TO</dependent>
          </dep>
          <dep type="amod">
            <governor idx="15">REPORTS</governor>
            <dependent idx="14">OFFICIAL</dependent>
          </dep>
          <dep type="advcl:according_to">
            <governor idx="10">INCREASE</governor>
            <dependent idx="15">REPORTS</dependent>
          </dep>
        </dependencies>
        <dependencies type="collapsed-ccprocessed-dependencies">
          <dep type="root">
            <governor idx="0">ROOT</governor>
            <dependent idx="8">CONTINUED</dependent>
          </dep>
          <dep type="det">
            <governor idx="2">EXODUS</governor>
            <dependent idx="1">THE</dependent>
          </dep>
          <dep type="nsubj">
            <governor idx="8">CONTINUED</governor>
            <dependent idx="2">EXODUS</dependent>
          </dep>
          <dep type="case">
            <governor idx="4">PEASANTS</governor>
            <dependent idx="3">OF</dependent>
          </dep>
          <dep type="nmod:of">
            <governor idx="2">EXODUS</governor>
            <dependent idx="4">PEASANTS</dependent>
          </dep>
          <dep type="case">
            <governor idx="7">REGION</governor>
            <dependent idx="5">FROM</dependent>
          </dep>
          <dep type="det">
            <governor idx="7">REGION</governor>
            <dependent idx="6">THAT</dependent>
          </dep>
          <dep type="nmod:from">
            <governor idx="4">PEASANTS</governor>
            <dependent idx="7">REGION</dependent>
          </dep>
          <dep type="mark">
            <governor idx="10">INCREASE</governor>
            <dependent idx="9">TO</dependent>
          </dep>
          <dep type="xcomp">
            <governor idx="8">CONTINUED</governor>
            <dependent idx="10">INCREASE</dependent>
          </dep>
          <dep type="nmod:tmod">
            <governor idx="10">INCREASE</governor>
            <dependent idx="11">TODAY</dependent>
          </dep>
          <dep type="case">
            <governor idx="15">REPORTS</governor>
            <dependent idx="12">ACCORDING</dependent>
          </dep>
          <dep type="mwe">
            <governor idx="12">ACCORDING</governor>
            <dependent idx="13">TO</dependent>
          </dep>
          <dep type="amod">
            <governor idx="15">REPORTS</governor>
            <dependent idx="14">OFFICIAL</dependent>
          </dep>
          <dep type="advcl:according_to">
            <governor idx="10">INCREASE</governor>
            <dependent idx="15">REPORTS</dependent>
          </dep>
        </dependencies>
      </sentence>
      <sentence id="4">
        <tokens>
          <token id="1">
            <word>THE</word>
            <lemma>the</lemma>
            <CharacterOffsetBegin>503</CharacterOffsetBegin>
            <CharacterOffsetEnd>506</CharacterOffsetEnd>
            <POS>DT</POS>
            <NER>O</NER>
            <Speaker>PER0</Speaker>
          </token>
          <token id="2">
            <word>PEASANTS</word>
            <lemma>PEASANTS</lemma>
            <CharacterOffsetBegin>507</CharacterOffsetBegin>
            <CharacterOffsetEnd>515</CharacterOffsetEnd>
            <POS>NNPS</POS>
            <NER>O</NER>
            <Speaker>PER0</Speaker>
          </token>
          <token id="3">
            <word>WALKED</word>
            <lemma>walk</lemma>
            <CharacterOffsetBegin>516</CharacterOffsetBegin>
            <CharacterOffsetEnd>522</CharacterOffsetEnd>
            <POS>VBD</POS>
            <NER>O</NER>
            <Speaker>PER0</Speaker>
          </token>
          <token id="4">
            <word>AWAY</word>
            <lemma>away</lemma>
            <CharacterOffsetBegin>523</CharacterOffsetBegin>
            <CharacterOffsetEnd>527</CharacterOffsetEnd>
            <POS>RB</POS>
            <NER>O</NER>
            <Speaker>PER0</Speaker>
          </token>
          <token id="5">
            <word>FROM</word>
            <lemma>from</lemma>
            <CharacterOffsetBegin>528</CharacterOffsetBegin>
            <CharacterOffsetEnd>532</CharacterOffsetEnd>
            <POS>IN</POS>
            <NER>O</NER>
            <Speaker>PER0</Speaker>
          </token>
          <token id="6">
            <word>THEIR</word>
            <lemma>they</lemma>
            <CharacterOffsetBegin>533</CharacterOffsetBegin>
            <CharacterOffsetEnd>538</CharacterOffsetEnd>
            <POS>PRP$</POS>
            <NER>O</NER>
            <Speaker>PER0</Speaker>
          </token>
          <token id="7">
            <word>PROPERTIES</word>
            <lemma>property</lemma>
            <CharacterOffsetBegin>539</CharacterOffsetBegin>
            <CharacterOffsetEnd>549</CharacterOffsetEnd>
            <POS>NNS</POS>
            <NER>O</NER>
            <Speaker>PER0</Speaker>
          </token>
          <token id="8">
            <word>TO</word>
            <lemma>to</lemma>
            <CharacterOffsetBegin>550</CharacterOffsetBegin>
            <CharacterOffsetEnd>552</CharacterOffsetEnd>
            <POS>TO</POS>
            <NER>O</NER>
            <Speaker>PER0</Speaker>
          </token>
          <token id="9">
            <word>AVOID</word>
            <lemma>avoid</lemma>
            <CharacterOffsetBegin>553</CharacterOffsetBegin>
            <CharacterOffsetEnd>558</CharacterOffsetEnd>
            <POS>VB</POS>
            <NER>O</NER>
            <Speaker>PER0</Speaker>
          </token>
          <token id="10">
            <word>BECOMING</word>
            <lemma>become</lemma>
            <CharacterOffsetBegin>559</CharacterOffsetBegin>
            <CharacterOffsetEnd>567</CharacterOffsetEnd>
            <POS>VBG</POS>
            <NER>O</NER>
            <Speaker>PER0</Speaker>
          </token>
          <token id="11">
            <word>VICTIMS</word>
            <lemma>victim</lemma>
            <CharacterOffsetBegin>568</CharacterOffsetBegin>
            <CharacterOffsetEnd>575</CharacterOffsetEnd>
            <POS>NNS</POS>
            <NER>O</NER>
            <Speaker>PER0</Speaker>
          </token>
          <token id="12">
            <word>OF</word>
            <lemma>of</lemma>
            <CharacterOffsetBegin>576</CharacterOffsetBegin>
            <CharacterOffsetEnd>578</CharacterOffsetEnd>
            <POS>IN</POS>
            <NER>O</NER>
            <Speaker>PER0</Speaker>
          </token>
          <token id="13">
            <word>THE</word>
            <lemma>the</lemma>
            <CharacterOffsetBegin>579</CharacterOffsetBegin>
            <CharacterOffsetEnd>582</CharacterOffsetEnd>
            <POS>DT</POS>
            <NER>O</NER>
            <Speaker>PER0</Speaker>
          </token>
          <token id="14">
            <word>CLASHES</word>
            <lemma>clash</lemma>
            <CharacterOffsetBegin>583</CharacterOffsetBegin>
            <CharacterOffsetEnd>590</CharacterOffsetEnd>
            <POS>NNS</POS>
            <NER>O</NER>
            <Speaker>PER0</Speaker>
          </token>
          <token id="15">
            <word>.</word>
            <lemma>.</lemma>
            <CharacterOffsetBegin>590</CharacterOffsetBegin>
            <CharacterOffsetEnd>591</CharacterOffsetEnd>
            <POS>.</POS>
            <NER>O</NER>
            <Speaker>PER0</Speaker>
          </token>
        </tokens>
        <parse>(ROOT (S (NP (DT THE) (NNPS PEASANTS)) (VP (VBD WALKED) (ADVP (RB AWAY)) (PP (IN FROM) (NP (PRP$ THEIR) (NNS PROPERTIES))) (S (VP (TO TO) (VP (VB AVOID) (S (VP (VBG BECOMING) (NP (NP (NNS VICTIMS)) (PP (IN OF) (NP (DT THE) (NNS CLASHES)))))))))) (. .))) </parse>
        <dependencies type="basic-dependencies">
          <dep type="root">
            <governor idx="0">ROOT</governor>
            <dependent idx="3">WALKED</dependent>
          </dep>
          <dep type="det">
            <governor idx="2">PEASANTS</governor>
            <dependent idx="1">THE</dependent>
          </dep>
          <dep type="nsubj">
            <governor idx="3">WALKED</governor>
            <dependent idx="2">PEASANTS</dependent>
          </dep>
          <dep type="advmod">
            <governor idx="3">WALKED</governor>
            <dependent idx="4">AWAY</dependent>
          </dep>
          <dep type="case">
            <governor idx="7">PROPERTIES</governor>
            <dependent idx="5">FROM</dependent>
          </dep>
          <dep type="nmod:poss">
            <governor idx="7">PROPERTIES</governor>
            <dependent idx="6">THEIR</dependent>
          </dep>
          <dep type="nmod">
            <governor idx="3">WALKED</governor>
            <dependent idx="7">PROPERTIES</dependent>
          </dep>
          <dep type="mark">
            <governor idx="9">AVOID</governor>
            <dependent idx="8">TO</dependent>
          </dep>
          <dep type="xcomp">
            <governor idx="3">WALKED</governor>
            <dependent idx="9">AVOID</dependent>
          </dep>
          <dep type="xcomp">
            <governor idx="9">AVOID</governor>
            <dependent idx="10">BECOMING</dependent>
          </dep>
          <dep type="xcomp">
            <governor idx="10">BECOMING</governor>
            <dependent idx="11">VICTIMS</dependent>
          </dep>
          <dep type="case">
            <governor idx="14">CLASHES</governor>
            <dependent idx="12">OF</dependent>
          </dep>
          <dep type="det">
            <governor idx="14">CLASHES</governor>
            <dependent idx="13">THE</dependent>
          </dep>
          <dep type="nmod">
            <governor idx="11">VICTIMS</governor>
            <dependent idx="14">CLASHES</dependent>
          </dep>
        </dependencies>
        <dependencies type="collapsed-dependencies">
          <dep type="root">
            <governor idx="0">ROOT</governor>
            <dependent idx="3">WALKED</dependent>
          </dep>
          <dep type="det">
            <governor idx="2">PEASANTS</governor>
            <dependent idx="1">THE</dependent>
          </dep>
          <dep type="nsubj">
            <governor idx="3">WALKED</governor>
            <dependent idx="2">PEASANTS</dependent>
          </dep>
          <dep type="case">
            <governor idx="7">PROPERTIES</governor>
            <dependent idx="4">AWAY</dependent>
          </dep>
          <dep type="mwe">
            <governor idx="4">AWAY</governor>
            <dependent idx="5">FROM</dependent>
          </dep>
          <dep type="nmod:poss">
            <governor idx="7">PROPERTIES</governor>
            <dependent idx="6">THEIR</dependent>
          </dep>
          <dep type="nmod:away_from">
            <governor idx="3">WALKED</governor>
            <dependent idx="7">PROPERTIES</dependent>
          </dep>
          <dep type="mark">
            <governor idx="9">AVOID</governor>
            <dependent idx="8">TO</dependent>
          </dep>
          <dep type="xcomp">
            <governor idx="3">WALKED</governor>
            <dependent idx="9">AVOID</dependent>
          </dep>
          <dep type="xcomp">
            <governor idx="9">AVOID</governor>
            <dependent idx="10">BECOMING</dependent>
          </dep>
          <dep type="xcomp">
            <governor idx="10">BECOMING</governor>
            <dependent idx="11">VICTIMS</dependent>
          </dep>
          <dep type="case">
            <governor idx="14">CLASHES</governor>
            <dependent idx="12">OF</dependent>
          </dep>
          <dep type="det">
            <governor idx="14">CLASHES</governor>
            <dependent idx="13">THE</dependent>
          </dep>
          <dep type="nmod:of">
            <governor idx="11">VICTIMS</governor>
            <dependent idx="14">CLASHES</dependent>
          </dep>
        </dependencies>
        <dependencies type="collapsed-ccprocessed-dependencies">
          <dep type="root">
            <governor idx="0">ROOT</governor>
            <dependent idx="3">WALKED</dependent>
          </dep>
          <dep type="det">
            <governor idx="2">PEASANTS</governor>
            <dependent idx="1">THE</dependent>
          </dep>
          <dep type="nsubj">
            <governor idx="3">WALKED</governor>
            <dependent idx="2">PEASANTS</dependent>
          </dep>
          <dep type="case">
            <governor idx="7">PROPERTIES</governor>
            <dependent idx="4">AWAY</dependent>
          </dep>
          <dep type="mwe">
            <governor idx="4">AWAY</governor>
            <dependent idx="5">FROM</dependent>
          </dep>
          <dep type="nmod:poss">
            <governor idx="7">PROPERTIES</governor>
            <dependent idx="6">THEIR</dependent>
          </dep>
          <dep type="nmod:away_from">
            <governor idx="3">WALKED</governor>
            <dependent idx="7">PROPERTIES</dependent>
          </dep>
          <dep type="mark">
            <governor idx="9">AVOID</governor>
            <dependent idx="8">TO</dependent>
          </dep>
          <dep type="xcomp">
            <governor idx="3">WALKED</governor>
            <dependent idx="9">AVOID</dependent>
          </dep>
          <dep type="xcomp">
            <governor idx="9">AVOID</governor>
            <dependent idx="10">BECOMING</dependent>
          </dep>
          <dep type="xcomp">
            <governor idx="10">BECOMING</governor>
            <dependent idx="11">VICTIMS</dependent>
          </dep>
          <dep type="case">
            <governor idx="14">CLASHES</governor>
            <dependent idx="12">OF</dependent>
          </dep>
          <dep type="det">
            <governor idx="14">CLASHES</governor>
            <dependent idx="13">THE</dependent>
          </dep>
          <dep type="nmod:of">
            <governor idx="11">VICTIMS</governor>
            <dependent idx="14">CLASHES</dependent>
          </dep>
        </dependencies>
      </sentence>
    </sentences>
    <coreference>
      <coreference>
        <mention representative="true">
          <sentence>1</sentence>
          <start>7</start>
          <end>10</end>
          <head>7</head>
          <text>9 JAN 90</text>
        </mention>
        <mention>
          <sentence>1</sentence>
          <start>1</start>
          <end>6</end>
          <head>1</head>
          <text>DEV-MUC3-0009 -LRB- NOSC -RRB- MEDELLIN</text>
        </mention>
        <mention>
          <sentence>1</sentence>
          <start>12</start>
          <end>17</end>
          <head>12</head>
          <text>TEXT -RSB- THE NATIONAL ARMY</text>
        </mention>
      </coreference>
      <coreference>
        <mention representative="true">
          <sentence>1</sentence>
          <start>20</start>
          <end>22</end>
          <head>21</head>
          <text>NEW CLASHES</text>
        </mention>
        <mention>
          <sentence>4</sentence>
          <start>13</start>
          <end>15</end>
          <head>14</head>
          <text>THE CLASHES</text>
        </mention>
      </coreference>
      <coreference>
        <mention representative="true">
          <sentence>1</sentence>
          <start>52</start>
          <end>57</end>
          <head>56</head>
          <text>ANTIOQUIA 'S MIDDLE MAGDALENA REGION</text>
        </mention>
        <mention>
          <sentence>3</sentence>
          <start>6</start>
          <end>8</end>
          <head>7</head>
          <text>THAT REGION</text>
        </mention>
      </coreference>
      <coreference>
        <mention representative="true">
          <sentence>4</sentence>
          <start>1</start>
          <end>3</end>
          <head>2</head>
          <text>THE PEASANTS</text>
        </mention>
        <mention>
          <sentence>3</sentence>
          <start>4</start>
          <end>8</end>
          <head>4</head>
          <text>PEASANTS FROM THAT REGION</text>
        </mention>
        <mention>
          <sentence>4</sentence>
          <start>6</start>
          <end>7</end>
          <head>6</head>
          <text>THEIR</text>
        </mention>
      </coreference>
    </coreference>
  </document>
</root>
