<?xml version="1.0" encoding="ASCII"?>
<?xml-stylesheet href="CoreNLP-to-HTML.xsl" type="text/xsl"?>
<root>
  <document>
    <sentences>
      <sentence id="1">
        <tokens>
          <token id="1">
            <word>DEV-MUC3-0011</word>
            <lemma>dev-muc3-0011</lemma>
            <CharacterOffsetBegin>0</CharacterOffsetBegin>
            <CharacterOffsetEnd>13</CharacterOffsetEnd>
            <POS>NN</POS>
            <NER>O</NER>
            <Speaker>PER0</Speaker>
          </token>
          <token id="2">
            <word>-LRB-</word>
            <lemma>-lrb-</lemma>
            <CharacterOffsetBegin>14</CharacterOffsetBegin>
            <CharacterOffsetEnd>15</CharacterOffsetEnd>
            <POS>-LRB-</POS>
            <NER>O</NER>
            <Speaker>PER0</Speaker>
          </token>
          <token id="3">
            <word>NOSC</word>
            <lemma>nosc</lemma>
            <CharacterOffsetBegin>15</CharacterOffsetBegin>
            <CharacterOffsetEnd>19</CharacterOffsetEnd>
            <POS>NN</POS>
            <NER>O</NER>
            <Speaker>PER0</Speaker>
          </token>
          <token id="4">
            <word>-RRB-</word>
            <lemma>-rrb-</lemma>
            <CharacterOffsetBegin>19</CharacterOffsetBegin>
            <CharacterOffsetEnd>20</CharacterOffsetEnd>
            <POS>-RRB-</POS>
            <NER>O</NER>
            <Speaker>PER0</Speaker>
          </token>
          <token id="5">
            <word>LIMA</word>
            <lemma>LIMA</lemma>
            <CharacterOffsetBegin>25</CharacterOffsetBegin>
            <CharacterOffsetEnd>29</CharacterOffsetEnd>
            <POS>NNP</POS>
            <NER>LOCATION</NER>
            <Speaker>PER0</Speaker>
          </token>
          <token id="6">
            <word>,</word>
            <lemma>,</lemma>
            <CharacterOffsetBegin>29</CharacterOffsetBegin>
            <CharacterOffsetEnd>30</CharacterOffsetEnd>
            <POS>,</POS>
            <NER>O</NER>
            <Speaker>PER0</Speaker>
          </token>
          <token id="7">
            <word>9</word>
            <lemma>9</lemma>
            <CharacterOffsetBegin>31</CharacterOffsetBegin>
            <CharacterOffsetEnd>32</CharacterOffsetEnd>
            <POS>CD</POS>
            <NER>DATE</NER>
            <NormalizedNER>XXXX-01-09</NormalizedNER>
            <Speaker>PER0</Speaker>
            <Timex tid="t1" type="DATE">XXXX-01-09</Timex>
          </token>
          <token id="8">
            <word>JAN</word>
            <lemma>JAN</lemma>
            <CharacterOffsetBegin>33</CharacterOffsetBegin>
            <CharacterOffsetEnd>36</CharacterOffsetEnd>
            <POS>NNP</POS>
            <NER>DATE</NER>
            <NormalizedNER>XXXX-01-09</NormalizedNER>
            <Speaker>PER0</Speaker>
            <Timex tid="t1" type="DATE">XXXX-01-09</Timex>
          </token>
          <token id="9">
            <word>90</word>
            <lemma>90</lemma>
            <CharacterOffsetBegin>37</CharacterOffsetBegin>
            <CharacterOffsetEnd>39</CharacterOffsetEnd>
            <POS>CD</POS>
            <NER>NUMBER</NER>
            <NormalizedNER>90.0</NormalizedNER>
            <Speaker>PER0</Speaker>
          </token>
          <token id="10">
            <word>-LRB-</word>
            <lemma>-lrb-</lemma>
            <CharacterOffsetBegin>40</CharacterOffsetBegin>
            <CharacterOffsetEnd>41</CharacterOffsetEnd>
            <POS>-LRB-</POS>
            <NER>O</NER>
            <Speaker>PER0</Speaker>
          </token>
          <token id="11">
            <word>EFE</word>
            <lemma>efe</lemma>
            <CharacterOffsetBegin>41</CharacterOffsetBegin>
            <CharacterOffsetEnd>44</CharacterOffsetEnd>
            <POS>NN</POS>
            <NER>O</NER>
            <Speaker>PER0</Speaker>
          </token>
          <token id="12">
            <word>-RRB-</word>
            <lemma>-rrb-</lemma>
            <CharacterOffsetBegin>44</CharacterOffsetBegin>
            <CharacterOffsetEnd>45</CharacterOffsetEnd>
            <POS>-RRB-</POS>
            <NER>O</NER>
            <Speaker>PER0</Speaker>
          </token>
          <token id="13">
            <word>--</word>
            <lemma>--</lemma>
            <CharacterOffsetBegin>46</CharacterOffsetBegin>
            <CharacterOffsetEnd>48</CharacterOffsetEnd>
            <POS>:</POS>
            <NER>O</NER>
            <Speaker>PER0</Speaker>
          </token>
          <token id="14">
            <word>-LSB-</word>
            <lemma>-lsb-</lemma>
            <CharacterOffsetBegin>49</CharacterOffsetBegin>
            <CharacterOffsetEnd>50</CharacterOffsetEnd>
            <POS>-LRB-</POS>
            <NER>O</NER>
            <Speaker>PER0</Speaker>
          </token>
          <token id="15">
            <word>TEXT</word>
            <lemma>text</lemma>
            <CharacterOffsetBegin>50</CharacterOffsetBegin>
            <CharacterOffsetEnd>54</CharacterOffsetEnd>
            <POS>NN</POS>
            <NER>O</NER>
            <Speaker>PER0</Speaker>
          </token>
          <token id="16">
            <word>-RSB-</word>
            <lemma>-rsb-</lemma>
            <CharacterOffsetBegin>54</CharacterOffsetBegin>
            <CharacterOffsetEnd>55</CharacterOffsetEnd>
            <POS>-RRB-</POS>
            <NER>O</NER>
            <Speaker>PER0</Speaker>
          </token>
          <token id="17">
            <word>AUTHORITIES</word>
            <lemma>authority</lemma>
            <CharacterOffsetBegin>56</CharacterOffsetBegin>
            <CharacterOffsetEnd>67</CharacterOffsetEnd>
            <POS>NNS</POS>
            <NER>O</NER>
            <Speaker>PER0</Speaker>
          </token>
          <token id="18">
            <word>HAVE</word>
            <lemma>have</lemma>
            <CharacterOffsetBegin>68</CharacterOffsetBegin>
            <CharacterOffsetEnd>72</CharacterOffsetEnd>
            <POS>VBP</POS>
            <NER>O</NER>
            <Speaker>PER0</Speaker>
          </token>
          <token id="19">
            <word>REPORTED</word>
            <lemma>report</lemma>
            <CharacterOffsetBegin>73</CharacterOffsetBegin>
            <CharacterOffsetEnd>81</CharacterOffsetEnd>
            <POS>VBN</POS>
            <NER>O</NER>
            <Speaker>PER0</Speaker>
          </token>
          <token id="20">
            <word>THAT</word>
            <lemma>that</lemma>
            <CharacterOffsetBegin>82</CharacterOffsetBegin>
            <CharacterOffsetEnd>86</CharacterOffsetEnd>
            <POS>IN</POS>
            <NER>O</NER>
            <Speaker>PER0</Speaker>
          </token>
          <token id="21">
            <word>FORMER</word>
            <lemma>former</lemma>
            <CharacterOffsetBegin>87</CharacterOffsetBegin>
            <CharacterOffsetEnd>93</CharacterOffsetEnd>
            <POS>JJ</POS>
            <NER>O</NER>
            <Speaker>PER0</Speaker>
          </token>
          <token id="22">
            <word>PERUVIAN</word>
            <lemma>peruvian</lemma>
            <CharacterOffsetBegin>94</CharacterOffsetBegin>
            <CharacterOffsetEnd>102</CharacterOffsetEnd>
            <POS>JJ</POS>
            <NER>MISC</NER>
            <Speaker>PER0</Speaker>
          </token>
          <token id="23">
            <word>DEFENSE</word>
            <lemma>defense</lemma>
            <CharacterOffsetBegin>103</CharacterOffsetBegin>
            <CharacterOffsetEnd>110</CharacterOffsetEnd>
            <POS>NN</POS>
            <NER>O</NER>
            <Speaker>PER0</Speaker>
          </token>
          <token id="24">
            <word>MINISTER</word>
            <lemma>minister</lemma>
            <CharacterOffsetBegin>111</CharacterOffsetBegin>
            <CharacterOffsetEnd>119</CharacterOffsetEnd>
            <POS>NN</POS>
            <NER>O</NER>
            <Speaker>PER0</Speaker>
          </token>
          <token id="25">
            <word>GENERAL</word>
            <lemma>general</lemma>
            <CharacterOffsetBegin>120</CharacterOffsetBegin>
            <CharacterOffsetEnd>127</CharacterOffsetEnd>
            <POS>JJ</POS>
            <NER>O</NER>
            <Speaker>PER0</Speaker>
          </token>
          <token id="26">
            <word>ENRIQUE</word>
            <lemma>ENRIQUE</lemma>
            <CharacterOffsetBegin>128</CharacterOffsetBegin>
            <CharacterOffsetEnd>135</CharacterOffsetEnd>
            <POS>NNP</POS>
            <NER>PERSON</NER>
            <Speaker>PER0</Speaker>
          </token>
          <token id="27">
            <word>LOPEZ</word>
            <lemma>LOPEZ</lemma>
            <CharacterOffsetBegin>136</CharacterOffsetBegin>
            <CharacterOffsetEnd>141</CharacterOffsetEnd>
            <POS>NNP</POS>
            <NER>PERSON</NER>
            <Speaker>PER0</Speaker>
          </token>
          <token id="28">
            <word>ALBUJAR</word>
            <lemma>ALBUJAR</lemma>
            <CharacterOffsetBegin>142</CharacterOffsetBegin>
            <CharacterOffsetEnd>149</CharacterOffsetEnd>
            <POS>NNP</POS>
            <NER>PERSON</NER>
            <Speaker>PER0</Speaker>
          </token>
          <token id="29">
            <word>DIED</word>
            <lemma>die</lemma>
            <CharacterOffsetBegin>150</CharacterOffsetBegin>
            <CharacterOffsetEnd>154</CharacterOffsetEnd>
            <POS>VBD</POS>
            <NER>O</NER>
            <Speaker>PER0</Speaker>
          </token>
          <token id="30">
            <word>TODAY</word>
            <lemma>today</lemma>
            <CharacterOffsetBegin>155</CharacterOffsetBegin>
            <CharacterOffsetEnd>160</CharacterOffsetEnd>
            <POS>NN</POS>
            <NER>DATE</NER>
            <NormalizedNER>THIS P1D</NormalizedNER>
            <Speaker>PER0</Speaker>
            <Timex tid="t2" type="DATE"/>
          </token>
          <token id="31">
            <word>IN</word>
            <lemma>in</lemma>
            <CharacterOffsetBegin>161</CharacterOffsetBegin>
            <CharacterOffsetEnd>163</CharacterOffsetEnd>
            <POS>IN</POS>
            <NER>O</NER>
            <Speaker>PER0</Speaker>
          </token>
          <token id="32">
            <word>LIMA</word>
            <lemma>LIMA</lemma>
            <CharacterOffsetBegin>164</CharacterOffsetBegin>
            <CharacterOffsetEnd>168</CharacterOffsetEnd>
            <POS>NNP</POS>
            <NER>LOCATION</NER>
            <Speaker>PER0</Speaker>
          </token>
          <token id="33">
            <word>AS</word>
            <lemma>as</lemma>
            <CharacterOffsetBegin>169</CharacterOffsetBegin>
            <CharacterOffsetEnd>171</CharacterOffsetEnd>
            <POS>IN</POS>
            <NER>O</NER>
            <Speaker>PER0</Speaker>
          </token>
          <token id="34">
            <word>A</word>
            <lemma>a</lemma>
            <CharacterOffsetBegin>172</CharacterOffsetBegin>
            <CharacterOffsetEnd>173</CharacterOffsetEnd>
            <POS>DT</POS>
            <NER>O</NER>
            <Speaker>PER0</Speaker>
          </token>
          <token id="35">
            <word>CONSEQUENCE</word>
            <lemma>consequence</lemma>
            <CharacterOffsetBegin>174</CharacterOffsetBegin>
            <CharacterOffsetEnd>185</CharacterOffsetEnd>
            <POS>NN</POS>
            <NER>O</NER>
            <Speaker>PER0</Speaker>
          </token>
          <token id="36">
            <word>OF</word>
            <lemma>of</lemma>
            <CharacterOffsetBegin>186</CharacterOffsetBegin>
            <CharacterOffsetEnd>188</CharacterOffsetEnd>
            <POS>IN</POS>
            <NER>O</NER>
            <Speaker>PER0</Speaker>
          </token>
          <token id="37">
            <word>A</word>
            <lemma>a</lemma>
            <CharacterOffsetBegin>189</CharacterOffsetBegin>
            <CharacterOffsetEnd>190</CharacterOffsetEnd>
            <POS>DT</POS>
            <NER>O</NER>
            <Speaker>PER0</Speaker>
          </token>
          <token id="38">
            <word>TERRORIST</word>
            <lemma>terrorist</lemma>
            <CharacterOffsetBegin>191</CharacterOffsetBegin>
            <CharacterOffsetEnd>200</CharacterOffsetEnd>
            <POS>JJ</POS>
            <NER>O</NER>
            <Speaker>PER0</Speaker>
          </token>
          <token id="39">
            <word>ATTACK</word>
            <lemma>attack</lemma>
            <CharacterOffsetBegin>201</CharacterOffsetBegin>
            <CharacterOffsetEnd>207</CharacterOffsetEnd>
            <POS>NN</POS>
            <NER>O</NER>
            <Speaker>PER0</Speaker>
          </token>
          <token id="40">
            <word>.</word>
            <lemma>.</lemma>
            <CharacterOffsetBegin>207</CharacterOffsetBegin>
            <CharacterOffsetEnd>208</CharacterOffsetEnd>
            <POS>.</POS>
            <NER>O</NER>
            <Speaker>PER0</Speaker>
          </token>
        </tokens>
        <parse>(ROOT (S (NP (NP (NN DEV-MUC3-0011)) (PRN (-LRB- -LRB-) (NP (NN NOSC)) (-RRB- -RRB-)) (NP (NNP LIMA)) (, ,) (NP (NP (CD 9) (NNP JAN) (CD 90)) (PRN (-LRB- -LRB-) (NP (NN EFE)) (-RRB- -RRB-))) (: --)) (VP (-LRB- -LSB-) (SBAR (S (NP (NN TEXT) (-RRB- -RSB-) (NNS AUTHORITIES)) (VP (VBP HAVE) (VP (VBN REPORTED) (SBAR (IN THAT) (S (NP (NP (JJ FORMER) (JJ PERUVIAN) (NN DEFENSE) (NN MINISTER)) (NP (JJ GENERAL) (NNP ENRIQUE) (NNP LOPEZ) (NNP ALBUJAR))) (VP (VBD DIED) (NP-TMP (NN TODAY)) (PP (IN IN) (NP (NNP LIMA))) (PP (IN AS) (NP (NP (DT A) (NN CONSEQUENCE)) (PP (IN OF) (NP (DT A) (JJ TERRORIST) (NN ATTACK))))))))))))) (. .))) </parse>
        <dependencies type="basic-dependencies">
          <dep type="root">
            <governor idx="0">ROOT</governor>
            <dependent idx="19">REPORTED</dependent>
          </dep>
          <dep type="nsubj">
            <governor idx="19">REPORTED</governor>
            <dependent idx="1">DEV-MUC3-0011</dependent>
          </dep>
          <dep type="appos">
            <governor idx="1">DEV-MUC3-0011</governor>
            <dependent idx="3">NOSC</dependent>
          </dep>
          <dep type="dep">
            <governor idx="1">DEV-MUC3-0011</governor>
            <dependent idx="5">LIMA</dependent>
          </dep>
          <dep type="nummod">
            <governor idx="8">JAN</governor>
            <dependent idx="7">9</dependent>
          </dep>
          <dep type="appos">
            <governor idx="1">DEV-MUC3-0011</governor>
            <dependent idx="8">JAN</dependent>
          </dep>
          <dep type="nummod">
            <governor idx="8">JAN</governor>
            <dependent idx="9">90</dependent>
          </dep>
          <dep type="appos">
            <governor idx="8">JAN</governor>
            <dependent idx="11">EFE</dependent>
          </dep>
          <dep type="compound">
            <governor idx="17">AUTHORITIES</governor>
            <dependent idx="15">TEXT</dependent>
          </dep>
          <dep type="nsubj">
            <governor idx="19">REPORTED</governor>
            <dependent idx="17">AUTHORITIES</dependent>
          </dep>
          <dep type="aux">
            <governor idx="19">REPORTED</governor>
            <dependent idx="18">HAVE</dependent>
          </dep>
          <dep type="mark">
            <governor idx="29">DIED</governor>
            <dependent idx="20">THAT</dependent>
          </dep>
          <dep type="amod">
            <governor idx="24">MINISTER</governor>
            <dependent idx="21">FORMER</dependent>
          </dep>
          <dep type="amod">
            <governor idx="24">MINISTER</governor>
            <dependent idx="22">PERUVIAN</dependent>
          </dep>
          <dep type="compound">
            <governor idx="24">MINISTER</governor>
            <dependent idx="23">DEFENSE</dependent>
          </dep>
          <dep type="nsubj">
            <governor idx="29">DIED</governor>
            <dependent idx="24">MINISTER</dependent>
          </dep>
          <dep type="amod">
            <governor idx="28">ALBUJAR</governor>
            <dependent idx="25">GENERAL</dependent>
          </dep>
          <dep type="compound">
            <governor idx="28">ALBUJAR</governor>
            <dependent idx="26">ENRIQUE</dependent>
          </dep>
          <dep type="compound">
            <governor idx="28">ALBUJAR</governor>
            <dependent idx="27">LOPEZ</dependent>
          </dep>
          <dep type="dep">
            <governor idx="24">MINISTER</governor>
            <dependent idx="28">ALBUJAR</dependent>
          </dep>
          <dep type="ccomp">
            <governor idx="19">REPORTED</governor>
            <dependent idx="29">DIED</dependent>
          </dep>
          <dep type="nmod:tmod">
            <governor idx="29">DIED</governor>
            <dependent idx="30">TODAY</dependent>
          </dep>
          <dep type="case">
            <governor idx="32">LIMA</governor>
            <dependent idx="31">IN</dependent>
          </dep>
          <dep type="nmod">
            <governor idx="29">DIED</governor>
            <dependent idx="32">LIMA</dependent>
          </dep>
          <dep type="case">
            <governor idx="35">CONSEQUENCE</governor>
            <dependent idx="33">AS</dependent>
          </dep>
          <dep type="det">
            <governor idx="35">CONSEQUENCE</governor>
            <dependent idx="34">A</dependent>
          </dep>
          <dep type="nmod">
            <governor idx="29">DIED</governor>
            <dependent idx="35">CONSEQUENCE</dependent>
          </dep>
          <dep type="case">
            <governor idx="39">ATTACK</governor>
            <dependent idx="36">OF</dependent>
          </dep>
          <dep type="det">
            <governor idx="39">ATTACK</governor>
            <dependent idx="37">A</dependent>
          </dep>
          <dep type="amod">
            <governor idx="39">ATTACK</governor>
            <dependent idx="38">TERRORIST</dependent>
          </dep>
          <dep type="nmod">
            <governor idx="35">CONSEQUENCE</governor>
            <dependent idx="39">ATTACK</dependent>
          </dep>
        </dependencies>
        <dependencies type="collapsed-dependencies">
          <dep type="root">
            <governor idx="0">ROOT</governor>
            <dependent idx="19">REPORTED</dependent>
          </dep>
          <dep type="nsubj">
            <governor idx="19">REPORTED</governor>
            <dependent idx="1">DEV-MUC3-0011</dependent>
          </dep>
          <dep type="appos">
            <governor idx="1">DEV-MUC3-0011</governor>
            <dependent idx="3">NOSC</dependent>
          </dep>
          <dep type="dep">
            <governor idx="1">DEV-MUC3-0011</governor>
            <dependent idx="5">LIMA</dependent>
          </dep>
          <dep type="nummod">
            <governor idx="8">JAN</governor>
            <dependent idx="7">9</dependent>
          </dep>
          <dep type="appos">
            <governor idx="1">DEV-MUC3-0011</governor>
            <dependent idx="8">JAN</dependent>
          </dep>
          <dep type="nummod">
            <governor idx="8">JAN</governor>
            <dependent idx="9">90</dependent>
          </dep>
          <dep type="appos">
            <governor idx="8">JAN</governor>
            <dependent idx="11">EFE</dependent>
          </dep>
          <dep type="compound">
            <governor idx="17">AUTHORITIES</governor>
            <dependent idx="15">TEXT</dependent>
          </dep>
          <dep type="nsubj">
            <governor idx="19">REPORTED</governor>
            <dependent idx="17">AUTHORITIES</dependent>
          </dep>
          <dep type="aux">
            <governor idx="19">REPORTED</governor>
            <dependent idx="18">HAVE</dependent>
          </dep>
          <dep type="mark">
            <governor idx="29">DIED</governor>
            <dependent idx="20">THAT</dependent>
          </dep>
          <dep type="amod">
            <governor idx="24">MINISTER</governor>
            <dependent idx="21">FORMER</dependent>
          </dep>
          <dep type="amod">
            <governor idx="24">MINISTER</governor>
            <dependent idx="22">PERUVIAN</dependent>
          </dep>
          <dep type="compound">
            <governor idx="24">MINISTER</governor>
            <dependent idx="23">DEFENSE</dependent>
          </dep>
          <dep type="nsubj">
            <governor idx="29">DIED</governor>
            <dependent idx="24">MINISTER</dependent>
          </dep>
          <dep type="amod">
            <governor idx="28">ALBUJAR</governor>
            <dependent idx="25">GENERAL</dependent>
          </dep>
          <dep type="compound">
            <governor idx="28">ALBUJAR</governor>
            <dependent idx="26">ENRIQUE</dependent>
          </dep>
          <dep type="compound">
            <governor idx="28">ALBUJAR</governor>
            <dependent idx="27">LOPEZ</dependent>
          </dep>
          <dep type="dep">
            <governor idx="24">MINISTER</governor>
            <dependent idx="28">ALBUJAR</dependent>
          </dep>
          <dep type="ccomp">
            <governor idx="19">REPORTED</governor>
            <dependent idx="29">DIED</dependent>
          </dep>
          <dep type="nmod:tmod">
            <governor idx="29">DIED</governor>
            <dependent idx="30">TODAY</dependent>
          </dep>
          <dep type="case">
            <governor idx="32">LIMA</governor>
            <dependent idx="31">IN</dependent>
          </dep>
          <dep type="nmod:in">
            <governor idx="29">DIED</governor>
            <dependent idx="32">LIMA</dependent>
          </dep>
          <dep type="case">
            <governor idx="35">CONSEQUENCE</governor>
            <dependent idx="33">AS</dependent>
          </dep>
          <dep type="det">
            <governor idx="35">CONSEQUENCE</governor>
            <dependent idx="34">A</dependent>
          </dep>
          <dep type="nmod:as">
            <governor idx="29">DIED</governor>
            <dependent idx="35">CONSEQUENCE</dependent>
          </dep>
          <dep type="case">
            <governor idx="39">ATTACK</governor>
            <dependent idx="36">OF</dependent>
          </dep>
          <dep type="det">
            <governor idx="39">ATTACK</governor>
            <dependent idx="37">A</dependent>
          </dep>
          <dep type="amod">
            <governor idx="39">ATTACK</governor>
            <dependent idx="38">TERRORIST</dependent>
          </dep>
          <dep type="nmod:of">
            <governor idx="35">CONSEQUENCE</governor>
            <dependent idx="39">ATTACK</dependent>
          </dep>
        </dependencies>
        <dependencies type="collapsed-ccprocessed-dependencies">
          <dep type="root">
            <governor idx="0">ROOT</governor>
            <dependent idx="19">REPORTED</dependent>
          </dep>
          <dep type="nsubj">
            <governor idx="19">REPORTED</governor>
            <dependent idx="1">DEV-MUC3-0011</dependent>
          </dep>
          <dep type="appos">
            <governor idx="1">DEV-MUC3-0011</governor>
            <dependent idx="3">NOSC</dependent>
          </dep>
          <dep type="dep">
            <governor idx="1">DEV-MUC3-0011</governor>
            <dependent idx="5">LIMA</dependent>
          </dep>
          <dep type="nummod">
            <governor idx="8">JAN</governor>
            <dependent idx="7">9</dependent>
          </dep>
          <dep type="appos">
            <governor idx="1">DEV-MUC3-0011</governor>
            <dependent idx="8">JAN</dependent>
          </dep>
          <dep type="nummod">
            <governor idx="8">JAN</governor>
            <dependent idx="9">90</dependent>
          </dep>
          <dep type="appos">
            <governor idx="8">JAN</governor>
            <dependent idx="11">EFE</dependent>
          </dep>
          <dep type="compound">
            <governor idx="17">AUTHORITIES</governor>
            <dependent idx="15">TEXT</dependent>
          </dep>
          <dep type="nsubj">
            <governor idx="19">REPORTED</governor>
            <dependent idx="17">AUTHORITIES</dependent>
          </dep>
          <dep type="aux">
            <governor idx="19">REPORTED</governor>
            <dependent idx="18">HAVE</dependent>
          </dep>
          <dep type="mark">
            <governor idx="29">DIED</governor>
            <dependent idx="20">THAT</dependent>
          </dep>
          <dep type="amod">
            <governor idx="24">MINISTER</governor>
            <dependent idx="21">FORMER</dependent>
          </dep>
          <dep type="amod">
            <governor idx="24">MINISTER</governor>
            <dependent idx="22">PERUVIAN</dependent>
          </dep>
          <dep type="compound">
            <governor idx="24">MINISTER</governor>
            <dependent idx="23">DEFENSE</dependent>
          </dep>
          <dep type="nsubj">
            <governor idx="29">DIED</governor>
            <dependent idx="24">MINISTER</dependent>
          </dep>
          <dep type="amod">
            <governor idx="28">ALBUJAR</governor>
            <dependent idx="25">GENERAL</dependent>
          </dep>
          <dep type="compound">
            <governor idx="28">ALBUJAR</governor>
            <dependent idx="26">ENRIQUE</dependent>
          </dep>
          <dep type="compound">
            <governor idx="28">ALBUJAR</governor>
            <dependent idx="27">LOPEZ</dependent>
          </dep>
          <dep type="dep">
            <governor idx="24">MINISTER</governor>
            <dependent idx="28">ALBUJAR</dependent>
          </dep>
          <dep type="ccomp">
            <governor idx="19">REPORTED</governor>
            <dependent idx="29">DIED</dependent>
          </dep>
          <dep type="nmod:tmod">
            <governor idx="29">DIED</governor>
            <dependent idx="30">TODAY</dependent>
          </dep>
          <dep type="case">
            <governor idx="32">LIMA</governor>
            <dependent idx="31">IN</dependent>
          </dep>
          <dep type="nmod:in">
            <governor idx="29">DIED</governor>
            <dependent idx="32">LIMA</dependent>
          </dep>
          <dep type="case">
            <governor idx="35">CONSEQUENCE</governor>
            <dependent idx="33">AS</dependent>
          </dep>
          <dep type="det">
            <governor idx="35">CONSEQUENCE</governor>
            <dependent idx="34">A</dependent>
          </dep>
          <dep type="nmod:as">
            <governor idx="29">DIED</governor>
            <dependent idx="35">CONSEQUENCE</dependent>
          </dep>
          <dep type="case">
            <governor idx="39">ATTACK</governor>
            <dependent idx="36">OF</dependent>
          </dep>
          <dep type="det">
            <governor idx="39">ATTACK</governor>
            <dependent idx="37">A</dependent>
          </dep>
          <dep type="amod">
            <governor idx="39">ATTACK</governor>
            <dependent idx="38">TERRORIST</dependent>
          </dep>
          <dep type="nmod:of">
            <governor idx="35">CONSEQUENCE</governor>
            <dependent idx="39">ATTACK</dependent>
          </dep>
        </dependencies>
      </sentence>
      <sentence id="2">
        <tokens>
          <token id="1">
            <word>LOPEZ</word>
            <lemma>LOPEZ</lemma>
            <CharacterOffsetBegin>213</CharacterOffsetBegin>
            <CharacterOffsetEnd>218</CharacterOffsetEnd>
            <POS>NNP</POS>
            <NER>PERSON</NER>
            <Speaker>PER0</Speaker>
          </token>
          <token id="2">
            <word>ALBUJAR</word>
            <lemma>ALBUJAR</lemma>
            <CharacterOffsetBegin>219</CharacterOffsetBegin>
            <CharacterOffsetEnd>226</CharacterOffsetEnd>
            <POS>NNP</POS>
            <NER>PERSON</NER>
            <Speaker>PER0</Speaker>
          </token>
          <token id="3">
            <word>,</word>
            <lemma>,</lemma>
            <CharacterOffsetBegin>226</CharacterOffsetBegin>
            <CharacterOffsetEnd>227</CharacterOffsetEnd>
            <POS>,</POS>
            <NER>O</NER>
            <Speaker>PER0</Speaker>
          </token>
          <token id="4">
            <word>FORMER</word>
            <lemma>former</lemma>
            <CharacterOffsetBegin>228</CharacterOffsetBegin>
            <CharacterOffsetEnd>234</CharacterOffsetEnd>
            <POS>JJ</POS>
            <NER>O</NER>
            <Speaker>PER0</Speaker>
          </token>
          <token id="5">
            <word>ARMY</word>
            <lemma>ARMY</lemma>
            <CharacterOffsetBegin>235</CharacterOffsetBegin>
            <CharacterOffsetEnd>239</CharacterOffsetEnd>
            <POS>NNP</POS>
            <NER>O</NER>
            <Speaker>PER0</Speaker>
          </token>
          <token id="6">
            <word>COMMANDER</word>
            <lemma>COMMANDER</lemma>
            <CharacterOffsetBegin>240</CharacterOffsetBegin>
            <CharacterOffsetEnd>249</CharacterOffsetEnd>
            <POS>NNP</POS>
            <NER>O</NER>
            <Speaker>PER0</Speaker>
          </token>
          <token id="7">
            <word>GENERAL</word>
            <lemma>GENERAL</lemma>
            <CharacterOffsetBegin>250</CharacterOffsetBegin>
            <CharacterOffsetEnd>257</CharacterOffsetEnd>
            <POS>NNP</POS>
            <NER>O</NER>
            <Speaker>PER0</Speaker>
          </token>
          <token id="8">
            <word>AND</word>
            <lemma>and</lemma>
            <CharacterOffsetBegin>258</CharacterOffsetBegin>
            <CharacterOffsetEnd>261</CharacterOffsetEnd>
            <POS>CC</POS>
            <NER>O</NER>
            <Speaker>PER0</Speaker>
          </token>
          <token id="9">
            <word>DEFENSE</word>
            <lemma>DEFENSE</lemma>
            <CharacterOffsetBegin>262</CharacterOffsetBegin>
            <CharacterOffsetEnd>269</CharacterOffsetEnd>
            <POS>NNP</POS>
            <NER>O</NER>
            <Speaker>PER0</Speaker>
          </token>
          <token id="10">
            <word>MINISTER</word>
            <lemma>MINISTER</lemma>
            <CharacterOffsetBegin>270</CharacterOffsetBegin>
            <CharacterOffsetEnd>278</CharacterOffsetEnd>
            <POS>NNP</POS>
            <NER>O</NER>
            <Speaker>PER0</Speaker>
          </token>
          <token id="11">
            <word>UNTIL</word>
            <lemma>until</lemma>
            <CharacterOffsetBegin>279</CharacterOffsetBegin>
            <CharacterOffsetEnd>284</CharacterOffsetEnd>
            <POS>IN</POS>
            <NER>O</NER>
            <Speaker>PER0</Speaker>
          </token>
          <token id="12">
            <word>MAY</word>
            <lemma>MAY</lemma>
            <CharacterOffsetBegin>285</CharacterOffsetBegin>
            <CharacterOffsetEnd>288</CharacterOffsetEnd>
            <POS>NNP</POS>
            <NER>DATE</NER>
            <NormalizedNER>1989-05</NormalizedNER>
            <Speaker>PER0</Speaker>
            <Timex tid="t3" type="DATE">1989-05</Timex>
          </token>
          <token id="13">
            <word>1989</word>
            <lemma>1989</lemma>
            <CharacterOffsetBegin>289</CharacterOffsetBegin>
            <CharacterOffsetEnd>293</CharacterOffsetEnd>
            <POS>CD</POS>
            <NER>DATE</NER>
            <NormalizedNER>1989-05</NormalizedNER>
            <Speaker>PER0</Speaker>
            <Timex tid="t3" type="DATE">1989-05</Timex>
          </token>
          <token id="14">
            <word>,</word>
            <lemma>,</lemma>
            <CharacterOffsetBegin>293</CharacterOffsetBegin>
            <CharacterOffsetEnd>294</CharacterOffsetEnd>
            <POS>,</POS>
            <NER>O</NER>
            <Speaker>PER0</Speaker>
          </token>
          <token id="15">
            <word>WAS</word>
            <lemma>be</lemma>
            <CharacterOffsetBegin>295</CharacterOffsetBegin>
            <CharacterOffsetEnd>298</CharacterOffsetEnd>
            <POS>VBD</POS>
            <NER>O</NER>
            <Speaker>PER0</Speaker>
          </token>
          <token id="16">
            <word>RIDDLED</word>
            <lemma>riddled</lemma>
            <CharacterOffsetBegin>299</CharacterOffsetBegin>
            <CharacterOffsetEnd>306</CharacterOffsetEnd>
            <POS>JJ</POS>
            <NER>O</NER>
            <Speaker>PER0</Speaker>
          </token>
          <token id="17">
            <word>WITH</word>
            <lemma>with</lemma>
            <CharacterOffsetBegin>307</CharacterOffsetBegin>
            <CharacterOffsetEnd>311</CharacterOffsetEnd>
            <POS>IN</POS>
            <NER>O</NER>
            <Speaker>PER0</Speaker>
          </token>
          <token id="18">
            <word>BULLETS</word>
            <lemma>bullet</lemma>
            <CharacterOffsetBegin>312</CharacterOffsetBegin>
            <CharacterOffsetEnd>319</CharacterOffsetEnd>
            <POS>NNS</POS>
            <NER>O</NER>
            <Speaker>PER0</Speaker>
          </token>
          <token id="19">
            <word>BY</word>
            <lemma>by</lemma>
            <CharacterOffsetBegin>320</CharacterOffsetBegin>
            <CharacterOffsetEnd>322</CharacterOffsetEnd>
            <POS>IN</POS>
            <NER>O</NER>
            <Speaker>PER0</Speaker>
          </token>
          <token id="20">
            <word>THREE</word>
            <lemma>three</lemma>
            <CharacterOffsetBegin>323</CharacterOffsetBegin>
            <CharacterOffsetEnd>328</CharacterOffsetEnd>
            <POS>CD</POS>
            <NER>NUMBER</NER>
            <NormalizedNER>3.0</NormalizedNER>
            <Speaker>PER0</Speaker>
          </token>
          <token id="21">
            <word>YOUNG</word>
            <lemma>young</lemma>
            <CharacterOffsetBegin>329</CharacterOffsetBegin>
            <CharacterOffsetEnd>334</CharacterOffsetEnd>
            <POS>JJ</POS>
            <NER>O</NER>
            <Speaker>PER0</Speaker>
          </token>
          <token id="22">
            <word>INDIVIDUALS</word>
            <lemma>individual</lemma>
            <CharacterOffsetBegin>335</CharacterOffsetBegin>
            <CharacterOffsetEnd>346</CharacterOffsetEnd>
            <POS>NNS</POS>
            <NER>O</NER>
            <Speaker>PER0</Speaker>
          </token>
          <token id="23">
            <word>AS</word>
            <lemma>as</lemma>
            <CharacterOffsetBegin>347</CharacterOffsetBegin>
            <CharacterOffsetEnd>349</CharacterOffsetEnd>
            <POS>IN</POS>
            <NER>O</NER>
            <Speaker>PER0</Speaker>
          </token>
          <token id="24">
            <word>HE</word>
            <lemma>he</lemma>
            <CharacterOffsetBegin>350</CharacterOffsetBegin>
            <CharacterOffsetEnd>352</CharacterOffsetEnd>
            <POS>PRP</POS>
            <NER>O</NER>
            <Speaker>PER0</Speaker>
          </token>
          <token id="25">
            <word>WAS</word>
            <lemma>be</lemma>
            <CharacterOffsetBegin>353</CharacterOffsetBegin>
            <CharacterOffsetEnd>356</CharacterOffsetEnd>
            <POS>VBD</POS>
            <NER>O</NER>
            <Speaker>PER0</Speaker>
          </token>
          <token id="26">
            <word>GETTING</word>
            <lemma>get</lemma>
            <CharacterOffsetBegin>357</CharacterOffsetBegin>
            <CharacterOffsetEnd>364</CharacterOffsetEnd>
            <POS>VBG</POS>
            <NER>O</NER>
            <Speaker>PER0</Speaker>
          </token>
          <token id="27">
            <word>OUT</word>
            <lemma>out</lemma>
            <CharacterOffsetBegin>365</CharacterOffsetBegin>
            <CharacterOffsetEnd>368</CharacterOffsetEnd>
            <POS>IN</POS>
            <NER>O</NER>
            <Speaker>PER0</Speaker>
          </token>
          <token id="28">
            <word>OF</word>
            <lemma>of</lemma>
            <CharacterOffsetBegin>369</CharacterOffsetBegin>
            <CharacterOffsetEnd>371</CharacterOffsetEnd>
            <POS>IN</POS>
            <NER>O</NER>
            <Speaker>PER0</Speaker>
          </token>
          <token id="29">
            <word>HIS</word>
            <lemma>he</lemma>
            <CharacterOffsetBegin>372</CharacterOffsetBegin>
            <CharacterOffsetEnd>375</CharacterOffsetEnd>
            <POS>PRP$</POS>
            <NER>O</NER>
            <Speaker>PER0</Speaker>
          </token>
          <token id="30">
            <word>CAR</word>
            <lemma>car</lemma>
            <CharacterOffsetBegin>376</CharacterOffsetBegin>
            <CharacterOffsetEnd>379</CharacterOffsetEnd>
            <POS>NN</POS>
            <NER>O</NER>
            <Speaker>PER0</Speaker>
          </token>
          <token id="31">
            <word>IN</word>
            <lemma>in</lemma>
            <CharacterOffsetBegin>380</CharacterOffsetBegin>
            <CharacterOffsetEnd>382</CharacterOffsetEnd>
            <POS>IN</POS>
            <NER>O</NER>
            <Speaker>PER0</Speaker>
          </token>
          <token id="32">
            <word>AN</word>
            <lemma>a</lemma>
            <CharacterOffsetBegin>383</CharacterOffsetBegin>
            <CharacterOffsetEnd>385</CharacterOffsetEnd>
            <POS>DT</POS>
            <NER>O</NER>
            <Speaker>PER0</Speaker>
          </token>
          <token id="33">
            <word>OPEN</word>
            <lemma>open</lemma>
            <CharacterOffsetBegin>386</CharacterOffsetBegin>
            <CharacterOffsetEnd>390</CharacterOffsetEnd>
            <POS>JJ</POS>
            <NER>O</NER>
            <Speaker>PER0</Speaker>
          </token>
          <token id="34">
            <word>PARKING</word>
            <lemma>parking</lemma>
            <CharacterOffsetBegin>391</CharacterOffsetBegin>
            <CharacterOffsetEnd>398</CharacterOffsetEnd>
            <POS>NN</POS>
            <NER>O</NER>
            <Speaker>PER0</Speaker>
          </token>
          <token id="35">
            <word>LOT</word>
            <lemma>lot</lemma>
            <CharacterOffsetBegin>399</CharacterOffsetBegin>
            <CharacterOffsetEnd>402</CharacterOffsetEnd>
            <POS>NN</POS>
            <NER>O</NER>
            <Speaker>PER0</Speaker>
          </token>
          <token id="36">
            <word>IN</word>
            <lemma>in</lemma>
            <CharacterOffsetBegin>403</CharacterOffsetBegin>
            <CharacterOffsetEnd>405</CharacterOffsetEnd>
            <POS>IN</POS>
            <NER>O</NER>
            <Speaker>PER0</Speaker>
          </token>
          <token id="37">
            <word>A</word>
            <lemma>a</lemma>
            <CharacterOffsetBegin>406</CharacterOffsetBegin>
            <CharacterOffsetEnd>407</CharacterOffsetEnd>
            <POS>DT</POS>
            <NER>O</NER>
            <Speaker>PER0</Speaker>
          </token>
          <token id="38">
            <word>COMMERCIAL</word>
            <lemma>commercial</lemma>
            <CharacterOffsetBegin>408</CharacterOffsetBegin>
            <CharacterOffsetEnd>418</CharacterOffsetEnd>
            <POS>JJ</POS>
            <NER>O</NER>
            <Speaker>PER0</Speaker>
          </token>
          <token id="39">
            <word>CENTER</word>
            <lemma>center</lemma>
            <CharacterOffsetBegin>419</CharacterOffsetBegin>
            <CharacterOffsetEnd>425</CharacterOffsetEnd>
            <POS>NN</POS>
            <NER>O</NER>
            <Speaker>PER0</Speaker>
          </token>
          <token id="40">
            <word>IN</word>
            <lemma>in</lemma>
            <CharacterOffsetBegin>426</CharacterOffsetBegin>
            <CharacterOffsetEnd>428</CharacterOffsetEnd>
            <POS>IN</POS>
            <NER>O</NER>
            <Speaker>PER0</Speaker>
          </token>
          <token id="41">
            <word>THE</word>
            <lemma>the</lemma>
            <CharacterOffsetBegin>429</CharacterOffsetBegin>
            <CharacterOffsetEnd>432</CharacterOffsetEnd>
            <POS>DT</POS>
            <NER>O</NER>
            <Speaker>PER0</Speaker>
          </token>
          <token id="42">
            <word>RESIDENTIAL</word>
            <lemma>residential</lemma>
            <CharacterOffsetBegin>433</CharacterOffsetBegin>
            <CharacterOffsetEnd>444</CharacterOffsetEnd>
            <POS>JJ</POS>
            <NER>O</NER>
            <Speaker>PER0</Speaker>
          </token>
          <token id="43">
            <word>NEIGHBORHOOD</word>
            <lemma>neighborhood</lemma>
            <CharacterOffsetBegin>445</CharacterOffsetBegin>
            <CharacterOffsetEnd>457</CharacterOffsetEnd>
            <POS>NN</POS>
            <NER>O</NER>
            <Speaker>PER0</Speaker>
          </token>
          <token id="44">
            <word>OF</word>
            <lemma>of</lemma>
            <CharacterOffsetBegin>458</CharacterOffsetBegin>
            <CharacterOffsetEnd>460</CharacterOffsetEnd>
            <POS>IN</POS>
            <NER>O</NER>
            <Speaker>PER0</Speaker>
          </token>
          <token id="45">
            <word>SAN</word>
            <lemma>SAN</lemma>
            <CharacterOffsetBegin>461</CharacterOffsetBegin>
            <CharacterOffsetEnd>464</CharacterOffsetEnd>
            <POS>NNP</POS>
            <NER>LOCATION</NER>
            <Speaker>PER0</Speaker>
          </token>
          <token id="46">
            <word>ISIDRO</word>
            <lemma>ISIDRO</lemma>
            <CharacterOffsetBegin>465</CharacterOffsetBegin>
            <CharacterOffsetEnd>471</CharacterOffsetEnd>
            <POS>NNP</POS>
            <NER>LOCATION</NER>
            <Speaker>PER0</Speaker>
          </token>
          <token id="47">
            <word>.</word>
            <lemma>.</lemma>
            <CharacterOffsetBegin>471</CharacterOffsetBegin>
            <CharacterOffsetEnd>472</CharacterOffsetEnd>
            <POS>.</POS>
            <NER>O</NER>
            <Speaker>PER0</Speaker>
          </token>
        </tokens>
        <parse>(ROOT (S (NP (NP (NNP LOPEZ) (NNP ALBUJAR)) (, ,) (NP (NP (JJ FORMER) (NNP ARMY) (NNP COMMANDER) (NNP GENERAL) (CC AND) (NNP DEFENSE) (NNP MINISTER)) (PP (IN UNTIL) (NP (NNP MAY) (CD 1989)))) (, ,)) (VP (VBD WAS) (VP (JJ RIDDLED) (PP (IN WITH) (NP (NNS BULLETS))) (PP (IN BY) (NP (CD THREE) (JJ YOUNG) (NNS INDIVIDUALS))) (SBAR (IN AS) (S (NP (PRP HE)) (VP (VBD WAS) (VP (VBG GETTING) (ADVP (IN OUT) (PP (IN OF) (NP (PRP$ HIS) (NN CAR)))) (PP (IN IN) (NP (NP (DT AN) (JJ OPEN) (NN PARKING) (NN LOT)) (PP (IN IN) (NP (NP (DT A) (JJ COMMERCIAL) (NN CENTER)) (PP (IN IN) (NP (NP (DT THE) (JJ RESIDENTIAL) (NN NEIGHBORHOOD)) (PP (IN OF) (NP (NNP SAN) (NNP ISIDRO))))))))))))))) (. .))) </parse>
        <dependencies type="basic-dependencies">
          <dep type="root">
            <governor idx="0">ROOT</governor>
            <dependent idx="16">RIDDLED</dependent>
          </dep>
          <dep type="compound">
            <governor idx="2">ALBUJAR</governor>
            <dependent idx="1">LOPEZ</dependent>
          </dep>
          <dep type="nsubj">
            <governor idx="16">RIDDLED</governor>
            <dependent idx="2">ALBUJAR</dependent>
          </dep>
          <dep type="amod">
            <governor idx="7">GENERAL</governor>
            <dependent idx="4">FORMER</dependent>
          </dep>
          <dep type="compound">
            <governor idx="7">GENERAL</governor>
            <dependent idx="5">ARMY</dependent>
          </dep>
          <dep type="compound">
            <governor idx="7">GENERAL</governor>
            <dependent idx="6">COMMANDER</dependent>
          </dep>
          <dep type="appos">
            <governor idx="2">ALBUJAR</governor>
            <dependent idx="7">GENERAL</dependent>
          </dep>
          <dep type="cc">
            <governor idx="7">GENERAL</governor>
            <dependent idx="8">AND</dependent>
          </dep>
          <dep type="compound">
            <governor idx="10">MINISTER</governor>
            <dependent idx="9">DEFENSE</dependent>
          </dep>
          <dep type="conj">
            <governor idx="7">GENERAL</governor>
            <dependent idx="10">MINISTER</dependent>
          </dep>
          <dep type="case">
            <governor idx="12">MAY</governor>
            <dependent idx="11">UNTIL</dependent>
          </dep>
          <dep type="nmod">
            <governor idx="7">GENERAL</governor>
            <dependent idx="12">MAY</dependent>
          </dep>
          <dep type="nummod">
            <governor idx="12">MAY</governor>
            <dependent idx="13">1989</dependent>
          </dep>
          <dep type="aux">
            <governor idx="16">RIDDLED</governor>
            <dependent idx="15">WAS</dependent>
          </dep>
          <dep type="case">
            <governor idx="18">BULLETS</governor>
            <dependent idx="17">WITH</dependent>
          </dep>
          <dep type="nmod">
            <governor idx="16">RIDDLED</governor>
            <dependent idx="18">BULLETS</dependent>
          </dep>
          <dep type="case">
            <governor idx="22">INDIVIDUALS</governor>
            <dependent idx="19">BY</dependent>
          </dep>
          <dep type="nummod">
            <governor idx="22">INDIVIDUALS</governor>
            <dependent idx="20">THREE</dependent>
          </dep>
          <dep type="amod">
            <governor idx="22">INDIVIDUALS</governor>
            <dependent idx="21">YOUNG</dependent>
          </dep>
          <dep type="nmod">
            <governor idx="16">RIDDLED</governor>
            <dependent idx="22">INDIVIDUALS</dependent>
          </dep>
          <dep type="mark">
            <governor idx="26">GETTING</governor>
            <dependent idx="23">AS</dependent>
          </dep>
          <dep type="nsubj">
            <governor idx="26">GETTING</governor>
            <dependent idx="24">HE</dependent>
          </dep>
          <dep type="aux">
            <governor idx="26">GETTING</governor>
            <dependent idx="25">WAS</dependent>
          </dep>
          <dep type="advcl">
            <governor idx="16">RIDDLED</governor>
            <dependent idx="26">GETTING</dependent>
          </dep>
          <dep type="advmod">
            <governor idx="26">GETTING</governor>
            <dependent idx="27">OUT</dependent>
          </dep>
          <dep type="case">
            <governor idx="30">CAR</governor>
            <dependent idx="28">OF</dependent>
          </dep>
          <dep type="nmod:poss">
            <governor idx="30">CAR</governor>
            <dependent idx="29">HIS</dependent>
          </dep>
          <dep type="nmod">
            <governor idx="27">OUT</governor>
            <dependent idx="30">CAR</dependent>
          </dep>
          <dep type="case">
            <governor idx="35">LOT</governor>
            <dependent idx="31">IN</dependent>
          </dep>
          <dep type="det">
            <governor idx="35">LOT</governor>
            <dependent idx="32">AN</dependent>
          </dep>
          <dep type="amod">
            <governor idx="35">LOT</governor>
            <dependent idx="33">OPEN</dependent>
          </dep>
          <dep type="compound">
            <governor idx="35">LOT</governor>
            <dependent idx="34">PARKING</dependent>
          </dep>
          <dep type="nmod">
            <governor idx="26">GETTING</governor>
            <dependent idx="35">LOT</dependent>
          </dep>
          <dep type="case">
            <governor idx="39">CENTER</governor>
            <dependent idx="36">IN</dependent>
          </dep>
          <dep type="det">
            <governor idx="39">CENTER</governor>
            <dependent idx="37">A</dependent>
          </dep>
          <dep type="amod">
            <governor idx="39">CENTER</governor>
            <dependent idx="38">COMMERCIAL</dependent>
          </dep>
          <dep type="nmod">
            <governor idx="35">LOT</governor>
            <dependent idx="39">CENTER</dependent>
          </dep>
          <dep type="case">
            <governor idx="43">NEIGHBORHOOD</governor>
            <dependent idx="40">IN</dependent>
          </dep>
          <dep type="det">
            <governor idx="43">NEIGHBORHOOD</governor>
            <dependent idx="41">THE</dependent>
          </dep>
          <dep type="amod">
            <governor idx="43">NEIGHBORHOOD</governor>
            <dependent idx="42">RESIDENTIAL</dependent>
          </dep>
          <dep type="nmod">
            <governor idx="39">CENTER</governor>
            <dependent idx="43">NEIGHBORHOOD</dependent>
          </dep>
          <dep type="case">
            <governor idx="46">ISIDRO</governor>
            <dependent idx="44">OF</dependent>
          </dep>
          <dep type="compound">
            <governor idx="46">ISIDRO</governor>
            <dependent idx="45">SAN</dependent>
          </dep>
          <dep type="nmod">
            <governor idx="43">NEIGHBORHOOD</governor>
            <dependent idx="46">ISIDRO</dependent>
          </dep>
        </dependencies>
        <dependencies type="collapsed-dependencies">
          <dep type="root">
            <governor idx="0">ROOT</governor>
            <dependent idx="16">RIDDLED</dependent>
          </dep>
          <dep type="compound">
            <governor idx="2">ALBUJAR</governor>
            <dependent idx="1">LOPEZ</dependent>
          </dep>
          <dep type="nsubj">
            <governor idx="16">RIDDLED</governor>
            <dependent idx="2">ALBUJAR</dependent>
          </dep>
          <dep type="amod">
            <governor idx="7">GENERAL</governor>
            <dependent idx="4">FORMER</dependent>
          </dep>
          <dep type="compound">
            <governor idx="7">GENERAL</governor>
            <dependent idx="5">ARMY</dependent>
          </dep>
          <dep type="compound">
            <governor idx="7">GENERAL</governor>
            <dependent idx="6">COMMANDER</dependent>
          </dep>
          <dep type="appos">
            <governor idx="2">ALBUJAR</governor>
            <dependent idx="7">GENERAL</dependent>
          </dep>
          <dep type="cc">
            <governor idx="7">GENERAL</governor>
            <dependent idx="8">AND</dependent>
          </dep>
          <dep type="compound">
            <governor idx="10">MINISTER</governor>
            <dependent idx="9">DEFENSE</dependent>
          </dep>
          <dep type="conj:and">
            <governor idx="7">GENERAL</governor>
            <dependent idx="10">MINISTER</dependent>
          </dep>
          <dep type="case">
            <governor idx="12">MAY</governor>
            <dependent idx="11">UNTIL</dependent>
          </dep>
          <dep type="nmod:until">
            <governor idx="7">GENERAL</governor>
            <dependent idx="12">MAY</dependent>
          </dep>
          <dep type="nummod">
            <governor idx="12">MAY</governor>
            <dependent idx="13">1989</dependent>
          </dep>
          <dep type="aux">
            <governor idx="16">RIDDLED</governor>
            <dependent idx="15">WAS</dependent>
          </dep>
          <dep type="case">
            <governor idx="18">BULLETS</governor>
            <dependent idx="17">WITH</dependent>
          </dep>
          <dep type="nmod:with">
            <governor idx="16">RIDDLED</governor>
            <dependent idx="18">BULLETS</dependent>
          </dep>
          <dep type="case">
            <governor idx="22">INDIVIDUALS</governor>
            <dependent idx="19">BY</dependent>
          </dep>
          <dep type="nummod">
            <governor idx="22">INDIVIDUALS</governor>
            <dependent idx="20">THREE</dependent>
          </dep>
          <dep type="amod">
            <governor idx="22">INDIVIDUALS</governor>
            <dependent idx="21">YOUNG</dependent>
          </dep>
          <dep type="nmod:by">
            <governor idx="16">RIDDLED</governor>
            <dependent idx="22">INDIVIDUALS</dependent>
          </dep>
          <dep type="mark">
            <governor idx="26">GETTING</governor>
            <dependent idx="23">AS</dependent>
          </dep>
          <dep type="nsubj">
            <governor idx="26">GETTING</governor>
            <dependent idx="24">HE</dependent>
          </dep>
          <dep type="aux">
            <governor idx="26">GETTING</governor>
            <dependent idx="25">WAS</dependent>
          </dep>
          <dep type="advcl">
            <governor idx="16">RIDDLED</governor>
            <dependent idx="26">GETTING</dependent>
          </dep>
          <dep type="advmod">
            <governor idx="26">GETTING</governor>
            <dependent idx="27">OUT</dependent>
          </dep>
          <dep type="case">
            <governor idx="30">CAR</governor>
            <dependent idx="28">OF</dependent>
          </dep>
          <dep type="nmod:poss">
            <governor idx="30">CAR</governor>
            <dependent idx="29">HIS</dependent>
          </dep>
          <dep type="nmod:of">
            <governor idx="27">OUT</governor>
            <dependent idx="30">CAR</dependent>
          </dep>
          <dep type="case">
            <governor idx="35">LOT</governor>
            <dependent idx="31">IN</dependent>
          </dep>
          <dep type="det">
            <governor idx="35">LOT</governor>
            <dependent idx="32">AN</dependent>
          </dep>
          <dep type="amod">
            <governor idx="35">LOT</governor>
            <dependent idx="33">OPEN</dependent>
          </dep>
          <dep type="compound">
            <governor idx="35">LOT</governor>
            <dependent idx="34">PARKING</dependent>
          </dep>
          <dep type="nmod:in">
            <governor idx="26">GETTING</governor>
            <dependent idx="35">LOT</dependent>
          </dep>
          <dep type="case">
            <governor idx="39">CENTER</governor>
            <dependent idx="36">IN</dependent>
          </dep>
          <dep type="det">
            <governor idx="39">CENTER</governor>
            <dependent idx="37">A</dependent>
          </dep>
          <dep type="amod">
            <governor idx="39">CENTER</governor>
            <dependent idx="38">COMMERCIAL</dependent>
          </dep>
          <dep type="nmod:in">
            <governor idx="35">LOT</governor>
            <dependent idx="39">CENTER</dependent>
          </dep>
          <dep type="case">
            <governor idx="43">NEIGHBORHOOD</governor>
            <dependent idx="40">IN</dependent>
          </dep>
          <dep type="det">
            <governor idx="43">NEIGHBORHOOD</governor>
            <dependent idx="41">THE</dependent>
          </dep>
          <dep type="amod">
            <governor idx="43">NEIGHBORHOOD</governor>
            <dependent idx="42">RESIDENTIAL</dependent>
          </dep>
          <dep type="nmod:in">
            <governor idx="39">CENTER</governor>
            <dependent idx="43">NEIGHBORHOOD</dependent>
          </dep>
          <dep type="case">
            <governor idx="46">ISIDRO</governor>
            <dependent idx="44">OF</dependent>
          </dep>
          <dep type="compound">
            <governor idx="46">ISIDRO</governor>
            <dependent idx="45">SAN</dependent>
          </dep>
          <dep type="nmod:of">
            <governor idx="43">NEIGHBORHOOD</governor>
            <dependent idx="46">ISIDRO</dependent>
          </dep>
        </dependencies>
        <dependencies type="collapsed-ccprocessed-dependencies">
          <dep type="root">
            <governor idx="0">ROOT</governor>
            <dependent idx="16">RIDDLED</dependent>
          </dep>
          <dep type="compound">
            <governor idx="2">ALBUJAR</governor>
            <dependent idx="1">LOPEZ</dependent>
          </dep>
          <dep type="nsubj">
            <governor idx="16">RIDDLED</governor>
            <dependent idx="2">ALBUJAR</dependent>
          </dep>
          <dep type="amod">
            <governor idx="7">GENERAL</governor>
            <dependent idx="4">FORMER</dependent>
          </dep>
          <dep type="compound">
            <governor idx="7">GENERAL</governor>
            <dependent idx="5">ARMY</dependent>
          </dep>
          <dep type="compound">
            <governor idx="7">GENERAL</governor>
            <dependent idx="6">COMMANDER</dependent>
          </dep>
          <dep type="appos">
            <governor idx="2">ALBUJAR</governor>
            <dependent idx="7">GENERAL</dependent>
          </dep>
          <dep type="cc">
            <governor idx="7">GENERAL</governor>
            <dependent idx="8">AND</dependent>
          </dep>
          <dep type="compound">
            <governor idx="10">MINISTER</governor>
            <dependent idx="9">DEFENSE</dependent>
          </dep>
          <dep type="appos" extra="true">
            <governor idx="2">ALBUJAR</governor>
            <dependent idx="10">MINISTER</dependent>
          </dep>
          <dep type="conj:and">
            <governor idx="7">GENERAL</governor>
            <dependent idx="10">MINISTER</dependent>
          </dep>
          <dep type="case">
            <governor idx="12">MAY</governor>
            <dependent idx="11">UNTIL</dependent>
          </dep>
          <dep type="nmod:until">
            <governor idx="7">GENERAL</governor>
            <dependent idx="12">MAY</dependent>
          </dep>
          <dep type="nummod">
            <governor idx="12">MAY</governor>
            <dependent idx="13">1989</dependent>
          </dep>
          <dep type="aux">
            <governor idx="16">RIDDLED</governor>
            <dependent idx="15">WAS</dependent>
          </dep>
          <dep type="case">
            <governor idx="18">BULLETS</governor>
            <dependent idx="17">WITH</dependent>
          </dep>
          <dep type="nmod:with">
            <governor idx="16">RIDDLED</governor>
            <dependent idx="18">BULLETS</dependent>
          </dep>
          <dep type="case">
            <governor idx="22">INDIVIDUALS</governor>
            <dependent idx="19">BY</dependent>
          </dep>
          <dep type="nummod">
            <governor idx="22">INDIVIDUALS</governor>
            <dependent idx="20">THREE</dependent>
          </dep>
          <dep type="amod">
            <governor idx="22">INDIVIDUALS</governor>
            <dependent idx="21">YOUNG</dependent>
          </dep>
          <dep type="nmod:by">
            <governor idx="16">RIDDLED</governor>
            <dependent idx="22">INDIVIDUALS</dependent>
          </dep>
          <dep type="mark">
            <governor idx="26">GETTING</governor>
            <dependent idx="23">AS</dependent>
          </dep>
          <dep type="nsubj">
            <governor idx="26">GETTING</governor>
            <dependent idx="24">HE</dependent>
          </dep>
          <dep type="aux">
            <governor idx="26">GETTING</governor>
            <dependent idx="25">WAS</dependent>
          </dep>
          <dep type="advcl">
            <governor idx="16">RIDDLED</governor>
            <dependent idx="26">GETTING</dependent>
          </dep>
          <dep type="advmod">
            <governor idx="26">GETTING</governor>
            <dependent idx="27">OUT</dependent>
          </dep>
          <dep type="case">
            <governor idx="30">CAR</governor>
            <dependent idx="28">OF</dependent>
          </dep>
          <dep type="nmod:poss">
            <governor idx="30">CAR</governor>
            <dependent idx="29">HIS</dependent>
          </dep>
          <dep type="nmod:of">
            <governor idx="27">OUT</governor>
            <dependent idx="30">CAR</dependent>
          </dep>
          <dep type="case">
            <governor idx="35">LOT</governor>
            <dependent idx="31">IN</dependent>
          </dep>
          <dep type="det">
            <governor idx="35">LOT</governor>
            <dependent idx="32">AN</dependent>
          </dep>
          <dep type="amod">
            <governor idx="35">LOT</governor>
            <dependent idx="33">OPEN</dependent>
          </dep>
          <dep type="compound">
            <governor idx="35">LOT</governor>
            <dependent idx="34">PARKING</dependent>
          </dep>
          <dep type="nmod:in">
            <governor idx="26">GETTING</governor>
            <dependent idx="35">LOT</dependent>
          </dep>
          <dep type="case">
            <governor idx="39">CENTER</governor>
            <dependent idx="36">IN</dependent>
          </dep>
          <dep type="det">
            <governor idx="39">CENTER</governor>
            <dependent idx="37">A</dependent>
          </dep>
          <dep type="amod">
            <governor idx="39">CENTER</governor>
            <dependent idx="38">COMMERCIAL</dependent>
          </dep>
          <dep type="nmod:in">
            <governor idx="35">LOT</governor>
            <dependent idx="39">CENTER</dependent>
          </dep>
          <dep type="case">
            <governor idx="43">NEIGHBORHOOD</governor>
            <dependent idx="40">IN</dependent>
          </dep>
          <dep type="det">
            <governor idx="43">NEIGHBORHOOD</governor>
            <dependent idx="41">THE</dependent>
          </dep>
          <dep type="amod">
            <governor idx="43">NEIGHBORHOOD</governor>
            <dependent idx="42">RESIDENTIAL</dependent>
          </dep>
          <dep type="nmod:in">
            <governor idx="39">CENTER</governor>
            <dependent idx="43">NEIGHBORHOOD</dependent>
          </dep>
          <dep type="case">
            <governor idx="46">ISIDRO</governor>
            <dependent idx="44">OF</dependent>
          </dep>
          <dep type="compound">
            <governor idx="46">ISIDRO</governor>
            <dependent idx="45">SAN</dependent>
          </dep>
          <dep type="nmod:of">
            <governor idx="43">NEIGHBORHOOD</governor>
            <dependent idx="46">ISIDRO</dependent>
          </dep>
        </dependencies>
      </sentence>
      <sentence id="3">
        <tokens>
          <token id="1">
            <word>LOPEZ</word>
            <lemma>LOPEZ</lemma>
            <CharacterOffsetBegin>477</CharacterOffsetBegin>
            <CharacterOffsetEnd>482</CharacterOffsetEnd>
            <POS>NNP</POS>
            <NER>PERSON</NER>
            <Speaker>PER0</Speaker>
          </token>
          <token id="2">
            <word>ALBUJAR</word>
            <lemma>ALBUJAR</lemma>
            <CharacterOffsetBegin>483</CharacterOffsetBegin>
            <CharacterOffsetEnd>490</CharacterOffsetEnd>
            <POS>NNP</POS>
            <NER>PERSON</NER>
            <Speaker>PER0</Speaker>
          </token>
          <token id="3">
            <word>,</word>
            <lemma>,</lemma>
            <CharacterOffsetBegin>490</CharacterOffsetBegin>
            <CharacterOffsetEnd>491</CharacterOffsetEnd>
            <POS>,</POS>
            <NER>O</NER>
            <Speaker>PER0</Speaker>
          </token>
          <token id="4">
            <word>63</word>
            <lemma>63</lemma>
            <CharacterOffsetBegin>492</CharacterOffsetBegin>
            <CharacterOffsetEnd>494</CharacterOffsetEnd>
            <POS>CD</POS>
            <NER>NUMBER</NER>
            <NormalizedNER>63.0</NormalizedNER>
            <Speaker>PER0</Speaker>
          </token>
          <token id="5">
            <word>,</word>
            <lemma>,</lemma>
            <CharacterOffsetBegin>494</CharacterOffsetBegin>
            <CharacterOffsetEnd>495</CharacterOffsetEnd>
            <POS>,</POS>
            <NER>O</NER>
            <Speaker>PER0</Speaker>
          </token>
          <token id="6">
            <word>WAS</word>
            <lemma>be</lemma>
            <CharacterOffsetBegin>496</CharacterOffsetBegin>
            <CharacterOffsetEnd>499</CharacterOffsetEnd>
            <POS>VBD</POS>
            <NER>O</NER>
            <Speaker>PER0</Speaker>
          </token>
          <token id="7">
            <word>DRIVING</word>
            <lemma>drive</lemma>
            <CharacterOffsetBegin>500</CharacterOffsetBegin>
            <CharacterOffsetEnd>507</CharacterOffsetEnd>
            <POS>VBG</POS>
            <NER>O</NER>
            <Speaker>PER0</Speaker>
          </token>
          <token id="8">
            <word>HIS</word>
            <lemma>he</lemma>
            <CharacterOffsetBegin>508</CharacterOffsetBegin>
            <CharacterOffsetEnd>511</CharacterOffsetEnd>
            <POS>PRP$</POS>
            <NER>O</NER>
            <Speaker>PER0</Speaker>
          </token>
          <token id="9">
            <word>OWN</word>
            <lemma>own</lemma>
            <CharacterOffsetBegin>512</CharacterOffsetBegin>
            <CharacterOffsetEnd>515</CharacterOffsetEnd>
            <POS>JJ</POS>
            <NER>O</NER>
            <Speaker>PER0</Speaker>
          </token>
          <token id="10">
            <word>CAR</word>
            <lemma>car</lemma>
            <CharacterOffsetBegin>516</CharacterOffsetBegin>
            <CharacterOffsetEnd>519</CharacterOffsetEnd>
            <POS>NN</POS>
            <NER>O</NER>
            <Speaker>PER0</Speaker>
          </token>
          <token id="11">
            <word>WITHOUT</word>
            <lemma>without</lemma>
            <CharacterOffsetBegin>520</CharacterOffsetBegin>
            <CharacterOffsetEnd>527</CharacterOffsetEnd>
            <POS>IN</POS>
            <NER>O</NER>
            <Speaker>PER0</Speaker>
          </token>
          <token id="12">
            <word>AN</word>
            <lemma>a</lemma>
            <CharacterOffsetBegin>528</CharacterOffsetBegin>
            <CharacterOffsetEnd>530</CharacterOffsetEnd>
            <POS>DT</POS>
            <NER>O</NER>
            <Speaker>PER0</Speaker>
          </token>
          <token id="13">
            <word>ESCORT</word>
            <lemma>escort</lemma>
            <CharacterOffsetBegin>531</CharacterOffsetBegin>
            <CharacterOffsetEnd>537</CharacterOffsetEnd>
            <POS>NN</POS>
            <NER>O</NER>
            <Speaker>PER0</Speaker>
          </token>
          <token id="14">
            <word>.</word>
            <lemma>.</lemma>
            <CharacterOffsetBegin>537</CharacterOffsetBegin>
            <CharacterOffsetEnd>538</CharacterOffsetEnd>
            <POS>.</POS>
            <NER>O</NER>
            <Speaker>PER0</Speaker>
          </token>
        </tokens>
        <parse>(ROOT (S (NP (NP (NNP LOPEZ) (NNP ALBUJAR)) (, ,) (NP (CD 63)) (, ,)) (VP (VBD WAS) (VP (VBG DRIVING) (NP (PRP$ HIS) (JJ OWN) (NN CAR)) (PP (IN WITHOUT) (NP (DT AN) (NN ESCORT))))) (. .))) </parse>
        <dependencies type="basic-dependencies">
          <dep type="root">
            <governor idx="0">ROOT</governor>
            <dependent idx="7">DRIVING</dependent>
          </dep>
          <dep type="compound">
            <governor idx="2">ALBUJAR</governor>
            <dependent idx="1">LOPEZ</dependent>
          </dep>
          <dep type="nsubj">
            <governor idx="7">DRIVING</governor>
            <dependent idx="2">ALBUJAR</dependent>
          </dep>
          <dep type="amod">
            <governor idx="2">ALBUJAR</governor>
            <dependent idx="4">63</dependent>
          </dep>
          <dep type="aux">
            <governor idx="7">DRIVING</governor>
            <dependent idx="6">WAS</dependent>
          </dep>
          <dep type="nmod:poss">
            <governor idx="10">CAR</governor>
            <dependent idx="8">HIS</dependent>
          </dep>
          <dep type="amod">
            <governor idx="10">CAR</governor>
            <dependent idx="9">OWN</dependent>
          </dep>
          <dep type="dobj">
            <governor idx="7">DRIVING</governor>
            <dependent idx="10">CAR</dependent>
          </dep>
          <dep type="case">
            <governor idx="13">ESCORT</governor>
            <dependent idx="11">WITHOUT</dependent>
          </dep>
          <dep type="det">
            <governor idx="13">ESCORT</governor>
            <dependent idx="12">AN</dependent>
          </dep>
          <dep type="nmod">
            <governor idx="7">DRIVING</governor>
            <dependent idx="13">ESCORT</dependent>
          </dep>
        </dependencies>
        <dependencies type="collapsed-dependencies">
          <dep type="root">
            <governor idx="0">ROOT</governor>
            <dependent idx="7">DRIVING</dependent>
          </dep>
          <dep type="compound">
            <governor idx="2">ALBUJAR</governor>
            <dependent idx="1">LOPEZ</dependent>
          </dep>
          <dep type="nsubj">
            <governor idx="7">DRIVING</governor>
            <dependent idx="2">ALBUJAR</dependent>
          </dep>
          <dep type="amod">
            <governor idx="2">ALBUJAR</governor>
            <dependent idx="4">63</dependent>
          </dep>
          <dep type="aux">
            <governor idx="7">DRIVING</governor>
            <dependent idx="6">WAS</dependent>
          </dep>
          <dep type="nmod:poss">
            <governor idx="10">CAR</governor>
            <dependent idx="8">HIS</dependent>
          </dep>
          <dep type="amod">
            <governor idx="10">CAR</governor>
            <dependent idx="9">OWN</dependent>
          </dep>
          <dep type="dobj">
            <governor idx="7">DRIVING</governor>
            <dependent idx="10">CAR</dependent>
          </dep>
          <dep type="case">
            <governor idx="13">ESCORT</governor>
            <dependent idx="11">WITHOUT</dependent>
          </dep>
          <dep type="det">
            <governor idx="13">ESCORT</governor>
            <dependent idx="12">AN</dependent>
          </dep>
          <dep type="nmod:without">
            <governor idx="7">DRIVING</governor>
            <dependent idx="13">ESCORT</dependent>
          </dep>
        </dependencies>
        <dependencies type="collapsed-ccprocessed-dependencies">
          <dep type="root">
            <governor idx="0">ROOT</governor>
            <dependent idx="7">DRIVING</dependent>
          </dep>
          <dep type="compound">
            <governor idx="2">ALBUJAR</governor>
            <dependent idx="1">LOPEZ</dependent>
          </dep>
          <dep type="nsubj">
            <governor idx="7">DRIVING</governor>
            <dependent idx="2">ALBUJAR</dependent>
          </dep>
          <dep type="amod">
            <governor idx="2">ALBUJAR</governor>
            <dependent idx="4">63</dependent>
          </dep>
          <dep type="aux">
            <governor idx="7">DRIVING</governor>
            <dependent idx="6">WAS</dependent>
          </dep>
          <dep type="nmod:poss">
            <governor idx="10">CAR</governor>
            <dependent idx="8">HIS</dependent>
          </dep>
          <dep type="amod">
            <governor idx="10">CAR</governor>
            <dependent idx="9">OWN</dependent>
          </dep>
          <dep type="dobj">
            <governor idx="7">DRIVING</governor>
            <dependent idx="10">CAR</dependent>
          </dep>
          <dep type="case">
            <governor idx="13">ESCORT</governor>
            <dependent idx="11">WITHOUT</dependent>
          </dep>
          <dep type="det">
            <governor idx="13">ESCORT</governor>
            <dependent idx="12">AN</dependent>
          </dep>
          <dep type="nmod:without">
            <governor idx="7">DRIVING</governor>
            <dependent idx="13">ESCORT</dependent>
          </dep>
        </dependencies>
      </sentence>
      <sentence id="4">
        <tokens>
          <token id="1">
            <word>HE</word>
            <lemma>he</lemma>
            <CharacterOffsetBegin>540</CharacterOffsetBegin>
            <CharacterOffsetEnd>542</CharacterOffsetEnd>
            <POS>PRP</POS>
            <NER>O</NER>
            <Speaker>PER0</Speaker>
          </token>
          <token id="2">
            <word>WAS</word>
            <lemma>be</lemma>
            <CharacterOffsetBegin>543</CharacterOffsetBegin>
            <CharacterOffsetEnd>546</CharacterOffsetEnd>
            <POS>VBD</POS>
            <NER>O</NER>
            <Speaker>PER0</Speaker>
          </token>
          <token id="3">
            <word>SHOT</word>
            <lemma>shoot</lemma>
            <CharacterOffsetBegin>547</CharacterOffsetBegin>
            <CharacterOffsetEnd>551</CharacterOffsetEnd>
            <POS>VBN</POS>
            <NER>O</NER>
            <Speaker>PER0</Speaker>
          </token>
          <token id="4">
            <word>EIGHT</word>
            <lemma>eight</lemma>
            <CharacterOffsetBegin>552</CharacterOffsetBegin>
            <CharacterOffsetEnd>557</CharacterOffsetEnd>
            <POS>CD</POS>
            <NER>NUMBER</NER>
            <NormalizedNER>8.0</NormalizedNER>
            <Speaker>PER0</Speaker>
          </token>
          <token id="5">
            <word>TIMES</word>
            <lemma>time</lemma>
            <CharacterOffsetBegin>558</CharacterOffsetBegin>
            <CharacterOffsetEnd>563</CharacterOffsetEnd>
            <POS>NNS</POS>
            <NER>O</NER>
            <Speaker>PER0</Speaker>
          </token>
          <token id="6">
            <word>IN</word>
            <lemma>in</lemma>
            <CharacterOffsetBegin>564</CharacterOffsetBegin>
            <CharacterOffsetEnd>566</CharacterOffsetEnd>
            <POS>IN</POS>
            <NER>O</NER>
            <Speaker>PER0</Speaker>
          </token>
          <token id="7">
            <word>THE</word>
            <lemma>the</lemma>
            <CharacterOffsetBegin>567</CharacterOffsetBegin>
            <CharacterOffsetEnd>570</CharacterOffsetEnd>
            <POS>DT</POS>
            <NER>O</NER>
            <Speaker>PER0</Speaker>
          </token>
          <token id="8">
            <word>CHEST</word>
            <lemma>chest</lemma>
            <CharacterOffsetBegin>571</CharacterOffsetBegin>
            <CharacterOffsetEnd>576</CharacterOffsetEnd>
            <POS>NN</POS>
            <NER>O</NER>
            <Speaker>PER0</Speaker>
          </token>
          <token id="9">
            <word>.</word>
            <lemma>.</lemma>
            <CharacterOffsetBegin>576</CharacterOffsetBegin>
            <CharacterOffsetEnd>577</CharacterOffsetEnd>
            <POS>.</POS>
            <NER>O</NER>
            <Speaker>PER0</Speaker>
          </token>
        </tokens>
        <parse>(ROOT (S (NP (PRP HE)) (VP (VBD WAS) (VP (VBN SHOT) (NP-TMP (CD EIGHT) (NNS TIMES)) (PP (IN IN) (NP (DT THE) (NN CHEST))))) (. .))) </parse>
        <dependencies type="basic-dependencies">
          <dep type="root">
            <governor idx="0">ROOT</governor>
            <dependent idx="3">SHOT</dependent>
          </dep>
          <dep type="nsubjpass">
            <governor idx="3">SHOT</governor>
            <dependent idx="1">HE</dependent>
          </dep>
          <dep type="auxpass">
            <governor idx="3">SHOT</governor>
            <dependent idx="2">WAS</dependent>
          </dep>
          <dep type="nummod">
            <governor idx="5">TIMES</governor>
            <dependent idx="4">EIGHT</dependent>
          </dep>
          <dep type="nmod:tmod">
            <governor idx="3">SHOT</governor>
            <dependent idx="5">TIMES</dependent>
          </dep>
          <dep type="case">
            <governor idx="8">CHEST</governor>
            <dependent idx="6">IN</dependent>
          </dep>
          <dep type="det">
            <governor idx="8">CHEST</governor>
            <dependent idx="7">THE</dependent>
          </dep>
          <dep type="nmod">
            <governor idx="3">SHOT</governor>
            <dependent idx="8">CHEST</dependent>
          </dep>
        </dependencies>
        <dependencies type="collapsed-dependencies">
          <dep type="root">
            <governor idx="0">ROOT</governor>
            <dependent idx="3">SHOT</dependent>
          </dep>
          <dep type="nsubjpass">
            <governor idx="3">SHOT</governor>
            <dependent idx="1">HE</dependent>
          </dep>
          <dep type="auxpass">
            <governor idx="3">SHOT</governor>
            <dependent idx="2">WAS</dependent>
          </dep>
          <dep type="nummod">
            <governor idx="5">TIMES</governor>
            <dependent idx="4">EIGHT</dependent>
          </dep>
          <dep type="nmod:tmod">
            <governor idx="3">SHOT</governor>
            <dependent idx="5">TIMES</dependent>
          </dep>
          <dep type="case">
            <governor idx="8">CHEST</governor>
            <dependent idx="6">IN</dependent>
          </dep>
          <dep type="det">
            <governor idx="8">CHEST</governor>
            <dependent idx="7">THE</dependent>
          </dep>
          <dep type="nmod:in">
            <governor idx="3">SHOT</governor>
            <dependent idx="8">CHEST</dependent>
          </dep>
        </dependencies>
        <dependencies type="collapsed-ccprocessed-dependencies">
          <dep type="root">
            <governor idx="0">ROOT</governor>
            <dependent idx="3">SHOT</dependent>
          </dep>
          <dep type="nsubjpass">
            <governor idx="3">SHOT</governor>
            <dependent idx="1">HE</dependent>
          </dep>
          <dep type="auxpass">
            <governor idx="3">SHOT</governor>
            <dependent idx="2">WAS</dependent>
          </dep>
          <dep type="nummod">
            <governor idx="5">TIMES</governor>
            <dependent idx="4">EIGHT</dependent>
          </dep>
          <dep type="nmod:tmod">
            <governor idx="3">SHOT</governor>
            <dependent idx="5">TIMES</dependent>
          </dep>
          <dep type="case">
            <governor idx="8">CHEST</governor>
            <dependent idx="6">IN</dependent>
          </dep>
          <dep type="det">
            <governor idx="8">CHEST</governor>
            <dependent idx="7">THE</dependent>
          </dep>
          <dep type="nmod:in">
            <governor idx="3">SHOT</governor>
            <dependent idx="8">CHEST</dependent>
          </dep>
        </dependencies>
      </sentence>
      <sentence id="5">
        <tokens>
          <token id="1">
            <word>THE</word>
            <lemma>the</lemma>
            <CharacterOffsetBegin>579</CharacterOffsetBegin>
            <CharacterOffsetEnd>582</CharacterOffsetEnd>
            <POS>DT</POS>
            <NER>O</NER>
            <Speaker>PER0</Speaker>
          </token>
          <token id="2">
            <word>FORMER</word>
            <lemma>former</lemma>
            <CharacterOffsetBegin>583</CharacterOffsetBegin>
            <CharacterOffsetEnd>589</CharacterOffsetEnd>
            <POS>JJ</POS>
            <NER>O</NER>
            <Speaker>PER0</Speaker>
          </token>
          <token id="3">
            <word>MINISTER</word>
            <lemma>minister</lemma>
            <CharacterOffsetBegin>590</CharacterOffsetBegin>
            <CharacterOffsetEnd>598</CharacterOffsetEnd>
            <POS>NN</POS>
            <NER>O</NER>
            <Speaker>PER0</Speaker>
          </token>
          <token id="4">
            <word>WAS</word>
            <lemma>be</lemma>
            <CharacterOffsetBegin>599</CharacterOffsetBegin>
            <CharacterOffsetEnd>602</CharacterOffsetEnd>
            <POS>VBD</POS>
            <NER>O</NER>
            <Speaker>PER0</Speaker>
          </token>
          <token id="5">
            <word>RUSHED</word>
            <lemma>rush</lemma>
            <CharacterOffsetBegin>603</CharacterOffsetBegin>
            <CharacterOffsetEnd>609</CharacterOffsetEnd>
            <POS>VBN</POS>
            <NER>O</NER>
            <Speaker>PER0</Speaker>
          </token>
          <token id="6">
            <word>TO</word>
            <lemma>to</lemma>
            <CharacterOffsetBegin>610</CharacterOffsetBegin>
            <CharacterOffsetEnd>612</CharacterOffsetEnd>
            <POS>TO</POS>
            <NER>O</NER>
            <Speaker>PER0</Speaker>
          </token>
          <token id="7">
            <word>THE</word>
            <lemma>the</lemma>
            <CharacterOffsetBegin>613</CharacterOffsetBegin>
            <CharacterOffsetEnd>616</CharacterOffsetEnd>
            <POS>DT</POS>
            <NER>O</NER>
            <Speaker>PER0</Speaker>
          </token>
          <token id="8">
            <word>AIR</word>
            <lemma>AIR</lemma>
            <CharacterOffsetBegin>617</CharacterOffsetBegin>
            <CharacterOffsetEnd>620</CharacterOffsetEnd>
            <POS>NNP</POS>
            <NER>ORGANIZATION</NER>
            <Speaker>PER0</Speaker>
          </token>
          <token id="9">
            <word>FORCE</word>
            <lemma>FORCE</lemma>
            <CharacterOffsetBegin>621</CharacterOffsetBegin>
            <CharacterOffsetEnd>626</CharacterOffsetEnd>
            <POS>NNP</POS>
            <NER>ORGANIZATION</NER>
            <Speaker>PER0</Speaker>
          </token>
          <token id="10">
            <word>HOSPITAL</word>
            <lemma>HOSPITAL</lemma>
            <CharacterOffsetBegin>627</CharacterOffsetBegin>
            <CharacterOffsetEnd>635</CharacterOffsetEnd>
            <POS>NNP</POS>
            <NER>O</NER>
            <Speaker>PER0</Speaker>
          </token>
          <token id="11">
            <word>WHERE</word>
            <lemma>where</lemma>
            <CharacterOffsetBegin>636</CharacterOffsetBegin>
            <CharacterOffsetEnd>641</CharacterOffsetEnd>
            <POS>WRB</POS>
            <NER>O</NER>
            <Speaker>PER0</Speaker>
          </token>
          <token id="12">
            <word>HE</word>
            <lemma>he</lemma>
            <CharacterOffsetBegin>642</CharacterOffsetBegin>
            <CharacterOffsetEnd>644</CharacterOffsetEnd>
            <POS>PRP</POS>
            <NER>O</NER>
            <Speaker>PER0</Speaker>
          </token>
          <token id="13">
            <word>DIED</word>
            <lemma>die</lemma>
            <CharacterOffsetBegin>645</CharacterOffsetBegin>
            <CharacterOffsetEnd>649</CharacterOffsetEnd>
            <POS>VBD</POS>
            <NER>O</NER>
            <Speaker>PER0</Speaker>
          </token>
          <token id="14">
            <word>.</word>
            <lemma>.</lemma>
            <CharacterOffsetBegin>649</CharacterOffsetBegin>
            <CharacterOffsetEnd>650</CharacterOffsetEnd>
            <POS>.</POS>
            <NER>O</NER>
            <Speaker>PER0</Speaker>
          </token>
        </tokens>
        <parse>(ROOT (S (NP (DT THE) (JJ FORMER) (NN MINISTER)) (VP (VBD WAS) (VP (VBN RUSHED) (PP (TO TO) (NP (DT THE) (NNP AIR) (NNP FORCE) (NNP HOSPITAL))) (SBAR (WHADVP (WRB WHERE)) (S (NP (PRP HE)) (VP (VBD DIED)))))) (. .))) </parse>
        <dependencies type="basic-dependencies">
          <dep type="root">
            <governor idx="0">ROOT</governor>
            <dependent idx="5">RUSHED</dependent>
          </dep>
          <dep type="det">
            <governor idx="3">MINISTER</governor>
            <dependent idx="1">THE</dependent>
          </dep>
          <dep type="amod">
            <governor idx="3">MINISTER</governor>
            <dependent idx="2">FORMER</dependent>
          </dep>
          <dep type="nsubjpass">
            <governor idx="5">RUSHED</governor>
            <dependent idx="3">MINISTER</dependent>
          </dep>
          <dep type="auxpass">
            <governor idx="5">RUSHED</governor>
            <dependent idx="4">WAS</dependent>
          </dep>
          <dep type="case">
            <governor idx="10">HOSPITAL</governor>
            <dependent idx="6">TO</dependent>
          </dep>
          <dep type="det">
            <governor idx="10">HOSPITAL</governor>
            <dependent idx="7">THE</dependent>
          </dep>
          <dep type="compound">
            <governor idx="10">HOSPITAL</governor>
            <dependent idx="8">AIR</dependent>
          </dep>
          <dep type="compound">
            <governor idx="10">HOSPITAL</governor>
            <dependent idx="9">FORCE</dependent>
          </dep>
          <dep type="nmod">
            <governor idx="5">RUSHED</governor>
            <dependent idx="10">HOSPITAL</dependent>
          </dep>
          <dep type="advmod">
            <governor idx="13">DIED</governor>
            <dependent idx="11">WHERE</dependent>
          </dep>
          <dep type="nsubj">
            <governor idx="13">DIED</governor>
            <dependent idx="12">HE</dependent>
          </dep>
          <dep type="advcl">
            <governor idx="5">RUSHED</governor>
            <dependent idx="13">DIED</dependent>
          </dep>
        </dependencies>
        <dependencies type="collapsed-dependencies">
          <dep type="root">
            <governor idx="0">ROOT</governor>
            <dependent idx="5">RUSHED</dependent>
          </dep>
          <dep type="det">
            <governor idx="3">MINISTER</governor>
            <dependent idx="1">THE</dependent>
          </dep>
          <dep type="amod">
            <governor idx="3">MINISTER</governor>
            <dependent idx="2">FORMER</dependent>
          </dep>
          <dep type="nsubjpass">
            <governor idx="5">RUSHED</governor>
            <dependent idx="3">MINISTER</dependent>
          </dep>
          <dep type="auxpass">
            <governor idx="5">RUSHED</governor>
            <dependent idx="4">WAS</dependent>
          </dep>
          <dep type="case">
            <governor idx="10">HOSPITAL</governor>
            <dependent idx="6">TO</dependent>
          </dep>
          <dep type="det">
            <governor idx="10">HOSPITAL</governor>
            <dependent idx="7">THE</dependent>
          </dep>
          <dep type="compound">
            <governor idx="10">HOSPITAL</governor>
            <dependent idx="8">AIR</dependent>
          </dep>
          <dep type="compound">
            <governor idx="10">HOSPITAL</governor>
            <dependent idx="9">FORCE</dependent>
          </dep>
          <dep type="nmod:to">
            <governor idx="5">RUSHED</governor>
            <dependent idx="10">HOSPITAL</dependent>
          </dep>
          <dep type="advmod">
            <governor idx="13">DIED</governor>
            <dependent idx="11">WHERE</dependent>
          </dep>
          <dep type="nsubj">
            <governor idx="13">DIED</governor>
            <dependent idx="12">HE</dependent>
          </dep>
          <dep type="advcl">
            <governor idx="5">RUSHED</governor>
            <dependent idx="13">DIED</dependent>
          </dep>
        </dependencies>
        <dependencies type="collapsed-ccprocessed-dependencies">
          <dep type="root">
            <governor idx="0">ROOT</governor>
            <dependent idx="5">RUSHED</dependent>
          </dep>
          <dep type="det">
            <governor idx="3">MINISTER</governor>
            <dependent idx="1">THE</dependent>
          </dep>
          <dep type="amod">
            <governor idx="3">MINISTER</governor>
            <dependent idx="2">FORMER</dependent>
          </dep>
          <dep type="nsubjpass">
            <governor idx="5">RUSHED</governor>
            <dependent idx="3">MINISTER</dependent>
          </dep>
          <dep type="auxpass">
            <governor idx="5">RUSHED</governor>
            <dependent idx="4">WAS</dependent>
          </dep>
          <dep type="case">
            <governor idx="10">HOSPITAL</governor>
            <dependent idx="6">TO</dependent>
          </dep>
          <dep type="det">
            <governor idx="10">HOSPITAL</governor>
            <dependent idx="7">THE</dependent>
          </dep>
          <dep type="compound">
            <governor idx="10">HOSPITAL</governor>
            <dependent idx="8">AIR</dependent>
          </dep>
          <dep type="compound">
            <governor idx="10">HOSPITAL</governor>
            <dependent idx="9">FORCE</dependent>
          </dep>
          <dep type="nmod:to">
            <governor idx="5">RUSHED</governor>
            <dependent idx="10">HOSPITAL</dependent>
          </dep>
          <dep type="advmod">
            <governor idx="13">DIED</governor>
            <dependent idx="11">WHERE</dependent>
          </dep>
          <dep type="nsubj">
            <governor idx="13">DIED</governor>
            <dependent idx="12">HE</dependent>
          </dep>
          <dep type="advcl">
            <governor idx="5">RUSHED</governor>
            <dependent idx="13">DIED</dependent>
          </dep>
        </dependencies>
      </sentence>
    </sentences>
    <coreference>
      <coreference>
        <mention representative="true">
          <sentence>1</sentence>
          <start>5</start>
          <end>6</end>
          <head>5</head>
          <text>LIMA</text>
        </mention>
        <mention>
          <sentence>1</sentence>
          <start>32</start>
          <end>33</end>
          <head>32</head>
          <text>LIMA</text>
        </mention>
      </coreference>
      <coreference>
        <mention representative="true">
          <sentence>1</sentence>
          <start>25</start>
          <end>29</end>
          <head>28</head>
          <text>GENERAL ENRIQUE LOPEZ ALBUJAR</text>
        </mention>
        <mention>
          <sentence>2</sentence>
          <start>1</start>
          <end>3</end>
          <head>2</head>
          <text>LOPEZ ALBUJAR</text>
        </mention>
        <mention>
          <sentence>2</sentence>
          <start>24</start>
          <end>25</end>
          <head>24</head>
          <text>HE</text>
        </mention>
        <mention>
          <sentence>2</sentence>
          <start>29</start>
          <end>30</end>
          <head>29</head>
          <text>HIS</text>
        </mention>
        <mention>
          <sentence>3</sentence>
          <start>1</start>
          <end>5</end>
          <head>2</head>
          <text>LOPEZ ALBUJAR , 63</text>
        </mention>
        <mention>
          <sentence>3</sentence>
          <start>1</start>
          <end>3</end>
          <head>2</head>
          <text>LOPEZ ALBUJAR</text>
        </mention>
        <mention>
          <sentence>3</sentence>
          <start>8</start>
          <end>9</end>
          <head>8</head>
          <text>HIS</text>
        </mention>
        <mention>
          <sentence>4</sentence>
          <start>1</start>
          <end>2</end>
          <head>1</head>
          <text>HE</text>
        </mention>
      </coreference>
      <coreference>
        <mention representative="true">
          <sentence>2</sentence>
          <start>4</start>
          <end>14</end>
          <head>10</head>
          <text>FORMER ARMY COMMANDER GENERAL AND DEFENSE MINISTER UNTIL MAY 1989</text>
        </mention>
        <mention>
          <sentence>5</sentence>
          <start>1</start>
          <end>4</end>
          <head>3</head>
          <text>THE FORMER MINISTER</text>
        </mention>
        <mention>
          <sentence>5</sentence>
          <start>12</start>
          <end>13</end>
          <head>12</head>
          <text>HE</text>
        </mention>
      </coreference>
    </coreference>
  </document>
</root>
