<?xml version="1.0" encoding="ASCII"?>
<?xml-stylesheet href="CoreNLP-to-HTML.xsl" type="text/xsl"?>
<root>
  <document>
    <sentences>
      <sentence id="1">
        <tokens>
          <token id="1">
            <word>DEV-MUC3-0012</word>
            <lemma>dev-muc3-0012</lemma>
            <CharacterOffsetBegin>0</CharacterOffsetBegin>
            <CharacterOffsetEnd>13</CharacterOffsetEnd>
            <POS>NN</POS>
            <NER>O</NER>
            <Speaker>PER0</Speaker>
          </token>
          <token id="2">
            <word>-LRB-</word>
            <lemma>-lrb-</lemma>
            <CharacterOffsetBegin>14</CharacterOffsetBegin>
            <CharacterOffsetEnd>15</CharacterOffsetEnd>
            <POS>-LRB-</POS>
            <NER>O</NER>
            <Speaker>PER0</Speaker>
          </token>
          <token id="3">
            <word>NOSC</word>
            <lemma>nosc</lemma>
            <CharacterOffsetBegin>15</CharacterOffsetBegin>
            <CharacterOffsetEnd>19</CharacterOffsetEnd>
            <POS>NN</POS>
            <NER>O</NER>
            <Speaker>PER0</Speaker>
          </token>
          <token id="4">
            <word>-RRB-</word>
            <lemma>-rrb-</lemma>
            <CharacterOffsetBegin>19</CharacterOffsetBegin>
            <CharacterOffsetEnd>20</CharacterOffsetEnd>
            <POS>-RRB-</POS>
            <NER>O</NER>
            <Speaker>PER0</Speaker>
          </token>
          <token id="5">
            <word>LIMA</word>
            <lemma>LIMA</lemma>
            <CharacterOffsetBegin>25</CharacterOffsetBegin>
            <CharacterOffsetEnd>29</CharacterOffsetEnd>
            <POS>NNP</POS>
            <NER>LOCATION</NER>
            <Speaker>PER0</Speaker>
          </token>
          <token id="6">
            <word>,</word>
            <lemma>,</lemma>
            <CharacterOffsetBegin>29</CharacterOffsetBegin>
            <CharacterOffsetEnd>30</CharacterOffsetEnd>
            <POS>,</POS>
            <NER>O</NER>
            <Speaker>PER0</Speaker>
          </token>
          <token id="7">
            <word>9</word>
            <lemma>9</lemma>
            <CharacterOffsetBegin>31</CharacterOffsetBegin>
            <CharacterOffsetEnd>32</CharacterOffsetEnd>
            <POS>CD</POS>
            <NER>DATE</NER>
            <NormalizedNER>XXXX-01-09</NormalizedNER>
            <Speaker>PER0</Speaker>
            <Timex tid="t1" type="DATE">XXXX-01-09</Timex>
          </token>
          <token id="8">
            <word>JAN</word>
            <lemma>JAN</lemma>
            <CharacterOffsetBegin>33</CharacterOffsetBegin>
            <CharacterOffsetEnd>36</CharacterOffsetEnd>
            <POS>NNP</POS>
            <NER>DATE</NER>
            <NormalizedNER>XXXX-01-09</NormalizedNER>
            <Speaker>PER0</Speaker>
            <Timex tid="t1" type="DATE">XXXX-01-09</Timex>
          </token>
          <token id="9">
            <word>90</word>
            <lemma>90</lemma>
            <CharacterOffsetBegin>37</CharacterOffsetBegin>
            <CharacterOffsetEnd>39</CharacterOffsetEnd>
            <POS>CD</POS>
            <NER>NUMBER</NER>
            <NormalizedNER>90.0</NormalizedNER>
            <Speaker>PER0</Speaker>
          </token>
          <token id="10">
            <word>--</word>
            <lemma>--</lemma>
            <CharacterOffsetBegin>40</CharacterOffsetBegin>
            <CharacterOffsetEnd>42</CharacterOffsetEnd>
            <POS>:</POS>
            <NER>O</NER>
            <Speaker>PER0</Speaker>
          </token>
          <token id="11">
            <word>-LSB-</word>
            <lemma>-lsb-</lemma>
            <CharacterOffsetBegin>43</CharacterOffsetBegin>
            <CharacterOffsetEnd>44</CharacterOffsetEnd>
            <POS>-LRB-</POS>
            <NER>O</NER>
            <Speaker>PER0</Speaker>
          </token>
          <token id="12">
            <word>TEXT</word>
            <lemma>text</lemma>
            <CharacterOffsetBegin>44</CharacterOffsetBegin>
            <CharacterOffsetEnd>48</CharacterOffsetEnd>
            <POS>NN</POS>
            <NER>O</NER>
            <Speaker>PER0</Speaker>
          </token>
          <token id="13">
            <word>-RSB-</word>
            <lemma>-rsb-</lemma>
            <CharacterOffsetBegin>48</CharacterOffsetBegin>
            <CharacterOffsetEnd>49</CharacterOffsetEnd>
            <POS>-RRB-</POS>
            <NER>O</NER>
            <Speaker>PER0</Speaker>
          </token>
          <token id="14">
            <word>HERE</word>
            <lemma>here</lemma>
            <CharacterOffsetBegin>50</CharacterOffsetBegin>
            <CharacterOffsetEnd>54</CharacterOffsetEnd>
            <POS>RB</POS>
            <NER>O</NER>
            <Speaker>PER0</Speaker>
          </token>
          <token id="15">
            <word>IS</word>
            <lemma>be</lemma>
            <CharacterOffsetBegin>55</CharacterOffsetBegin>
            <CharacterOffsetEnd>57</CharacterOffsetEnd>
            <POS>VBZ</POS>
            <NER>O</NER>
            <Speaker>PER0</Speaker>
          </token>
          <token id="16">
            <word>AN</word>
            <lemma>a</lemma>
            <CharacterOffsetBegin>58</CharacterOffsetBegin>
            <CharacterOffsetEnd>60</CharacterOffsetEnd>
            <POS>DT</POS>
            <NER>O</NER>
            <Speaker>PER0</Speaker>
          </token>
          <token id="17">
            <word>OFFICIAL</word>
            <lemma>official</lemma>
            <CharacterOffsetBegin>61</CharacterOffsetBegin>
            <CharacterOffsetEnd>69</CharacterOffsetEnd>
            <POS>JJ</POS>
            <NER>O</NER>
            <Speaker>PER0</Speaker>
          </token>
          <token id="18">
            <word>DEFENSE</word>
            <lemma>DEFENSE</lemma>
            <CharacterOffsetBegin>70</CharacterOffsetBegin>
            <CharacterOffsetEnd>77</CharacterOffsetEnd>
            <POS>NNP</POS>
            <NER>ORGANIZATION</NER>
            <Speaker>PER0</Speaker>
          </token>
          <token id="19">
            <word>MINISTRY</word>
            <lemma>MINISTRY</lemma>
            <CharacterOffsetBegin>78</CharacterOffsetBegin>
            <CharacterOffsetEnd>86</CharacterOffsetEnd>
            <POS>NNP</POS>
            <NER>ORGANIZATION</NER>
            <Speaker>PER0</Speaker>
          </token>
          <token id="20">
            <word>COMMUNIQUE</word>
            <lemma>COMMUNIQUE</lemma>
            <CharacterOffsetBegin>87</CharacterOffsetBegin>
            <CharacterOffsetEnd>97</CharacterOffsetEnd>
            <POS>NNP</POS>
            <NER>O</NER>
            <Speaker>PER0</Speaker>
          </token>
          <token id="21">
            <word>:</word>
            <lemma>:</lemma>
            <CharacterOffsetBegin>97</CharacterOffsetBegin>
            <CharacterOffsetEnd>98</CharacterOffsetEnd>
            <POS>:</POS>
            <NER>O</NER>
            <Speaker>PER0</Speaker>
          </token>
          <token id="22">
            <word>1</word>
            <lemma>1</lemma>
            <CharacterOffsetBegin>103</CharacterOffsetBegin>
            <CharacterOffsetEnd>104</CharacterOffsetEnd>
            <POS>CD</POS>
            <NER>NUMBER</NER>
            <NormalizedNER>1.0</NormalizedNER>
            <Speaker>PER0</Speaker>
          </token>
          <token id="23">
            <word>.</word>
            <lemma>.</lemma>
            <CharacterOffsetBegin>104</CharacterOffsetBegin>
            <CharacterOffsetEnd>105</CharacterOffsetEnd>
            <POS>.</POS>
            <NER>O</NER>
            <Speaker>PER0</Speaker>
          </token>
        </tokens>
        <parse>(ROOT (S (NP (NP (NN DEV-MUC3-0012)) (PRN (-LRB- -LRB-) (NP (NN NOSC)) (-RRB- -RRB-)) (NP (NNP LIMA)) (, ,) (NP (NP (NP (CD 9)) (NP-TMP (NNP JAN) (CD 90))) (: --) (NP (-LRB- -LSB-) (NN TEXT))) (-RRB- -RSB-)) (ADVP (RB HERE)) (VP (VBZ IS) (NP (DT AN) (JJ OFFICIAL) (NNP DEFENSE) (NNP MINISTRY) (NNP COMMUNIQUE)) (: :) (NP (CD 1))) (. .))) </parse>
        <dependencies type="basic-dependencies">
          <dep type="root">
            <governor idx="0">ROOT</governor>
            <dependent idx="20">COMMUNIQUE</dependent>
          </dep>
          <dep type="nsubj">
            <governor idx="20">COMMUNIQUE</governor>
            <dependent idx="1">DEV-MUC3-0012</dependent>
          </dep>
          <dep type="appos">
            <governor idx="1">DEV-MUC3-0012</governor>
            <dependent idx="3">NOSC</dependent>
          </dep>
          <dep type="dep">
            <governor idx="1">DEV-MUC3-0012</governor>
            <dependent idx="5">LIMA</dependent>
          </dep>
          <dep type="appos">
            <governor idx="1">DEV-MUC3-0012</governor>
            <dependent idx="7">9</dependent>
          </dep>
          <dep type="nmod:tmod">
            <governor idx="7">9</governor>
            <dependent idx="8">JAN</dependent>
          </dep>
          <dep type="nummod">
            <governor idx="8">JAN</governor>
            <dependent idx="9">90</dependent>
          </dep>
          <dep type="dep">
            <governor idx="7">9</governor>
            <dependent idx="12">TEXT</dependent>
          </dep>
          <dep type="advmod">
            <governor idx="20">COMMUNIQUE</governor>
            <dependent idx="14">HERE</dependent>
          </dep>
          <dep type="cop">
            <governor idx="20">COMMUNIQUE</governor>
            <dependent idx="15">IS</dependent>
          </dep>
          <dep type="det">
            <governor idx="20">COMMUNIQUE</governor>
            <dependent idx="16">AN</dependent>
          </dep>
          <dep type="amod">
            <governor idx="20">COMMUNIQUE</governor>
            <dependent idx="17">OFFICIAL</dependent>
          </dep>
          <dep type="compound">
            <governor idx="20">COMMUNIQUE</governor>
            <dependent idx="18">DEFENSE</dependent>
          </dep>
          <dep type="compound">
            <governor idx="20">COMMUNIQUE</governor>
            <dependent idx="19">MINISTRY</dependent>
          </dep>
          <dep type="parataxis">
            <governor idx="20">COMMUNIQUE</governor>
            <dependent idx="22">1</dependent>
          </dep>
        </dependencies>
        <dependencies type="collapsed-dependencies">
          <dep type="root">
            <governor idx="0">ROOT</governor>
            <dependent idx="20">COMMUNIQUE</dependent>
          </dep>
          <dep type="nsubj">
            <governor idx="20">COMMUNIQUE</governor>
            <dependent idx="1">DEV-MUC3-0012</dependent>
          </dep>
          <dep type="appos">
            <governor idx="1">DEV-MUC3-0012</governor>
            <dependent idx="3">NOSC</dependent>
          </dep>
          <dep type="dep">
            <governor idx="1">DEV-MUC3-0012</governor>
            <dependent idx="5">LIMA</dependent>
          </dep>
          <dep type="appos">
            <governor idx="1">DEV-MUC3-0012</governor>
            <dependent idx="7">9</dependent>
          </dep>
          <dep type="nmod:tmod">
            <governor idx="7">9</governor>
            <dependent idx="8">JAN</dependent>
          </dep>
          <dep type="nummod">
            <governor idx="8">JAN</governor>
            <dependent idx="9">90</dependent>
          </dep>
          <dep type="dep">
            <governor idx="7">9</governor>
            <dependent idx="12">TEXT</dependent>
          </dep>
          <dep type="advmod">
            <governor idx="20">COMMUNIQUE</governor>
            <dependent idx="14">HERE</dependent>
          </dep>
          <dep type="cop">
            <governor idx="20">COMMUNIQUE</governor>
            <dependent idx="15">IS</dependent>
          </dep>
          <dep type="det">
            <governor idx="20">COMMUNIQUE</governor>
            <dependent idx="16">AN</dependent>
          </dep>
          <dep type="amod">
            <governor idx="20">COMMUNIQUE</governor>
            <dependent idx="17">OFFICIAL</dependent>
          </dep>
          <dep type="compound">
            <governor idx="20">COMMUNIQUE</governor>
            <dependent idx="18">DEFENSE</dependent>
          </dep>
          <dep type="compound">
            <governor idx="20">COMMUNIQUE</governor>
            <dependent idx="19">MINISTRY</dependent>
          </dep>
          <dep type="parataxis">
            <governor idx="20">COMMUNIQUE</governor>
            <dependent idx="22">1</dependent>
          </dep>
        </dependencies>
        <dependencies type="collapsed-ccprocessed-dependencies">
          <dep type="root">
            <governor idx="0">ROOT</governor>
            <dependent idx="20">COMMUNIQUE</dependent>
          </dep>
          <dep type="nsubj">
            <governor idx="20">COMMUNIQUE</governor>
            <dependent idx="1">DEV-MUC3-0012</dependent>
          </dep>
          <dep type="appos">
            <governor idx="1">DEV-MUC3-0012</governor>
            <dependent idx="3">NOSC</dependent>
          </dep>
          <dep type="dep">
            <governor idx="1">DEV-MUC3-0012</governor>
            <dependent idx="5">LIMA</dependent>
          </dep>
          <dep type="appos">
            <governor idx="1">DEV-MUC3-0012</governor>
            <dependent idx="7">9</dependent>
          </dep>
          <dep type="nmod:tmod">
            <governor idx="7">9</governor>
            <dependent idx="8">JAN</dependent>
          </dep>
          <dep type="nummod">
            <governor idx="8">JAN</governor>
            <dependent idx="9">90</dependent>
          </dep>
          <dep type="dep">
            <governor idx="7">9</governor>
            <dependent idx="12">TEXT</dependent>
          </dep>
          <dep type="advmod">
            <governor idx="20">COMMUNIQUE</governor>
            <dependent idx="14">HERE</dependent>
          </dep>
          <dep type="cop">
            <governor idx="20">COMMUNIQUE</governor>
            <dependent idx="15">IS</dependent>
          </dep>
          <dep type="det">
            <governor idx="20">COMMUNIQUE</governor>
            <dependent idx="16">AN</dependent>
          </dep>
          <dep type="amod">
            <governor idx="20">COMMUNIQUE</governor>
            <dependent idx="17">OFFICIAL</dependent>
          </dep>
          <dep type="compound">
            <governor idx="20">COMMUNIQUE</governor>
            <dependent idx="18">DEFENSE</dependent>
          </dep>
          <dep type="compound">
            <governor idx="20">COMMUNIQUE</governor>
            <dependent idx="19">MINISTRY</dependent>
          </dep>
          <dep type="parataxis">
            <governor idx="20">COMMUNIQUE</governor>
            <dependent idx="22">1</dependent>
          </dep>
        </dependencies>
      </sentence>
      <sentence id="2">
        <tokens>
          <token id="1">
            <word>AT</word>
            <lemma>at</lemma>
            <CharacterOffsetBegin>106</CharacterOffsetBegin>
            <CharacterOffsetEnd>108</CharacterOffsetEnd>
            <POS>IN</POS>
            <NER>O</NER>
            <Speaker>PER0</Speaker>
          </token>
          <token id="2">
            <word>0945</word>
            <lemma>0945</lemma>
            <CharacterOffsetBegin>109</CharacterOffsetBegin>
            <CharacterOffsetEnd>113</CharacterOffsetEnd>
            <POS>CD</POS>
            <NER>TIME</NER>
            <NormalizedNER>THIS MO INTERSECT 0945</NormalizedNER>
            <Speaker>PER0</Speaker>
            <Timex tid="t2" type="DATE"/>
          </token>
          <token id="3">
            <word>THIS</word>
            <lemma>this</lemma>
            <CharacterOffsetBegin>114</CharacterOffsetBegin>
            <CharacterOffsetEnd>118</CharacterOffsetEnd>
            <POS>DT</POS>
            <NER>TIME</NER>
            <NormalizedNER>THIS MO INTERSECT 0945</NormalizedNER>
            <Speaker>PER0</Speaker>
            <Timex tid="t2" type="DATE"/>
          </token>
          <token id="4">
            <word>MORNING</word>
            <lemma>morning</lemma>
            <CharacterOffsetBegin>119</CharacterOffsetBegin>
            <CharacterOffsetEnd>126</CharacterOffsetEnd>
            <POS>NN</POS>
            <NER>TIME</NER>
            <NormalizedNER>THIS MO INTERSECT 0945</NormalizedNER>
            <Speaker>PER0</Speaker>
            <Timex tid="t2" type="DATE"/>
          </token>
          <token id="5">
            <word>,</word>
            <lemma>,</lemma>
            <CharacterOffsetBegin>126</CharacterOffsetBegin>
            <CharacterOffsetEnd>127</CharacterOffsetEnd>
            <POS>,</POS>
            <NER>O</NER>
            <Speaker>PER0</Speaker>
          </token>
          <token id="6">
            <word>A</word>
            <lemma>a</lemma>
            <CharacterOffsetBegin>128</CharacterOffsetBegin>
            <CharacterOffsetEnd>129</CharacterOffsetEnd>
            <POS>DT</POS>
            <NER>O</NER>
            <Speaker>PER0</Speaker>
          </token>
          <token id="7">
            <word>GROUP</word>
            <lemma>group</lemma>
            <CharacterOffsetBegin>130</CharacterOffsetBegin>
            <CharacterOffsetEnd>135</CharacterOffsetEnd>
            <POS>NN</POS>
            <NER>O</NER>
            <Speaker>PER0</Speaker>
          </token>
          <token id="8">
            <word>OF</word>
            <lemma>of</lemma>
            <CharacterOffsetBegin>136</CharacterOffsetBegin>
            <CharacterOffsetEnd>138</CharacterOffsetEnd>
            <POS>IN</POS>
            <NER>O</NER>
            <Speaker>PER0</Speaker>
          </token>
          <token id="9">
            <word>SUBVERSIVES</word>
            <lemma>subversive</lemma>
            <CharacterOffsetBegin>139</CharacterOffsetBegin>
            <CharacterOffsetEnd>150</CharacterOffsetEnd>
            <POS>NNS</POS>
            <NER>O</NER>
            <Speaker>PER0</Speaker>
          </token>
          <token id="10">
            <word>CONDUCTED</word>
            <lemma>conduct</lemma>
            <CharacterOffsetBegin>151</CharacterOffsetBegin>
            <CharacterOffsetEnd>160</CharacterOffsetEnd>
            <POS>VBD</POS>
            <NER>O</NER>
            <Speaker>PER0</Speaker>
          </token>
          <token id="11">
            <word>AN</word>
            <lemma>a</lemma>
            <CharacterOffsetBegin>161</CharacterOffsetBegin>
            <CharacterOffsetEnd>163</CharacterOffsetEnd>
            <POS>DT</POS>
            <NER>O</NER>
            <Speaker>PER0</Speaker>
          </token>
          <token id="12">
            <word>ARMED</word>
            <lemma>armed</lemma>
            <CharacterOffsetBegin>164</CharacterOffsetBegin>
            <CharacterOffsetEnd>169</CharacterOffsetEnd>
            <POS>JJ</POS>
            <NER>O</NER>
            <Speaker>PER0</Speaker>
          </token>
          <token id="13">
            <word>TERRORIST</word>
            <lemma>terrorist</lemma>
            <CharacterOffsetBegin>170</CharacterOffsetBegin>
            <CharacterOffsetEnd>179</CharacterOffsetEnd>
            <POS>JJ</POS>
            <NER>O</NER>
            <Speaker>PER0</Speaker>
          </token>
          <token id="14">
            <word>ATTACK</word>
            <lemma>attack</lemma>
            <CharacterOffsetBegin>180</CharacterOffsetBegin>
            <CharacterOffsetEnd>186</CharacterOffsetEnd>
            <POS>NN</POS>
            <NER>O</NER>
            <Speaker>PER0</Speaker>
          </token>
          <token id="15">
            <word>AGAINST</word>
            <lemma>against</lemma>
            <CharacterOffsetBegin>187</CharacterOffsetBegin>
            <CharacterOffsetEnd>194</CharacterOffsetEnd>
            <POS>IN</POS>
            <NER>O</NER>
            <Speaker>PER0</Speaker>
          </token>
          <token id="16">
            <word>FORMER</word>
            <lemma>former</lemma>
            <CharacterOffsetBegin>195</CharacterOffsetBegin>
            <CharacterOffsetEnd>201</CharacterOffsetEnd>
            <POS>JJ</POS>
            <NER>O</NER>
            <Speaker>PER0</Speaker>
          </token>
          <token id="17">
            <word>DEFENSE</word>
            <lemma>DEFENSE</lemma>
            <CharacterOffsetBegin>202</CharacterOffsetBegin>
            <CharacterOffsetEnd>209</CharacterOffsetEnd>
            <POS>NNP</POS>
            <NER>O</NER>
            <Speaker>PER0</Speaker>
          </token>
          <token id="18">
            <word>MINISTER</word>
            <lemma>MINISTER</lemma>
            <CharacterOffsetBegin>210</CharacterOffsetBegin>
            <CharacterOffsetEnd>218</CharacterOffsetEnd>
            <POS>NNP</POS>
            <NER>O</NER>
            <Speaker>PER0</Speaker>
          </token>
          <token id="19">
            <word>DIVISON</word>
            <lemma>DIVISON</lemma>
            <CharacterOffsetBegin>219</CharacterOffsetBegin>
            <CharacterOffsetEnd>226</CharacterOffsetEnd>
            <POS>NNP</POS>
            <NER>O</NER>
            <Speaker>PER0</Speaker>
          </token>
          <token id="20">
            <word>GENERAL</word>
            <lemma>GENERAL</lemma>
            <CharacterOffsetBegin>227</CharacterOffsetBegin>
            <CharacterOffsetEnd>234</CharacterOffsetEnd>
            <POS>NNP</POS>
            <NER>O</NER>
            <Speaker>PER0</Speaker>
          </token>
          <token id="21">
            <word>ENRIQUE</word>
            <lemma>ENRIQUE</lemma>
            <CharacterOffsetBegin>235</CharacterOffsetBegin>
            <CharacterOffsetEnd>242</CharacterOffsetEnd>
            <POS>NNP</POS>
            <NER>PERSON</NER>
            <Speaker>PER0</Speaker>
          </token>
          <token id="22">
            <word>LOPEZ</word>
            <lemma>LOPEZ</lemma>
            <CharacterOffsetBegin>243</CharacterOffsetBegin>
            <CharacterOffsetEnd>248</CharacterOffsetEnd>
            <POS>NNP</POS>
            <NER>PERSON</NER>
            <Speaker>PER0</Speaker>
          </token>
          <token id="23">
            <word>ALBUJAR</word>
            <lemma>ALBUJAR</lemma>
            <CharacterOffsetBegin>249</CharacterOffsetBegin>
            <CharacterOffsetEnd>256</CharacterOffsetEnd>
            <POS>NNP</POS>
            <NER>PERSON</NER>
            <Speaker>PER0</Speaker>
          </token>
          <token id="24">
            <word>,</word>
            <lemma>,</lemma>
            <CharacterOffsetBegin>256</CharacterOffsetBegin>
            <CharacterOffsetEnd>257</CharacterOffsetEnd>
            <POS>,</POS>
            <NER>O</NER>
            <Speaker>PER0</Speaker>
          </token>
          <token id="25">
            <word>RETIRED</word>
            <lemma>retire</lemma>
            <CharacterOffsetBegin>258</CharacterOffsetBegin>
            <CharacterOffsetEnd>265</CharacterOffsetEnd>
            <POS>VBN</POS>
            <NER>O</NER>
            <Speaker>PER0</Speaker>
          </token>
          <token id="26">
            <word>.</word>
            <lemma>.</lemma>
            <CharacterOffsetBegin>265</CharacterOffsetBegin>
            <CharacterOffsetEnd>266</CharacterOffsetEnd>
            <POS>.</POS>
            <NER>O</NER>
            <Speaker>PER0</Speaker>
          </token>
        </tokens>
        <parse>(ROOT (S (PP (IN AT) (NP (CD 0945))) (NP-TMP (DT THIS) (NN MORNING)) (, ,) (NP (NP (DT A) (NN GROUP)) (PP (IN OF) (NP (NNS SUBVERSIVES)))) (VP (VBD CONDUCTED) (NP (DT AN) (JJ ARMED) (JJ TERRORIST) (NN ATTACK)) (PP (IN AGAINST) (NP (NP (JJ FORMER) (NNP DEFENSE) (NNP MINISTER) (NNP DIVISON) (NNP GENERAL) (NNP ENRIQUE) (NNP LOPEZ) (NNP ALBUJAR)) (, ,) (VP (VBN RETIRED))))) (. .))) </parse>
        <dependencies type="basic-dependencies">
          <dep type="root">
            <governor idx="0">ROOT</governor>
            <dependent idx="10">CONDUCTED</dependent>
          </dep>
          <dep type="case">
            <governor idx="2">0945</governor>
            <dependent idx="1">AT</dependent>
          </dep>
          <dep type="nmod">
            <governor idx="10">CONDUCTED</governor>
            <dependent idx="2">0945</dependent>
          </dep>
          <dep type="det">
            <governor idx="4">MORNING</governor>
            <dependent idx="3">THIS</dependent>
          </dep>
          <dep type="nmod:tmod">
            <governor idx="10">CONDUCTED</governor>
            <dependent idx="4">MORNING</dependent>
          </dep>
          <dep type="det">
            <governor idx="7">GROUP</governor>
            <dependent idx="6">A</dependent>
          </dep>
          <dep type="nsubj">
            <governor idx="10">CONDUCTED</governor>
            <dependent idx="7">GROUP</dependent>
          </dep>
          <dep type="case">
            <governor idx="9">SUBVERSIVES</governor>
            <dependent idx="8">OF</dependent>
          </dep>
          <dep type="nmod">
            <governor idx="7">GROUP</governor>
            <dependent idx="9">SUBVERSIVES</dependent>
          </dep>
          <dep type="det">
            <governor idx="14">ATTACK</governor>
            <dependent idx="11">AN</dependent>
          </dep>
          <dep type="amod">
            <governor idx="14">ATTACK</governor>
            <dependent idx="12">ARMED</dependent>
          </dep>
          <dep type="amod">
            <governor idx="14">ATTACK</governor>
            <dependent idx="13">TERRORIST</dependent>
          </dep>
          <dep type="dobj">
            <governor idx="10">CONDUCTED</governor>
            <dependent idx="14">ATTACK</dependent>
          </dep>
          <dep type="case">
            <governor idx="23">ALBUJAR</governor>
            <dependent idx="15">AGAINST</dependent>
          </dep>
          <dep type="amod">
            <governor idx="23">ALBUJAR</governor>
            <dependent idx="16">FORMER</dependent>
          </dep>
          <dep type="compound">
            <governor idx="23">ALBUJAR</governor>
            <dependent idx="17">DEFENSE</dependent>
          </dep>
          <dep type="compound">
            <governor idx="23">ALBUJAR</governor>
            <dependent idx="18">MINISTER</dependent>
          </dep>
          <dep type="compound">
            <governor idx="23">ALBUJAR</governor>
            <dependent idx="19">DIVISON</dependent>
          </dep>
          <dep type="compound">
            <governor idx="23">ALBUJAR</governor>
            <dependent idx="20">GENERAL</dependent>
          </dep>
          <dep type="compound">
            <governor idx="23">ALBUJAR</governor>
            <dependent idx="21">ENRIQUE</dependent>
          </dep>
          <dep type="compound">
            <governor idx="23">ALBUJAR</governor>
            <dependent idx="22">LOPEZ</dependent>
          </dep>
          <dep type="nmod">
            <governor idx="10">CONDUCTED</governor>
            <dependent idx="23">ALBUJAR</dependent>
          </dep>
          <dep type="acl">
            <governor idx="23">ALBUJAR</governor>
            <dependent idx="25">RETIRED</dependent>
          </dep>
        </dependencies>
        <dependencies type="collapsed-dependencies">
          <dep type="root">
            <governor idx="0">ROOT</governor>
            <dependent idx="10">CONDUCTED</dependent>
          </dep>
          <dep type="case">
            <governor idx="2">0945</governor>
            <dependent idx="1">AT</dependent>
          </dep>
          <dep type="nmod:at">
            <governor idx="10">CONDUCTED</governor>
            <dependent idx="2">0945</dependent>
          </dep>
          <dep type="det">
            <governor idx="4">MORNING</governor>
            <dependent idx="3">THIS</dependent>
          </dep>
          <dep type="nmod:tmod">
            <governor idx="10">CONDUCTED</governor>
            <dependent idx="4">MORNING</dependent>
          </dep>
          <dep type="det">
            <governor idx="7">GROUP</governor>
            <dependent idx="6">A</dependent>
          </dep>
          <dep type="nsubj">
            <governor idx="10">CONDUCTED</governor>
            <dependent idx="7">GROUP</dependent>
          </dep>
          <dep type="case">
            <governor idx="9">SUBVERSIVES</governor>
            <dependent idx="8">OF</dependent>
          </dep>
          <dep type="nmod:of">
            <governor idx="7">GROUP</governor>
            <dependent idx="9">SUBVERSIVES</dependent>
          </dep>
          <dep type="det">
            <governor idx="14">ATTACK</governor>
            <dependent idx="11">AN</dependent>
          </dep>
          <dep type="amod">
            <governor idx="14">ATTACK</governor>
            <dependent idx="12">ARMED</dependent>
          </dep>
          <dep type="amod">
            <governor idx="14">ATTACK</governor>
            <dependent idx="13">TERRORIST</dependent>
          </dep>
          <dep type="dobj">
            <governor idx="10">CONDUCTED</governor>
            <dependent idx="14">ATTACK</dependent>
          </dep>
          <dep type="case">
            <governor idx="23">ALBUJAR</governor>
            <dependent idx="15">AGAINST</dependent>
          </dep>
          <dep type="amod">
            <governor idx="23">ALBUJAR</governor>
            <dependent idx="16">FORMER</dependent>
          </dep>
          <dep type="compound">
            <governor idx="23">ALBUJAR</governor>
            <dependent idx="17">DEFENSE</dependent>
          </dep>
          <dep type="compound">
            <governor idx="23">ALBUJAR</governor>
            <dependent idx="18">MINISTER</dependent>
          </dep>
          <dep type="compound">
            <governor idx="23">ALBUJAR</governor>
            <dependent idx="19">DIVISON</dependent>
          </dep>
          <dep type="compound">
            <governor idx="23">ALBUJAR</governor>
            <dependent idx="20">GENERAL</dependent>
          </dep>
          <dep type="compound">
            <governor idx="23">ALBUJAR</governor>
            <dependent idx="21">ENRIQUE</dependent>
          </dep>
          <dep type="compound">
            <governor idx="23">ALBUJAR</governor>
            <dependent idx="22">LOPEZ</dependent>
          </dep>
          <dep type="nmod:against">
            <governor idx="10">CONDUCTED</governor>
            <dependent idx="23">ALBUJAR</dependent>
          </dep>
          <dep type="acl">
            <governor idx="23">ALBUJAR</governor>
            <dependent idx="25">RETIRED</dependent>
          </dep>
        </dependencies>
        <dependencies type="collapsed-ccprocessed-dependencies">
          <dep type="root">
            <governor idx="0">ROOT</governor>
            <dependent idx="10">CONDUCTED</dependent>
          </dep>
          <dep type="case">
            <governor idx="2">0945</governor>
            <dependent idx="1">AT</dependent>
          </dep>
          <dep type="nmod:at">
            <governor idx="10">CONDUCTED</governor>
            <dependent idx="2">0945</dependent>
          </dep>
          <dep type="det">
            <governor idx="4">MORNING</governor>
            <dependent idx="3">THIS</dependent>
          </dep>
          <dep type="nmod:tmod">
            <governor idx="10">CONDUCTED</governor>
            <dependent idx="4">MORNING</dependent>
          </dep>
          <dep type="det">
            <governor idx="7">GROUP</governor>
            <dependent idx="6">A</dependent>
          </dep>
          <dep type="nsubj">
            <governor idx="10">CONDUCTED</governor>
            <dependent idx="7">GROUP</dependent>
          </dep>
          <dep type="case">
            <governor idx="9">SUBVERSIVES</governor>
            <dependent idx="8">OF</dependent>
          </dep>
          <dep type="nmod:of">
            <governor idx="7">GROUP</governor>
            <dependent idx="9">SUBVERSIVES</dependent>
          </dep>
          <dep type="det">
            <governor idx="14">ATTACK</governor>
            <dependent idx="11">AN</dependent>
          </dep>
          <dep type="amod">
            <governor idx="14">ATTACK</governor>
            <dependent idx="12">ARMED</dependent>
          </dep>
          <dep type="amod">
            <governor idx="14">ATTACK</governor>
            <dependent idx="13">TERRORIST</dependent>
          </dep>
          <dep type="dobj">
            <governor idx="10">CONDUCTED</governor>
            <dependent idx="14">ATTACK</dependent>
          </dep>
          <dep type="case">
            <governor idx="23">ALBUJAR</governor>
            <dependent idx="15">AGAINST</dependent>
          </dep>
          <dep type="amod">
            <governor idx="23">ALBUJAR</governor>
            <dependent idx="16">FORMER</dependent>
          </dep>
          <dep type="compound">
            <governor idx="23">ALBUJAR</governor>
            <dependent idx="17">DEFENSE</dependent>
          </dep>
          <dep type="compound">
            <governor idx="23">ALBUJAR</governor>
            <dependent idx="18">MINISTER</dependent>
          </dep>
          <dep type="compound">
            <governor idx="23">ALBUJAR</governor>
            <dependent idx="19">DIVISON</dependent>
          </dep>
          <dep type="compound">
            <governor idx="23">ALBUJAR</governor>
            <dependent idx="20">GENERAL</dependent>
          </dep>
          <dep type="compound">
            <governor idx="23">ALBUJAR</governor>
            <dependent idx="21">ENRIQUE</dependent>
          </dep>
          <dep type="compound">
            <governor idx="23">ALBUJAR</governor>
            <dependent idx="22">LOPEZ</dependent>
          </dep>
          <dep type="nmod:against">
            <governor idx="10">CONDUCTED</governor>
            <dependent idx="23">ALBUJAR</dependent>
          </dep>
          <dep type="acl">
            <governor idx="23">ALBUJAR</governor>
            <dependent idx="25">RETIRED</dependent>
          </dep>
        </dependencies>
      </sentence>
      <sentence id="3">
        <tokens>
          <token id="1">
            <word>2</word>
            <lemma>2</lemma>
            <CharacterOffsetBegin>271</CharacterOffsetBegin>
            <CharacterOffsetEnd>272</CharacterOffsetEnd>
            <POS>LS</POS>
            <NER>NUMBER</NER>
            <NormalizedNER>2.0</NormalizedNER>
            <Speaker>PER0</Speaker>
          </token>
          <token id="2">
            <word>.</word>
            <lemma>.</lemma>
            <CharacterOffsetBegin>272</CharacterOffsetBegin>
            <CharacterOffsetEnd>273</CharacterOffsetEnd>
            <POS>.</POS>
            <NER>O</NER>
            <Speaker>PER0</Speaker>
          </token>
        </tokens>
        <parse>(ROOT (S (VP (LS 2)) (. .))) </parse>
        <dependencies type="basic-dependencies">
          <dep type="root">
            <governor idx="0">ROOT</governor>
            <dependent idx="1">2</dependent>
          </dep>
        </dependencies>
        <dependencies type="collapsed-dependencies">
          <dep type="root">
            <governor idx="0">ROOT</governor>
            <dependent idx="1">2</dependent>
          </dep>
        </dependencies>
        <dependencies type="collapsed-ccprocessed-dependencies">
          <dep type="root">
            <governor idx="0">ROOT</governor>
            <dependent idx="1">2</dependent>
          </dep>
        </dependencies>
      </sentence>
      <sentence id="4">
        <tokens>
          <token id="1">
            <word>THE</word>
            <lemma>the</lemma>
            <CharacterOffsetBegin>274</CharacterOffsetBegin>
            <CharacterOffsetEnd>277</CharacterOffsetEnd>
            <POS>DT</POS>
            <NER>O</NER>
            <Speaker>PER0</Speaker>
          </token>
          <token id="2">
            <word>VICTIM</word>
            <lemma>victim</lemma>
            <CharacterOffsetBegin>278</CharacterOffsetBegin>
            <CharacterOffsetEnd>284</CharacterOffsetEnd>
            <POS>NN</POS>
            <NER>O</NER>
            <Speaker>PER0</Speaker>
          </token>
          <token id="3">
            <word>WAS</word>
            <lemma>be</lemma>
            <CharacterOffsetBegin>285</CharacterOffsetBegin>
            <CharacterOffsetEnd>288</CharacterOffsetEnd>
            <POS>VBD</POS>
            <NER>O</NER>
            <Speaker>PER0</Speaker>
          </token>
          <token id="4">
            <word>TAKEN</word>
            <lemma>take</lemma>
            <CharacterOffsetBegin>289</CharacterOffsetBegin>
            <CharacterOffsetEnd>294</CharacterOffsetEnd>
            <POS>VBN</POS>
            <NER>O</NER>
            <Speaker>PER0</Speaker>
          </token>
          <token id="5">
            <word>TO</word>
            <lemma>to</lemma>
            <CharacterOffsetBegin>295</CharacterOffsetBegin>
            <CharacterOffsetEnd>297</CharacterOffsetEnd>
            <POS>TO</POS>
            <NER>O</NER>
            <Speaker>PER0</Speaker>
          </token>
          <token id="6">
            <word>THE</word>
            <lemma>the</lemma>
            <CharacterOffsetBegin>298</CharacterOffsetBegin>
            <CharacterOffsetEnd>301</CharacterOffsetEnd>
            <POS>DT</POS>
            <NER>O</NER>
            <Speaker>PER0</Speaker>
          </token>
          <token id="7">
            <word>AIR</word>
            <lemma>AIR</lemma>
            <CharacterOffsetBegin>302</CharacterOffsetBegin>
            <CharacterOffsetEnd>305</CharacterOffsetEnd>
            <POS>NNP</POS>
            <NER>ORGANIZATION</NER>
            <Speaker>PER0</Speaker>
          </token>
          <token id="8">
            <word>FORCE</word>
            <lemma>FORCE</lemma>
            <CharacterOffsetBegin>306</CharacterOffsetBegin>
            <CharacterOffsetEnd>311</CharacterOffsetEnd>
            <POS>NNP</POS>
            <NER>ORGANIZATION</NER>
            <Speaker>PER0</Speaker>
          </token>
          <token id="9">
            <word>HOSPITAL</word>
            <lemma>HOSPITAL</lemma>
            <CharacterOffsetBegin>312</CharacterOffsetBegin>
            <CharacterOffsetEnd>320</CharacterOffsetEnd>
            <POS>NNP</POS>
            <NER>ORGANIZATION</NER>
            <Speaker>PER0</Speaker>
          </token>
          <token id="10">
            <word>WHERE</word>
            <lemma>where</lemma>
            <CharacterOffsetBegin>321</CharacterOffsetBegin>
            <CharacterOffsetEnd>326</CharacterOffsetEnd>
            <POS>WRB</POS>
            <NER>O</NER>
            <Speaker>PER0</Speaker>
          </token>
          <token id="11">
            <word>HE</word>
            <lemma>he</lemma>
            <CharacterOffsetBegin>327</CharacterOffsetBegin>
            <CharacterOffsetEnd>329</CharacterOffsetEnd>
            <POS>PRP</POS>
            <NER>O</NER>
            <Speaker>PER0</Speaker>
          </token>
          <token id="12">
            <word>UNFORTUNATELY</word>
            <lemma>unfortunately</lemma>
            <CharacterOffsetBegin>330</CharacterOffsetBegin>
            <CharacterOffsetEnd>343</CharacterOffsetEnd>
            <POS>RB</POS>
            <NER>O</NER>
            <Speaker>PER0</Speaker>
          </token>
          <token id="13">
            <word>PASSED</word>
            <lemma>pass</lemma>
            <CharacterOffsetBegin>344</CharacterOffsetBegin>
            <CharacterOffsetEnd>350</CharacterOffsetEnd>
            <POS>VBD</POS>
            <NER>O</NER>
            <Speaker>PER0</Speaker>
          </token>
          <token id="14">
            <word>AWAY</word>
            <lemma>away</lemma>
            <CharacterOffsetBegin>351</CharacterOffsetBegin>
            <CharacterOffsetEnd>355</CharacterOffsetEnd>
            <POS>RB</POS>
            <NER>O</NER>
            <Speaker>PER0</Speaker>
          </token>
          <token id="15">
            <word>.</word>
            <lemma>.</lemma>
            <CharacterOffsetBegin>355</CharacterOffsetBegin>
            <CharacterOffsetEnd>356</CharacterOffsetEnd>
            <POS>.</POS>
            <NER>O</NER>
            <Speaker>PER0</Speaker>
          </token>
        </tokens>
        <parse>(ROOT (S (NP (DT THE) (NN VICTIM)) (VP (VBD WAS) (VP (VBN TAKEN) (PP (TO TO) (NP (DT THE) (NNP AIR) (NNP FORCE) (NNP HOSPITAL))) (SBAR (WHADVP (WRB WHERE)) (S (NP (PRP HE)) (ADVP (RB UNFORTUNATELY)) (VP (VBD PASSED) (ADVP (RB AWAY))))))) (. .))) </parse>
        <dependencies type="basic-dependencies">
          <dep type="root">
            <governor idx="0">ROOT</governor>
            <dependent idx="4">TAKEN</dependent>
          </dep>
          <dep type="det">
            <governor idx="2">VICTIM</governor>
            <dependent idx="1">THE</dependent>
          </dep>
          <dep type="nsubjpass">
            <governor idx="4">TAKEN</governor>
            <dependent idx="2">VICTIM</dependent>
          </dep>
          <dep type="auxpass">
            <governor idx="4">TAKEN</governor>
            <dependent idx="3">WAS</dependent>
          </dep>
          <dep type="case">
            <governor idx="9">HOSPITAL</governor>
            <dependent idx="5">TO</dependent>
          </dep>
          <dep type="det">
            <governor idx="9">HOSPITAL</governor>
            <dependent idx="6">THE</dependent>
          </dep>
          <dep type="compound">
            <governor idx="9">HOSPITAL</governor>
            <dependent idx="7">AIR</dependent>
          </dep>
          <dep type="compound">
            <governor idx="9">HOSPITAL</governor>
            <dependent idx="8">FORCE</dependent>
          </dep>
          <dep type="nmod">
            <governor idx="4">TAKEN</governor>
            <dependent idx="9">HOSPITAL</dependent>
          </dep>
          <dep type="advmod">
            <governor idx="13">PASSED</governor>
            <dependent idx="10">WHERE</dependent>
          </dep>
          <dep type="nsubj">
            <governor idx="13">PASSED</governor>
            <dependent idx="11">HE</dependent>
          </dep>
          <dep type="advmod">
            <governor idx="13">PASSED</governor>
            <dependent idx="12">UNFORTUNATELY</dependent>
          </dep>
          <dep type="advcl">
            <governor idx="4">TAKEN</governor>
            <dependent idx="13">PASSED</dependent>
          </dep>
          <dep type="advmod">
            <governor idx="13">PASSED</governor>
            <dependent idx="14">AWAY</dependent>
          </dep>
        </dependencies>
        <dependencies type="collapsed-dependencies">
          <dep type="root">
            <governor idx="0">ROOT</governor>
            <dependent idx="4">TAKEN</dependent>
          </dep>
          <dep type="det">
            <governor idx="2">VICTIM</governor>
            <dependent idx="1">THE</dependent>
          </dep>
          <dep type="nsubjpass">
            <governor idx="4">TAKEN</governor>
            <dependent idx="2">VICTIM</dependent>
          </dep>
          <dep type="auxpass">
            <governor idx="4">TAKEN</governor>
            <dependent idx="3">WAS</dependent>
          </dep>
          <dep type="case">
            <governor idx="9">HOSPITAL</governor>
            <dependent idx="5">TO</dependent>
          </dep>
          <dep type="det">
            <governor idx="9">HOSPITAL</governor>
            <dependent idx="6">THE</dependent>
          </dep>
          <dep type="compound">
            <governor idx="9">HOSPITAL</governor>
            <dependent idx="7">AIR</dependent>
          </dep>
          <dep type="compound">
            <governor idx="9">HOSPITAL</governor>
            <dependent idx="8">FORCE</dependent>
          </dep>
          <dep type="nmod:to">
            <governor idx="4">TAKEN</governor>
            <dependent idx="9">HOSPITAL</dependent>
          </dep>
          <dep type="advmod">
            <governor idx="13">PASSED</governor>
            <dependent idx="10">WHERE</dependent>
          </dep>
          <dep type="nsubj">
            <governor idx="13">PASSED</governor>
            <dependent idx="11">HE</dependent>
          </dep>
          <dep type="advmod">
            <governor idx="13">PASSED</governor>
            <dependent idx="12">UNFORTUNATELY</dependent>
          </dep>
          <dep type="advcl">
            <governor idx="4">TAKEN</governor>
            <dependent idx="13">PASSED</dependent>
          </dep>
          <dep type="advmod">
            <governor idx="13">PASSED</governor>
            <dependent idx="14">AWAY</dependent>
          </dep>
        </dependencies>
        <dependencies type="collapsed-ccprocessed-dependencies">
          <dep type="root">
            <governor idx="0">ROOT</governor>
            <dependent idx="4">TAKEN</dependent>
          </dep>
          <dep type="det">
            <governor idx="2">VICTIM</governor>
            <dependent idx="1">THE</dependent>
          </dep>
          <dep type="nsubjpass">
            <governor idx="4">TAKEN</governor>
            <dependent idx="2">VICTIM</dependent>
          </dep>
          <dep type="auxpass">
            <governor idx="4">TAKEN</governor>
            <dependent idx="3">WAS</dependent>
          </dep>
          <dep type="case">
            <governor idx="9">HOSPITAL</governor>
            <dependent idx="5">TO</dependent>
          </dep>
          <dep type="det">
            <governor idx="9">HOSPITAL</governor>
            <dependent idx="6">THE</dependent>
          </dep>
          <dep type="compound">
            <governor idx="9">HOSPITAL</governor>
            <dependent idx="7">AIR</dependent>
          </dep>
          <dep type="compound">
            <governor idx="9">HOSPITAL</governor>
            <dependent idx="8">FORCE</dependent>
          </dep>
          <dep type="nmod:to">
            <governor idx="4">TAKEN</governor>
            <dependent idx="9">HOSPITAL</dependent>
          </dep>
          <dep type="advmod">
            <governor idx="13">PASSED</governor>
            <dependent idx="10">WHERE</dependent>
          </dep>
          <dep type="nsubj">
            <governor idx="13">PASSED</governor>
            <dependent idx="11">HE</dependent>
          </dep>
          <dep type="advmod">
            <governor idx="13">PASSED</governor>
            <dependent idx="12">UNFORTUNATELY</dependent>
          </dep>
          <dep type="advcl">
            <governor idx="4">TAKEN</governor>
            <dependent idx="13">PASSED</dependent>
          </dep>
          <dep type="advmod">
            <governor idx="13">PASSED</governor>
            <dependent idx="14">AWAY</dependent>
          </dep>
        </dependencies>
      </sentence>
      <sentence id="5">
        <tokens>
          <token id="1">
            <word>3</word>
            <lemma>3</lemma>
            <CharacterOffsetBegin>361</CharacterOffsetBegin>
            <CharacterOffsetEnd>362</CharacterOffsetEnd>
            <POS>LS</POS>
            <NER>NUMBER</NER>
            <NormalizedNER>3.0</NormalizedNER>
            <Speaker>PER0</Speaker>
          </token>
          <token id="2">
            <word>.</word>
            <lemma>.</lemma>
            <CharacterOffsetBegin>362</CharacterOffsetBegin>
            <CharacterOffsetEnd>363</CharacterOffsetEnd>
            <POS>.</POS>
            <NER>O</NER>
            <Speaker>PER0</Speaker>
          </token>
        </tokens>
        <parse>(ROOT (S (VP (LS 3)) (. .))) </parse>
        <dependencies type="basic-dependencies">
          <dep type="root">
            <governor idx="0">ROOT</governor>
            <dependent idx="1">3</dependent>
          </dep>
        </dependencies>
        <dependencies type="collapsed-dependencies">
          <dep type="root">
            <governor idx="0">ROOT</governor>
            <dependent idx="1">3</dependent>
          </dep>
        </dependencies>
        <dependencies type="collapsed-ccprocessed-dependencies">
          <dep type="root">
            <governor idx="0">ROOT</governor>
            <dependent idx="1">3</dependent>
          </dep>
        </dependencies>
      </sentence>
      <sentence id="6">
        <tokens>
          <token id="1">
            <word>THE</word>
            <lemma>the</lemma>
            <CharacterOffsetBegin>364</CharacterOffsetBegin>
            <CharacterOffsetEnd>367</CharacterOffsetEnd>
            <POS>DT</POS>
            <NER>O</NER>
            <Speaker>PER0</Speaker>
          </token>
          <token id="2">
            <word>AUTHORITIES</word>
            <lemma>authority</lemma>
            <CharacterOffsetBegin>368</CharacterOffsetBegin>
            <CharacterOffsetEnd>379</CharacterOffsetEnd>
            <POS>NNS</POS>
            <NER>O</NER>
            <Speaker>PER0</Speaker>
          </token>
          <token id="3">
            <word>ARE</word>
            <lemma>be</lemma>
            <CharacterOffsetBegin>380</CharacterOffsetBegin>
            <CharacterOffsetEnd>383</CharacterOffsetEnd>
            <POS>VBP</POS>
            <NER>O</NER>
            <Speaker>PER0</Speaker>
          </token>
          <token id="4">
            <word>INVESTIGATING</word>
            <lemma>investigate</lemma>
            <CharacterOffsetBegin>384</CharacterOffsetBegin>
            <CharacterOffsetEnd>397</CharacterOffsetEnd>
            <POS>VBG</POS>
            <NER>O</NER>
            <Speaker>PER0</Speaker>
          </token>
          <token id="5">
            <word>THE</word>
            <lemma>the</lemma>
            <CharacterOffsetBegin>398</CharacterOffsetBegin>
            <CharacterOffsetEnd>401</CharacterOffsetEnd>
            <POS>DT</POS>
            <NER>O</NER>
            <Speaker>PER0</Speaker>
          </token>
          <token id="6">
            <word>ATTACK</word>
            <lemma>attack</lemma>
            <CharacterOffsetBegin>402</CharacterOffsetBegin>
            <CharacterOffsetEnd>408</CharacterOffsetEnd>
            <POS>NN</POS>
            <NER>O</NER>
            <Speaker>PER0</Speaker>
          </token>
          <token id="7">
            <word>,</word>
            <lemma>,</lemma>
            <CharacterOffsetBegin>408</CharacterOffsetBegin>
            <CharacterOffsetEnd>409</CharacterOffsetEnd>
            <POS>,</POS>
            <NER>O</NER>
            <Speaker>PER0</Speaker>
          </token>
          <token id="8">
            <word>AND</word>
            <lemma>and</lemma>
            <CharacterOffsetBegin>410</CharacterOffsetBegin>
            <CharacterOffsetEnd>413</CharacterOffsetEnd>
            <POS>CC</POS>
            <NER>O</NER>
            <Speaker>PER0</Speaker>
          </token>
          <token id="9">
            <word>THEY</word>
            <lemma>they</lemma>
            <CharacterOffsetBegin>414</CharacterOffsetBegin>
            <CharacterOffsetEnd>418</CharacterOffsetEnd>
            <POS>PRP</POS>
            <NER>O</NER>
            <Speaker>PER0</Speaker>
          </token>
          <token id="10">
            <word>ARE</word>
            <lemma>be</lemma>
            <CharacterOffsetBegin>419</CharacterOffsetBegin>
            <CharacterOffsetEnd>422</CharacterOffsetEnd>
            <POS>VBP</POS>
            <NER>O</NER>
            <Speaker>PER0</Speaker>
          </token>
          <token id="11">
            <word>CONDUCTING</word>
            <lemma>conduct</lemma>
            <CharacterOffsetBegin>423</CharacterOffsetBegin>
            <CharacterOffsetEnd>433</CharacterOffsetEnd>
            <POS>VBG</POS>
            <NER>O</NER>
            <Speaker>PER0</Speaker>
          </token>
          <token id="12">
            <word>THE</word>
            <lemma>the</lemma>
            <CharacterOffsetBegin>434</CharacterOffsetBegin>
            <CharacterOffsetEnd>437</CharacterOffsetEnd>
            <POS>DT</POS>
            <NER>O</NER>
            <Speaker>PER0</Speaker>
          </token>
          <token id="13">
            <word>APPROPRIATE</word>
            <lemma>appropriate</lemma>
            <CharacterOffsetBegin>438</CharacterOffsetBegin>
            <CharacterOffsetEnd>449</CharacterOffsetEnd>
            <POS>JJ</POS>
            <NER>O</NER>
            <Speaker>PER0</Speaker>
          </token>
          <token id="14">
            <word>OPERATIONS</word>
            <lemma>operation</lemma>
            <CharacterOffsetBegin>450</CharacterOffsetBegin>
            <CharacterOffsetEnd>460</CharacterOffsetEnd>
            <POS>NNS</POS>
            <NER>O</NER>
            <Speaker>PER0</Speaker>
          </token>
          <token id="15">
            <word>TO</word>
            <lemma>to</lemma>
            <CharacterOffsetBegin>461</CharacterOffsetBegin>
            <CharacterOffsetEnd>463</CharacterOffsetEnd>
            <POS>TO</POS>
            <NER>O</NER>
            <Speaker>PER0</Speaker>
          </token>
          <token id="16">
            <word>CAPTURE</word>
            <lemma>capture</lemma>
            <CharacterOffsetBegin>464</CharacterOffsetBegin>
            <CharacterOffsetEnd>471</CharacterOffsetEnd>
            <POS>VB</POS>
            <NER>O</NER>
            <Speaker>PER0</Speaker>
          </token>
          <token id="17">
            <word>THE</word>
            <lemma>the</lemma>
            <CharacterOffsetBegin>472</CharacterOffsetBegin>
            <CharacterOffsetEnd>475</CharacterOffsetEnd>
            <POS>DT</POS>
            <NER>O</NER>
            <Speaker>PER0</Speaker>
          </token>
          <token id="18">
            <word>CRIMINALS</word>
            <lemma>criminal</lemma>
            <CharacterOffsetBegin>476</CharacterOffsetBegin>
            <CharacterOffsetEnd>485</CharacterOffsetEnd>
            <POS>NNS</POS>
            <NER>O</NER>
            <Speaker>PER0</Speaker>
          </token>
          <token id="19">
            <word>.</word>
            <lemma>.</lemma>
            <CharacterOffsetBegin>485</CharacterOffsetBegin>
            <CharacterOffsetEnd>486</CharacterOffsetEnd>
            <POS>.</POS>
            <NER>O</NER>
            <Speaker>PER0</Speaker>
          </token>
        </tokens>
        <parse>(ROOT (S (S (NP (DT THE) (NNS AUTHORITIES)) (VP (VBP ARE) (VP (VBG INVESTIGATING) (NP (DT THE) (NN ATTACK))))) (, ,) (CC AND) (S (NP (PRP THEY)) (VP (VBP ARE) (VP (VBG CONDUCTING) (NP (DT THE) (JJ APPROPRIATE) (NNS OPERATIONS)) (S (VP (TO TO) (VP (VB CAPTURE) (NP (DT THE) (NNS CRIMINALS)))))))) (. .))) </parse>
        <dependencies type="basic-dependencies">
          <dep type="root">
            <governor idx="0">ROOT</governor>
            <dependent idx="4">INVESTIGATING</dependent>
          </dep>
          <dep type="det">
            <governor idx="2">AUTHORITIES</governor>
            <dependent idx="1">THE</dependent>
          </dep>
          <dep type="nsubj">
            <governor idx="4">INVESTIGATING</governor>
            <dependent idx="2">AUTHORITIES</dependent>
          </dep>
          <dep type="aux">
            <governor idx="4">INVESTIGATING</governor>
            <dependent idx="3">ARE</dependent>
          </dep>
          <dep type="det">
            <governor idx="6">ATTACK</governor>
            <dependent idx="5">THE</dependent>
          </dep>
          <dep type="dobj">
            <governor idx="4">INVESTIGATING</governor>
            <dependent idx="6">ATTACK</dependent>
          </dep>
          <dep type="cc">
            <governor idx="4">INVESTIGATING</governor>
            <dependent idx="8">AND</dependent>
          </dep>
          <dep type="nsubj">
            <governor idx="11">CONDUCTING</governor>
            <dependent idx="9">THEY</dependent>
          </dep>
          <dep type="aux">
            <governor idx="11">CONDUCTING</governor>
            <dependent idx="10">ARE</dependent>
          </dep>
          <dep type="conj">
            <governor idx="4">INVESTIGATING</governor>
            <dependent idx="11">CONDUCTING</dependent>
          </dep>
          <dep type="det">
            <governor idx="14">OPERATIONS</governor>
            <dependent idx="12">THE</dependent>
          </dep>
          <dep type="amod">
            <governor idx="14">OPERATIONS</governor>
            <dependent idx="13">APPROPRIATE</dependent>
          </dep>
          <dep type="dobj">
            <governor idx="11">CONDUCTING</governor>
            <dependent idx="14">OPERATIONS</dependent>
          </dep>
          <dep type="mark">
            <governor idx="16">CAPTURE</governor>
            <dependent idx="15">TO</dependent>
          </dep>
          <dep type="advcl">
            <governor idx="11">CONDUCTING</governor>
            <dependent idx="16">CAPTURE</dependent>
          </dep>
          <dep type="det">
            <governor idx="18">CRIMINALS</governor>
            <dependent idx="17">THE</dependent>
          </dep>
          <dep type="dobj">
            <governor idx="16">CAPTURE</governor>
            <dependent idx="18">CRIMINALS</dependent>
          </dep>
        </dependencies>
        <dependencies type="collapsed-dependencies">
          <dep type="root">
            <governor idx="0">ROOT</governor>
            <dependent idx="4">INVESTIGATING</dependent>
          </dep>
          <dep type="det">
            <governor idx="2">AUTHORITIES</governor>
            <dependent idx="1">THE</dependent>
          </dep>
          <dep type="nsubj">
            <governor idx="4">INVESTIGATING</governor>
            <dependent idx="2">AUTHORITIES</dependent>
          </dep>
          <dep type="aux">
            <governor idx="4">INVESTIGATING</governor>
            <dependent idx="3">ARE</dependent>
          </dep>
          <dep type="det">
            <governor idx="6">ATTACK</governor>
            <dependent idx="5">THE</dependent>
          </dep>
          <dep type="dobj">
            <governor idx="4">INVESTIGATING</governor>
            <dependent idx="6">ATTACK</dependent>
          </dep>
          <dep type="cc">
            <governor idx="4">INVESTIGATING</governor>
            <dependent idx="8">AND</dependent>
          </dep>
          <dep type="nsubj">
            <governor idx="11">CONDUCTING</governor>
            <dependent idx="9">THEY</dependent>
          </dep>
          <dep type="aux">
            <governor idx="11">CONDUCTING</governor>
            <dependent idx="10">ARE</dependent>
          </dep>
          <dep type="conj:and">
            <governor idx="4">INVESTIGATING</governor>
            <dependent idx="11">CONDUCTING</dependent>
          </dep>
          <dep type="det">
            <governor idx="14">OPERATIONS</governor>
            <dependent idx="12">THE</dependent>
          </dep>
          <dep type="amod">
            <governor idx="14">OPERATIONS</governor>
            <dependent idx="13">APPROPRIATE</dependent>
          </dep>
          <dep type="dobj">
            <governor idx="11">CONDUCTING</governor>
            <dependent idx="14">OPERATIONS</dependent>
          </dep>
          <dep type="mark">
            <governor idx="16">CAPTURE</governor>
            <dependent idx="15">TO</dependent>
          </dep>
          <dep type="advcl">
            <governor idx="11">CONDUCTING</governor>
            <dependent idx="16">CAPTURE</dependent>
          </dep>
          <dep type="det">
            <governor idx="18">CRIMINALS</governor>
            <dependent idx="17">THE</dependent>
          </dep>
          <dep type="dobj">
            <governor idx="16">CAPTURE</governor>
            <dependent idx="18">CRIMINALS</dependent>
          </dep>
        </dependencies>
        <dependencies type="collapsed-ccprocessed-dependencies">
          <dep type="root">
            <governor idx="0">ROOT</governor>
            <dependent idx="4">INVESTIGATING</dependent>
          </dep>
          <dep type="det">
            <governor idx="2">AUTHORITIES</governor>
            <dependent idx="1">THE</dependent>
          </dep>
          <dep type="nsubj">
            <governor idx="4">INVESTIGATING</governor>
            <dependent idx="2">AUTHORITIES</dependent>
          </dep>
          <dep type="aux">
            <governor idx="4">INVESTIGATING</governor>
            <dependent idx="3">ARE</dependent>
          </dep>
          <dep type="det">
            <governor idx="6">ATTACK</governor>
            <dependent idx="5">THE</dependent>
          </dep>
          <dep type="dobj">
            <governor idx="4">INVESTIGATING</governor>
            <dependent idx="6">ATTACK</dependent>
          </dep>
          <dep type="cc">
            <governor idx="4">INVESTIGATING</governor>
            <dependent idx="8">AND</dependent>
          </dep>
          <dep type="nsubj">
            <governor idx="11">CONDUCTING</governor>
            <dependent idx="9">THEY</dependent>
          </dep>
          <dep type="aux">
            <governor idx="11">CONDUCTING</governor>
            <dependent idx="10">ARE</dependent>
          </dep>
          <dep type="conj:and">
            <governor idx="4">INVESTIGATING</governor>
            <dependent idx="11">CONDUCTING</dependent>
          </dep>
          <dep type="det">
            <governor idx="14">OPERATIONS</governor>
            <dependent idx="12">THE</dependent>
          </dep>
          <dep type="amod">
            <governor idx="14">OPERATIONS</governor>
            <dependent idx="13">APPROPRIATE</dependent>
          </dep>
          <dep type="dobj">
            <governor idx="11">CONDUCTING</governor>
            <dependent idx="14">OPERATIONS</dependent>
          </dep>
          <dep type="mark">
            <governor idx="16">CAPTURE</governor>
            <dependent idx="15">TO</dependent>
          </dep>
          <dep type="advcl">
            <governor idx="11">CONDUCTING</governor>
            <dependent idx="16">CAPTURE</dependent>
          </dep>
          <dep type="det">
            <governor idx="18">CRIMINALS</governor>
            <dependent idx="17">THE</dependent>
          </dep>
          <dep type="dobj">
            <governor idx="16">CAPTURE</governor>
            <dependent idx="18">CRIMINALS</dependent>
          </dep>
        </dependencies>
      </sentence>
      <sentence id="7">
        <tokens>
          <token id="1">
            <word>-LSB-</word>
            <lemma>-lsb-</lemma>
            <CharacterOffsetBegin>491</CharacterOffsetBegin>
            <CharacterOffsetEnd>492</CharacterOffsetEnd>
            <POS>-LRB-</POS>
            <NER>O</NER>
            <Speaker>PER0</Speaker>
          </token>
          <token id="2">
            <word>DATED</word>
            <lemma>date</lemma>
            <CharacterOffsetBegin>492</CharacterOffsetBegin>
            <CharacterOffsetEnd>497</CharacterOffsetEnd>
            <POS>VBN</POS>
            <NER>O</NER>
            <Speaker>PER0</Speaker>
          </token>
          <token id="3">
            <word>AND</word>
            <lemma>and</lemma>
            <CharacterOffsetBegin>498</CharacterOffsetBegin>
            <CharacterOffsetEnd>501</CharacterOffsetEnd>
            <POS>CC</POS>
            <NER>O</NER>
            <Speaker>PER0</Speaker>
          </token>
          <token id="4">
            <word>SIGNED</word>
            <lemma>sign</lemma>
            <CharacterOffsetBegin>502</CharacterOffsetBegin>
            <CharacterOffsetEnd>508</CharacterOffsetEnd>
            <POS>VBN</POS>
            <NER>O</NER>
            <Speaker>PER0</Speaker>
          </token>
          <token id="5">
            <word>-RSB-</word>
            <lemma>-rsb-</lemma>
            <CharacterOffsetBegin>508</CharacterOffsetBegin>
            <CharacterOffsetEnd>509</CharacterOffsetEnd>
            <POS>-RRB-</POS>
            <NER>O</NER>
            <Speaker>PER0</Speaker>
          </token>
          <token id="6">
            <word>LIMA</word>
            <lemma>LIMA</lemma>
            <CharacterOffsetBegin>510</CharacterOffsetBegin>
            <CharacterOffsetEnd>514</CharacterOffsetEnd>
            <POS>NNP</POS>
            <NER>LOCATION</NER>
            <Speaker>PER0</Speaker>
          </token>
          <token id="7">
            <word>,</word>
            <lemma>,</lemma>
            <CharacterOffsetBegin>514</CharacterOffsetBegin>
            <CharacterOffsetEnd>515</CharacterOffsetEnd>
            <POS>,</POS>
            <NER>O</NER>
            <Speaker>PER0</Speaker>
          </token>
          <token id="8">
            <word>9</word>
            <lemma>9</lemma>
            <CharacterOffsetBegin>516</CharacterOffsetBegin>
            <CharacterOffsetEnd>517</CharacterOffsetEnd>
            <POS>CD</POS>
            <NER>DATE</NER>
            <NormalizedNER>1990-01-09</NormalizedNER>
            <Speaker>PER0</Speaker>
            <Timex tid="t4" type="DATE">1990-01-09</Timex>
          </token>
          <token id="9">
            <word>JANUARY</word>
            <lemma>JANUARY</lemma>
            <CharacterOffsetBegin>518</CharacterOffsetBegin>
            <CharacterOffsetEnd>525</CharacterOffsetEnd>
            <POS>NNP</POS>
            <NER>DATE</NER>
            <NormalizedNER>1990-01-09</NormalizedNER>
            <Speaker>PER0</Speaker>
            <Timex tid="t4" type="DATE">1990-01-09</Timex>
          </token>
          <token id="10">
            <word>1990</word>
            <lemma>1990</lemma>
            <CharacterOffsetBegin>526</CharacterOffsetBegin>
            <CharacterOffsetEnd>530</CharacterOffsetEnd>
            <POS>CD</POS>
            <NER>DATE</NER>
            <NormalizedNER>1990-01-09</NormalizedNER>
            <Speaker>PER0</Speaker>
            <Timex tid="t4" type="DATE">1990-01-09</Timex>
          </token>
          <token id="11">
            <word>.</word>
            <lemma>.</lemma>
            <CharacterOffsetBegin>530</CharacterOffsetBegin>
            <CharacterOffsetEnd>531</CharacterOffsetEnd>
            <POS>.</POS>
            <NER>O</NER>
            <Speaker>PER0</Speaker>
          </token>
        </tokens>
        <parse>(ROOT (SINV (ADVP (-LRB- -LSB-)) (VP (VBN DATED) (CC AND) (VBN SIGNED)) (NP (NP (-RRB- -RSB-) (NNP LIMA)) (, ,) (NP (NP (CD 9)) (NP-TMP (NNP JANUARY) (CD 1990)))) (. .))) </parse>
        <dependencies type="basic-dependencies">
          <dep type="root">
            <governor idx="0">ROOT</governor>
            <dependent idx="2">DATED</dependent>
          </dep>
          <dep type="cc">
            <governor idx="2">DATED</governor>
            <dependent idx="3">AND</dependent>
          </dep>
          <dep type="conj">
            <governor idx="2">DATED</governor>
            <dependent idx="4">SIGNED</dependent>
          </dep>
          <dep type="nsubj">
            <governor idx="2">DATED</governor>
            <dependent idx="6">LIMA</dependent>
          </dep>
          <dep type="appos">
            <governor idx="6">LIMA</governor>
            <dependent idx="8">9</dependent>
          </dep>
          <dep type="nmod:tmod">
            <governor idx="8">9</governor>
            <dependent idx="9">JANUARY</dependent>
          </dep>
          <dep type="nummod">
            <governor idx="9">JANUARY</governor>
            <dependent idx="10">1990</dependent>
          </dep>
        </dependencies>
        <dependencies type="collapsed-dependencies">
          <dep type="root">
            <governor idx="0">ROOT</governor>
            <dependent idx="2">DATED</dependent>
          </dep>
          <dep type="cc">
            <governor idx="2">DATED</governor>
            <dependent idx="3">AND</dependent>
          </dep>
          <dep type="conj:and">
            <governor idx="2">DATED</governor>
            <dependent idx="4">SIGNED</dependent>
          </dep>
          <dep type="nsubj">
            <governor idx="2">DATED</governor>
            <dependent idx="6">LIMA</dependent>
          </dep>
          <dep type="appos">
            <governor idx="6">LIMA</governor>
            <dependent idx="8">9</dependent>
          </dep>
          <dep type="nmod:tmod">
            <governor idx="8">9</governor>
            <dependent idx="9">JANUARY</dependent>
          </dep>
          <dep type="nummod">
            <governor idx="9">JANUARY</governor>
            <dependent idx="10">1990</dependent>
          </dep>
        </dependencies>
        <dependencies type="collapsed-ccprocessed-dependencies">
          <dep type="root">
            <governor idx="0">ROOT</governor>
            <dependent idx="2">DATED</dependent>
          </dep>
          <dep type="cc">
            <governor idx="2">DATED</governor>
            <dependent idx="3">AND</dependent>
          </dep>
          <dep type="conj:and">
            <governor idx="2">DATED</governor>
            <dependent idx="4">SIGNED</dependent>
          </dep>
          <dep type="nsubj">
            <governor idx="2">DATED</governor>
            <dependent idx="6">LIMA</dependent>
          </dep>
          <dep type="nsubj" extra="true">
            <governor idx="4">SIGNED</governor>
            <dependent idx="6">LIMA</dependent>
          </dep>
          <dep type="appos">
            <governor idx="6">LIMA</governor>
            <dependent idx="8">9</dependent>
          </dep>
          <dep type="nmod:tmod">
            <governor idx="8">9</governor>
            <dependent idx="9">JANUARY</dependent>
          </dep>
          <dep type="nummod">
            <governor idx="9">JANUARY</governor>
            <dependent idx="10">1990</dependent>
          </dep>
        </dependencies>
      </sentence>
      <sentence id="8">
        <tokens>
          <token id="1">
            <word>DEFENSE</word>
            <lemma>DEFENSE</lemma>
            <CharacterOffsetBegin>533</CharacterOffsetBegin>
            <CharacterOffsetEnd>540</CharacterOffsetEnd>
            <POS>NNP</POS>
            <NER>ORGANIZATION</NER>
            <Speaker>PER0</Speaker>
          </token>
          <token id="2">
            <word>MINISTRY</word>
            <lemma>MINISTRY</lemma>
            <CharacterOffsetBegin>541</CharacterOffsetBegin>
            <CharacterOffsetEnd>549</CharacterOffsetEnd>
            <POS>NNP</POS>
            <NER>ORGANIZATION</NER>
            <Speaker>PER0</Speaker>
          </token>
          <token id="3">
            <word>COMMUNICATIONS</word>
            <lemma>COMMUNICATIONS</lemma>
            <CharacterOffsetBegin>550</CharacterOffsetBegin>
            <CharacterOffsetEnd>564</CharacterOffsetEnd>
            <POS>NNP</POS>
            <NER>ORGANIZATION</NER>
            <Speaker>PER0</Speaker>
          </token>
          <token id="4">
            <word>OFFICE</word>
            <lemma>OFFICE</lemma>
            <CharacterOffsetBegin>565</CharacterOffsetBegin>
            <CharacterOffsetEnd>571</CharacterOffsetEnd>
            <POS>NNP</POS>
            <NER>ORGANIZATION</NER>
            <Speaker>PER0</Speaker>
          </token>
          <token id="5">
            <word>.</word>
            <lemma>.</lemma>
            <CharacterOffsetBegin>571</CharacterOffsetBegin>
            <CharacterOffsetEnd>572</CharacterOffsetEnd>
            <POS>.</POS>
            <NER>O</NER>
            <Speaker>PER0</Speaker>
          </token>
        </tokens>
        <parse>(ROOT (NP (NNP DEFENSE) (NNP MINISTRY) (NNP COMMUNICATIONS) (NNP OFFICE) (. .))) </parse>
        <dependencies type="basic-dependencies">
          <dep type="root">
            <governor idx="0">ROOT</governor>
            <dependent idx="4">OFFICE</dependent>
          </dep>
          <dep type="compound">
            <governor idx="4">OFFICE</governor>
            <dependent idx="1">DEFENSE</dependent>
          </dep>
          <dep type="compound">
            <governor idx="4">OFFICE</governor>
            <dependent idx="2">MINISTRY</dependent>
          </dep>
          <dep type="compound">
            <governor idx="4">OFFICE</governor>
            <dependent idx="3">COMMUNICATIONS</dependent>
          </dep>
        </dependencies>
        <dependencies type="collapsed-dependencies">
          <dep type="root">
            <governor idx="0">ROOT</governor>
            <dependent idx="4">OFFICE</dependent>
          </dep>
          <dep type="compound">
            <governor idx="4">OFFICE</governor>
            <dependent idx="1">DEFENSE</dependent>
          </dep>
          <dep type="compound">
            <governor idx="4">OFFICE</governor>
            <dependent idx="2">MINISTRY</dependent>
          </dep>
          <dep type="compound">
            <governor idx="4">OFFICE</governor>
            <dependent idx="3">COMMUNICATIONS</dependent>
          </dep>
        </dependencies>
        <dependencies type="collapsed-ccprocessed-dependencies">
          <dep type="root">
            <governor idx="0">ROOT</governor>
            <dependent idx="4">OFFICE</dependent>
          </dep>
          <dep type="compound">
            <governor idx="4">OFFICE</governor>
            <dependent idx="1">DEFENSE</dependent>
          </dep>
          <dep type="compound">
            <governor idx="4">OFFICE</governor>
            <dependent idx="2">MINISTRY</dependent>
          </dep>
          <dep type="compound">
            <governor idx="4">OFFICE</governor>
            <dependent idx="3">COMMUNICATIONS</dependent>
          </dep>
        </dependencies>
      </sentence>
    </sentences>
    <coreference>
      <coreference>
        <mention representative="true">
          <sentence>7</sentence>
          <start>5</start>
          <end>7</end>
          <head>6</head>
          <text>-RSB- LIMA</text>
        </mention>
        <mention>
          <sentence>1</sentence>
          <start>5</start>
          <end>6</end>
          <head>5</head>
          <text>LIMA</text>
        </mention>
        <mention>
          <sentence>7</sentence>
          <start>6</start>
          <end>7</end>
          <head>6</head>
          <text>LIMA</text>
        </mention>
      </coreference>
      <coreference>
        <mention representative="true">
          <sentence>2</sentence>
          <start>11</start>
          <end>15</end>
          <head>14</head>
          <text>AN ARMED TERRORIST ATTACK</text>
        </mention>
        <mention>
          <sentence>6</sentence>
          <start>5</start>
          <end>7</end>
          <head>6</head>
          <text>THE ATTACK</text>
        </mention>
      </coreference>
      <coreference>
        <mention representative="true">
          <sentence>4</sentence>
          <start>1</start>
          <end>3</end>
          <head>2</head>
          <text>THE VICTIM</text>
        </mention>
        <mention>
          <sentence>4</sentence>
          <start>11</start>
          <end>12</end>
          <head>11</head>
          <text>HE</text>
        </mention>
      </coreference>
      <coreference>
        <mention representative="true">
          <sentence>6</sentence>
          <start>1</start>
          <end>3</end>
          <head>2</head>
          <text>THE AUTHORITIES</text>
        </mention>
        <mention>
          <sentence>6</sentence>
          <start>9</start>
          <end>10</end>
          <head>9</head>
          <text>THEY</text>
        </mention>
      </coreference>
    </coreference>
  </document>
</root>
