<?xml version="1.0" encoding="ASCII"?>
<?xml-stylesheet href="CoreNLP-to-HTML.xsl" type="text/xsl"?>
<root>
  <document>
    <sentences>
      <sentence id="1">
        <tokens>
          <token id="1">
            <word>DEV-MUC3-0016</word>
            <lemma>dev-muc3-0016</lemma>
            <CharacterOffsetBegin>0</CharacterOffsetBegin>
            <CharacterOffsetEnd>13</CharacterOffsetEnd>
            <POS>NN</POS>
            <NER>O</NER>
            <Speaker>PER0</Speaker>
          </token>
          <token id="2">
            <word>-LRB-</word>
            <lemma>-lrb-</lemma>
            <CharacterOffsetBegin>14</CharacterOffsetBegin>
            <CharacterOffsetEnd>15</CharacterOffsetEnd>
            <POS>-LRB-</POS>
            <NER>O</NER>
            <Speaker>PER0</Speaker>
          </token>
          <token id="3">
            <word>NOSC</word>
            <lemma>nosc</lemma>
            <CharacterOffsetBegin>15</CharacterOffsetBegin>
            <CharacterOffsetEnd>19</CharacterOffsetEnd>
            <POS>NN</POS>
            <NER>O</NER>
            <Speaker>PER0</Speaker>
          </token>
          <token id="4">
            <word>-RRB-</word>
            <lemma>-rrb-</lemma>
            <CharacterOffsetBegin>19</CharacterOffsetBegin>
            <CharacterOffsetEnd>20</CharacterOffsetEnd>
            <POS>-RRB-</POS>
            <NER>O</NER>
            <Speaker>PER0</Speaker>
          </token>
          <token id="5">
            <word>BUENOS</word>
            <lemma>BUENOS</lemma>
            <CharacterOffsetBegin>25</CharacterOffsetBegin>
            <CharacterOffsetEnd>31</CharacterOffsetEnd>
            <POS>NNP</POS>
            <NER>LOCATION</NER>
            <Speaker>PER0</Speaker>
          </token>
          <token id="6">
            <word>AIRES</word>
            <lemma>AIRES</lemma>
            <CharacterOffsetBegin>32</CharacterOffsetBegin>
            <CharacterOffsetEnd>37</CharacterOffsetEnd>
            <POS>NNP</POS>
            <NER>LOCATION</NER>
            <Speaker>PER0</Speaker>
          </token>
          <token id="7">
            <word>,</word>
            <lemma>,</lemma>
            <CharacterOffsetBegin>37</CharacterOffsetBegin>
            <CharacterOffsetEnd>38</CharacterOffsetEnd>
            <POS>,</POS>
            <NER>O</NER>
            <Speaker>PER0</Speaker>
          </token>
          <token id="8">
            <word>10</word>
            <lemma>10</lemma>
            <CharacterOffsetBegin>39</CharacterOffsetBegin>
            <CharacterOffsetEnd>41</CharacterOffsetEnd>
            <POS>CD</POS>
            <NER>DATE</NER>
            <NormalizedNER>XXXX-01-10</NormalizedNER>
            <Speaker>PER0</Speaker>
            <Timex tid="t1" type="DATE">XXXX-01-10</Timex>
          </token>
          <token id="9">
            <word>JAN</word>
            <lemma>JAN</lemma>
            <CharacterOffsetBegin>42</CharacterOffsetBegin>
            <CharacterOffsetEnd>45</CharacterOffsetEnd>
            <POS>NNP</POS>
            <NER>DATE</NER>
            <NormalizedNER>XXXX-01-10</NormalizedNER>
            <Speaker>PER0</Speaker>
            <Timex tid="t1" type="DATE">XXXX-01-10</Timex>
          </token>
          <token id="10">
            <word>90</word>
            <lemma>90</lemma>
            <CharacterOffsetBegin>46</CharacterOffsetBegin>
            <CharacterOffsetEnd>48</CharacterOffsetEnd>
            <POS>CD</POS>
            <NER>NUMBER</NER>
            <NormalizedNER>90.0</NormalizedNER>
            <Speaker>PER0</Speaker>
          </token>
          <token id="11">
            <word>-LRB-</word>
            <lemma>-lrb-</lemma>
            <CharacterOffsetBegin>49</CharacterOffsetBegin>
            <CharacterOffsetEnd>50</CharacterOffsetEnd>
            <POS>-LRB-</POS>
            <NER>O</NER>
            <Speaker>PER0</Speaker>
          </token>
          <token id="12">
            <word>NA</word>
            <lemma>na</lemma>
            <CharacterOffsetBegin>50</CharacterOffsetBegin>
            <CharacterOffsetEnd>52</CharacterOffsetEnd>
            <POS>TO</POS>
            <NER>O</NER>
            <Speaker>PER0</Speaker>
          </token>
          <token id="13">
            <word>-RRB-</word>
            <lemma>-rrb-</lemma>
            <CharacterOffsetBegin>52</CharacterOffsetBegin>
            <CharacterOffsetEnd>53</CharacterOffsetEnd>
            <POS>-RRB-</POS>
            <NER>O</NER>
            <Speaker>PER0</Speaker>
          </token>
          <token id="14">
            <word>--</word>
            <lemma>--</lemma>
            <CharacterOffsetBegin>54</CharacterOffsetBegin>
            <CharacterOffsetEnd>56</CharacterOffsetEnd>
            <POS>:</POS>
            <NER>O</NER>
            <Speaker>PER0</Speaker>
          </token>
          <token id="15">
            <word>-LSB-</word>
            <lemma>-lsb-</lemma>
            <CharacterOffsetBegin>57</CharacterOffsetBegin>
            <CharacterOffsetEnd>58</CharacterOffsetEnd>
            <POS>-LRB-</POS>
            <NER>O</NER>
            <Speaker>PER0</Speaker>
          </token>
          <token id="16">
            <word>TEXT</word>
            <lemma>text</lemma>
            <CharacterOffsetBegin>58</CharacterOffsetBegin>
            <CharacterOffsetEnd>62</CharacterOffsetEnd>
            <POS>NN</POS>
            <NER>O</NER>
            <Speaker>PER0</Speaker>
          </token>
          <token id="17">
            <word>-RSB-</word>
            <lemma>-rsb-</lemma>
            <CharacterOffsetBegin>62</CharacterOffsetBegin>
            <CharacterOffsetEnd>63</CharacterOffsetEnd>
            <POS>-RRB-</POS>
            <NER>O</NER>
            <Speaker>PER0</Speaker>
          </token>
          <token id="18">
            <word>A</word>
            <lemma>a</lemma>
            <CharacterOffsetBegin>64</CharacterOffsetBegin>
            <CharacterOffsetEnd>65</CharacterOffsetEnd>
            <POS>DT</POS>
            <NER>O</NER>
            <Speaker>PER0</Speaker>
          </token>
          <token id="19">
            <word>UCR</word>
            <lemma>ucr</lemma>
            <CharacterOffsetBegin>66</CharacterOffsetBegin>
            <CharacterOffsetEnd>69</CharacterOffsetEnd>
            <POS>NN</POS>
            <NER>O</NER>
            <Speaker>PER0</Speaker>
          </token>
          <token id="20">
            <word>-LSB-</word>
            <lemma>-lsb-</lemma>
            <CharacterOffsetBegin>70</CharacterOffsetBegin>
            <CharacterOffsetEnd>71</CharacterOffsetEnd>
            <POS>-LRB-</POS>
            <NER>O</NER>
            <Speaker>PER0</Speaker>
          </token>
          <token id="21">
            <word>RADICAL</word>
            <lemma>radical</lemma>
            <CharacterOffsetBegin>71</CharacterOffsetBegin>
            <CharacterOffsetEnd>78</CharacterOffsetEnd>
            <POS>JJ</POS>
            <NER>ORGANIZATION</NER>
            <Speaker>PER0</Speaker>
          </token>
          <token id="22">
            <word>CIVIC</word>
            <lemma>CIVIC</lemma>
            <CharacterOffsetBegin>79</CharacterOffsetBegin>
            <CharacterOffsetEnd>84</CharacterOffsetEnd>
            <POS>NNP</POS>
            <NER>ORGANIZATION</NER>
            <Speaker>PER0</Speaker>
          </token>
          <token id="23">
            <word>UNION</word>
            <lemma>UNION</lemma>
            <CharacterOffsetBegin>85</CharacterOffsetBegin>
            <CharacterOffsetEnd>90</CharacterOffsetEnd>
            <POS>NNP</POS>
            <NER>ORGANIZATION</NER>
            <Speaker>PER0</Speaker>
          </token>
          <token id="24">
            <word>-RSB-</word>
            <lemma>-rsb-</lemma>
            <CharacterOffsetBegin>90</CharacterOffsetBegin>
            <CharacterOffsetEnd>91</CharacterOffsetEnd>
            <POS>-RRB-</POS>
            <NER>O</NER>
            <Speaker>PER0</Speaker>
          </token>
          <token id="25">
            <word>BUENOS</word>
            <lemma>BUENOS</lemma>
            <CharacterOffsetBegin>92</CharacterOffsetBegin>
            <CharacterOffsetEnd>98</CharacterOffsetEnd>
            <POS>NNP</POS>
            <NER>LOCATION</NER>
            <Speaker>PER0</Speaker>
          </token>
          <token id="26">
            <word>AIRES</word>
            <lemma>AIRES</lemma>
            <CharacterOffsetBegin>99</CharacterOffsetBegin>
            <CharacterOffsetEnd>104</CharacterOffsetEnd>
            <POS>NNP</POS>
            <NER>LOCATION</NER>
            <Speaker>PER0</Speaker>
          </token>
          <token id="27">
            <word>PROVINCE</word>
            <lemma>PROVINCE</lemma>
            <CharacterOffsetBegin>105</CharacterOffsetBegin>
            <CharacterOffsetEnd>113</CharacterOffsetEnd>
            <POS>NNP</POS>
            <NER>O</NER>
            <Speaker>PER0</Speaker>
          </token>
          <token id="28">
            <word>COMMITTEE</word>
            <lemma>COMMITTEE</lemma>
            <CharacterOffsetBegin>114</CharacterOffsetBegin>
            <CharacterOffsetEnd>123</CharacterOffsetEnd>
            <POS>NNP</POS>
            <NER>O</NER>
            <Speaker>PER0</Speaker>
          </token>
          <token id="29">
            <word>SPOKESMAN</word>
            <lemma>spokesman</lemma>
            <CharacterOffsetBegin>124</CharacterOffsetBegin>
            <CharacterOffsetEnd>133</CharacterOffsetEnd>
            <POS>NN</POS>
            <NER>O</NER>
            <Speaker>PER0</Speaker>
          </token>
          <token id="30">
            <word>TODAY</word>
            <lemma>today</lemma>
            <CharacterOffsetBegin>134</CharacterOffsetBegin>
            <CharacterOffsetEnd>139</CharacterOffsetEnd>
            <POS>NN</POS>
            <NER>DATE</NER>
            <NormalizedNER>THIS P1D</NormalizedNER>
            <Speaker>PER0</Speaker>
            <Timex tid="t2" type="DATE"/>
          </token>
          <token id="31">
            <word>REPORTED</word>
            <lemma>report</lemma>
            <CharacterOffsetBegin>140</CharacterOffsetBegin>
            <CharacterOffsetEnd>148</CharacterOffsetEnd>
            <POS>VBD</POS>
            <NER>O</NER>
            <Speaker>PER0</Speaker>
          </token>
          <token id="32">
            <word>THAT</word>
            <lemma>that</lemma>
            <CharacterOffsetBegin>149</CharacterOffsetBegin>
            <CharacterOffsetEnd>153</CharacterOffsetEnd>
            <POS>IN</POS>
            <NER>O</NER>
            <Speaker>PER0</Speaker>
          </token>
          <token id="33">
            <word>A</word>
            <lemma>a</lemma>
            <CharacterOffsetBegin>154</CharacterOffsetBegin>
            <CharacterOffsetEnd>155</CharacterOffsetEnd>
            <POS>DT</POS>
            <NER>O</NER>
            <Speaker>PER0</Speaker>
          </token>
          <token id="34">
            <word>UCR</word>
            <lemma>ucr</lemma>
            <CharacterOffsetBegin>156</CharacterOffsetBegin>
            <CharacterOffsetEnd>159</CharacterOffsetEnd>
            <POS>NN</POS>
            <NER>ORGANIZATION</NER>
            <Speaker>PER0</Speaker>
          </token>
          <token id="35">
            <word>DISTRICT</word>
            <lemma>district</lemma>
            <CharacterOffsetBegin>160</CharacterOffsetBegin>
            <CharacterOffsetEnd>168</CharacterOffsetEnd>
            <POS>NN</POS>
            <NER>O</NER>
            <Speaker>PER0</Speaker>
          </token>
          <token id="36">
            <word>HEADQUARTERS</word>
            <lemma>headquarters</lemma>
            <CharacterOffsetBegin>169</CharacterOffsetBegin>
            <CharacterOffsetEnd>181</CharacterOffsetEnd>
            <POS>NN</POS>
            <NER>O</NER>
            <Speaker>PER0</Speaker>
          </token>
          <token id="37">
            <word>IN</word>
            <lemma>in</lemma>
            <CharacterOffsetBegin>182</CharacterOffsetBegin>
            <CharacterOffsetEnd>184</CharacterOffsetEnd>
            <POS>IN</POS>
            <NER>O</NER>
            <Speaker>PER0</Speaker>
          </token>
          <token id="38">
            <word>BUENOS</word>
            <lemma>BUENOS</lemma>
            <CharacterOffsetBegin>185</CharacterOffsetBegin>
            <CharacterOffsetEnd>191</CharacterOffsetEnd>
            <POS>NNP</POS>
            <NER>LOCATION</NER>
            <Speaker>PER0</Speaker>
          </token>
          <token id="39">
            <word>AIRES</word>
            <lemma>AIRES</lemma>
            <CharacterOffsetBegin>192</CharacterOffsetBegin>
            <CharacterOffsetEnd>197</CharacterOffsetEnd>
            <POS>NNP</POS>
            <NER>LOCATION</NER>
            <Speaker>PER0</Speaker>
          </token>
          <token id="40">
            <word>PROVINCE</word>
            <lemma>province</lemma>
            <CharacterOffsetBegin>198</CharacterOffsetBegin>
            <CharacterOffsetEnd>206</CharacterOffsetEnd>
            <POS>NN</POS>
            <NER>O</NER>
            <Speaker>PER0</Speaker>
          </token>
          <token id="41">
            <word>WAS</word>
            <lemma>be</lemma>
            <CharacterOffsetBegin>207</CharacterOffsetBegin>
            <CharacterOffsetEnd>210</CharacterOffsetEnd>
            <POS>VBD</POS>
            <NER>O</NER>
            <Speaker>PER0</Speaker>
          </token>
          <token id="42">
            <word>``</word>
            <lemma>``</lemma>
            <CharacterOffsetBegin>211</CharacterOffsetBegin>
            <CharacterOffsetEnd>212</CharacterOffsetEnd>
            <POS>``</POS>
            <NER>O</NER>
          </token>
          <token id="43">
            <word>COMPLETELY</word>
            <lemma>completely</lemma>
            <CharacterOffsetBegin>212</CharacterOffsetBegin>
            <CharacterOffsetEnd>222</CharacterOffsetEnd>
            <POS>RB</POS>
            <NER>O</NER>
            <Speaker>8</Speaker>
          </token>
          <token id="44">
            <word>DESTROYED</word>
            <lemma>destroy</lemma>
            <CharacterOffsetBegin>223</CharacterOffsetBegin>
            <CharacterOffsetEnd>232</CharacterOffsetEnd>
            <POS>VBN</POS>
            <NER>O</NER>
            <Speaker>8</Speaker>
          </token>
          <token id="45">
            <word>BY</word>
            <lemma>by</lemma>
            <CharacterOffsetBegin>233</CharacterOffsetBegin>
            <CharacterOffsetEnd>235</CharacterOffsetEnd>
            <POS>IN</POS>
            <NER>O</NER>
            <Speaker>8</Speaker>
          </token>
          <token id="46">
            <word>A</word>
            <lemma>a</lemma>
            <CharacterOffsetBegin>236</CharacterOffsetBegin>
            <CharacterOffsetEnd>237</CharacterOffsetEnd>
            <POS>DT</POS>
            <NER>O</NER>
            <Speaker>8</Speaker>
          </token>
          <token id="47">
            <word>BOMB</word>
            <lemma>bomb</lemma>
            <CharacterOffsetBegin>238</CharacterOffsetBegin>
            <CharacterOffsetEnd>242</CharacterOffsetEnd>
            <POS>NN</POS>
            <NER>O</NER>
            <Speaker>8</Speaker>
          </token>
          <token id="48">
            <word>EXPLOSION</word>
            <lemma>explosion</lemma>
            <CharacterOffsetBegin>243</CharacterOffsetBegin>
            <CharacterOffsetEnd>252</CharacterOffsetEnd>
            <POS>NN</POS>
            <NER>O</NER>
            <Speaker>8</Speaker>
          </token>
          <token id="49">
            <word>.</word>
            <lemma>.</lemma>
            <CharacterOffsetBegin>252</CharacterOffsetBegin>
            <CharacterOffsetEnd>253</CharacterOffsetEnd>
            <POS>.</POS>
            <NER>O</NER>
            <Speaker>8</Speaker>
          </token>
          <token id="50">
            <word>''</word>
            <lemma>''</lemma>
            <CharacterOffsetBegin>253</CharacterOffsetBegin>
            <CharacterOffsetEnd>254</CharacterOffsetEnd>
            <POS>''</POS>
            <NER>O</NER>
            <Speaker>PER0</Speaker>
          </token>
        </tokens>
        <parse>(ROOT (S (NP (NP (NN DEV-MUC3-0016)) (PRN (-LRB- -LRB-) (NP (NN NOSC)) (-RRB- -RRB-)) (NP (NNP BUENOS) (NNP AIRES)) (, ,) (NP (NP (CD 10) (NNP JAN) (CD 90)) (PRN (-LRB- -LRB-) (X (TO NA)) (-RRB- -RRB-))) (: --)) (VP (-LRB- -LSB-) (SBAR (S (NP (NP (NN TEXT)) (PP (-RRB- -RSB-) (NP (NP (DT A) (NN UCR)) (PP (-LRB- -LSB-) (NP (JJ RADICAL) (NNP CIVIC) (NNP UNION) (-RRB- -RSB-) (NNP BUENOS) (NNP AIRES) (NNP PROVINCE) (NNP COMMITTEE) (NN SPOKESMAN) (NN TODAY)))))) (VP (VBD REPORTED) (SBAR (IN THAT) (S (NP (NP (DT A) (NN UCR) (NN DISTRICT) (NN HEADQUARTERS)) (PP (IN IN) (NP (NNP BUENOS) (NNP AIRES) (NN PROVINCE)))) (VP (VBD WAS) (VP (`` ``) (ADVP (RB COMPLETELY)) (VBN DESTROYED) (PP (IN BY) (NP (DT A) (NN BOMB) (NN EXPLOSION))))))))))) (. .) ('' ''))) </parse>
        <dependencies type="basic-dependencies">
          <dep type="root">
            <governor idx="0">ROOT</governor>
            <dependent idx="31">REPORTED</dependent>
          </dep>
          <dep type="nsubj">
            <governor idx="31">REPORTED</governor>
            <dependent idx="1">DEV-MUC3-0016</dependent>
          </dep>
          <dep type="appos">
            <governor idx="1">DEV-MUC3-0016</governor>
            <dependent idx="3">NOSC</dependent>
          </dep>
          <dep type="compound">
            <governor idx="6">AIRES</governor>
            <dependent idx="5">BUENOS</dependent>
          </dep>
          <dep type="dep">
            <governor idx="1">DEV-MUC3-0016</governor>
            <dependent idx="6">AIRES</dependent>
          </dep>
          <dep type="nummod">
            <governor idx="9">JAN</governor>
            <dependent idx="8">10</dependent>
          </dep>
          <dep type="appos">
            <governor idx="1">DEV-MUC3-0016</governor>
            <dependent idx="9">JAN</dependent>
          </dep>
          <dep type="nummod">
            <governor idx="9">JAN</governor>
            <dependent idx="10">90</dependent>
          </dep>
          <dep type="dep">
            <governor idx="9">JAN</governor>
            <dependent idx="12">NA</dependent>
          </dep>
          <dep type="nsubj">
            <governor idx="31">REPORTED</governor>
            <dependent idx="16">TEXT</dependent>
          </dep>
          <dep type="det">
            <governor idx="19">UCR</governor>
            <dependent idx="18">A</dependent>
          </dep>
          <dep type="nmod">
            <governor idx="16">TEXT</governor>
            <dependent idx="19">UCR</dependent>
          </dep>
          <dep type="amod">
            <governor idx="30">TODAY</governor>
            <dependent idx="21">RADICAL</dependent>
          </dep>
          <dep type="compound">
            <governor idx="30">TODAY</governor>
            <dependent idx="22">CIVIC</dependent>
          </dep>
          <dep type="compound">
            <governor idx="30">TODAY</governor>
            <dependent idx="23">UNION</dependent>
          </dep>
          <dep type="compound">
            <governor idx="30">TODAY</governor>
            <dependent idx="25">BUENOS</dependent>
          </dep>
          <dep type="compound">
            <governor idx="30">TODAY</governor>
            <dependent idx="26">AIRES</dependent>
          </dep>
          <dep type="compound">
            <governor idx="30">TODAY</governor>
            <dependent idx="27">PROVINCE</dependent>
          </dep>
          <dep type="compound">
            <governor idx="30">TODAY</governor>
            <dependent idx="28">COMMITTEE</dependent>
          </dep>
          <dep type="compound">
            <governor idx="30">TODAY</governor>
            <dependent idx="29">SPOKESMAN</dependent>
          </dep>
          <dep type="nmod">
            <governor idx="19">UCR</governor>
            <dependent idx="30">TODAY</dependent>
          </dep>
          <dep type="mark">
            <governor idx="44">DESTROYED</governor>
            <dependent idx="32">THAT</dependent>
          </dep>
          <dep type="det">
            <governor idx="36">HEADQUARTERS</governor>
            <dependent idx="33">A</dependent>
          </dep>
          <dep type="compound">
            <governor idx="36">HEADQUARTERS</governor>
            <dependent idx="34">UCR</dependent>
          </dep>
          <dep type="compound">
            <governor idx="36">HEADQUARTERS</governor>
            <dependent idx="35">DISTRICT</dependent>
          </dep>
          <dep type="nsubjpass">
            <governor idx="44">DESTROYED</governor>
            <dependent idx="36">HEADQUARTERS</dependent>
          </dep>
          <dep type="case">
            <governor idx="40">PROVINCE</governor>
            <dependent idx="37">IN</dependent>
          </dep>
          <dep type="compound">
            <governor idx="40">PROVINCE</governor>
            <dependent idx="38">BUENOS</dependent>
          </dep>
          <dep type="compound">
            <governor idx="40">PROVINCE</governor>
            <dependent idx="39">AIRES</dependent>
          </dep>
          <dep type="nmod">
            <governor idx="36">HEADQUARTERS</governor>
            <dependent idx="40">PROVINCE</dependent>
          </dep>
          <dep type="auxpass">
            <governor idx="44">DESTROYED</governor>
            <dependent idx="41">WAS</dependent>
          </dep>
          <dep type="advmod">
            <governor idx="44">DESTROYED</governor>
            <dependent idx="43">COMPLETELY</dependent>
          </dep>
          <dep type="ccomp">
            <governor idx="31">REPORTED</governor>
            <dependent idx="44">DESTROYED</dependent>
          </dep>
          <dep type="case">
            <governor idx="48">EXPLOSION</governor>
            <dependent idx="45">BY</dependent>
          </dep>
          <dep type="det">
            <governor idx="48">EXPLOSION</governor>
            <dependent idx="46">A</dependent>
          </dep>
          <dep type="compound">
            <governor idx="48">EXPLOSION</governor>
            <dependent idx="47">BOMB</dependent>
          </dep>
          <dep type="nmod">
            <governor idx="44">DESTROYED</governor>
            <dependent idx="48">EXPLOSION</dependent>
          </dep>
        </dependencies>
        <dependencies type="collapsed-dependencies">
          <dep type="root">
            <governor idx="0">ROOT</governor>
            <dependent idx="31">REPORTED</dependent>
          </dep>
          <dep type="nsubj">
            <governor idx="31">REPORTED</governor>
            <dependent idx="1">DEV-MUC3-0016</dependent>
          </dep>
          <dep type="appos">
            <governor idx="1">DEV-MUC3-0016</governor>
            <dependent idx="3">NOSC</dependent>
          </dep>
          <dep type="compound">
            <governor idx="6">AIRES</governor>
            <dependent idx="5">BUENOS</dependent>
          </dep>
          <dep type="dep">
            <governor idx="1">DEV-MUC3-0016</governor>
            <dependent idx="6">AIRES</dependent>
          </dep>
          <dep type="nummod">
            <governor idx="9">JAN</governor>
            <dependent idx="8">10</dependent>
          </dep>
          <dep type="appos">
            <governor idx="1">DEV-MUC3-0016</governor>
            <dependent idx="9">JAN</dependent>
          </dep>
          <dep type="nummod">
            <governor idx="9">JAN</governor>
            <dependent idx="10">90</dependent>
          </dep>
          <dep type="dep">
            <governor idx="9">JAN</governor>
            <dependent idx="12">NA</dependent>
          </dep>
          <dep type="nsubj">
            <governor idx="31">REPORTED</governor>
            <dependent idx="16">TEXT</dependent>
          </dep>
          <dep type="det">
            <governor idx="19">UCR</governor>
            <dependent idx="18">A</dependent>
          </dep>
          <dep type="nmod">
            <governor idx="16">TEXT</governor>
            <dependent idx="19">UCR</dependent>
          </dep>
          <dep type="amod">
            <governor idx="30">TODAY</governor>
            <dependent idx="21">RADICAL</dependent>
          </dep>
          <dep type="compound">
            <governor idx="30">TODAY</governor>
            <dependent idx="22">CIVIC</dependent>
          </dep>
          <dep type="compound">
            <governor idx="30">TODAY</governor>
            <dependent idx="23">UNION</dependent>
          </dep>
          <dep type="compound">
            <governor idx="30">TODAY</governor>
            <dependent idx="25">BUENOS</dependent>
          </dep>
          <dep type="compound">
            <governor idx="30">TODAY</governor>
            <dependent idx="26">AIRES</dependent>
          </dep>
          <dep type="compound">
            <governor idx="30">TODAY</governor>
            <dependent idx="27">PROVINCE</dependent>
          </dep>
          <dep type="compound">
            <governor idx="30">TODAY</governor>
            <dependent idx="28">COMMITTEE</dependent>
          </dep>
          <dep type="compound">
            <governor idx="30">TODAY</governor>
            <dependent idx="29">SPOKESMAN</dependent>
          </dep>
          <dep type="nmod">
            <governor idx="19">UCR</governor>
            <dependent idx="30">TODAY</dependent>
          </dep>
          <dep type="mark">
            <governor idx="44">DESTROYED</governor>
            <dependent idx="32">THAT</dependent>
          </dep>
          <dep type="det">
            <governor idx="36">HEADQUARTERS</governor>
            <dependent idx="33">A</dependent>
          </dep>
          <dep type="compound">
            <governor idx="36">HEADQUARTERS</governor>
            <dependent idx="34">UCR</dependent>
          </dep>
          <dep type="compound">
            <governor idx="36">HEADQUARTERS</governor>
            <dependent idx="35">DISTRICT</dependent>
          </dep>
          <dep type="nsubjpass">
            <governor idx="44">DESTROYED</governor>
            <dependent idx="36">HEADQUARTERS</dependent>
          </dep>
          <dep type="case">
            <governor idx="40">PROVINCE</governor>
            <dependent idx="37">IN</dependent>
          </dep>
          <dep type="compound">
            <governor idx="40">PROVINCE</governor>
            <dependent idx="38">BUENOS</dependent>
          </dep>
          <dep type="compound">
            <governor idx="40">PROVINCE</governor>
            <dependent idx="39">AIRES</dependent>
          </dep>
          <dep type="nmod:in">
            <governor idx="36">HEADQUARTERS</governor>
            <dependent idx="40">PROVINCE</dependent>
          </dep>
          <dep type="auxpass">
            <governor idx="44">DESTROYED</governor>
            <dependent idx="41">WAS</dependent>
          </dep>
          <dep type="advmod">
            <governor idx="44">DESTROYED</governor>
            <dependent idx="43">COMPLETELY</dependent>
          </dep>
          <dep type="ccomp">
            <governor idx="31">REPORTED</governor>
            <dependent idx="44">DESTROYED</dependent>
          </dep>
          <dep type="case">
            <governor idx="48">EXPLOSION</governor>
            <dependent idx="45">BY</dependent>
          </dep>
          <dep type="det">
            <governor idx="48">EXPLOSION</governor>
            <dependent idx="46">A</dependent>
          </dep>
          <dep type="compound">
            <governor idx="48">EXPLOSION</governor>
            <dependent idx="47">BOMB</dependent>
          </dep>
          <dep type="nmod:agent">
            <governor idx="44">DESTROYED</governor>
            <dependent idx="48">EXPLOSION</dependent>
          </dep>
        </dependencies>
        <dependencies type="collapsed-ccprocessed-dependencies">
          <dep type="root">
            <governor idx="0">ROOT</governor>
            <dependent idx="31">REPORTED</dependent>
          </dep>
          <dep type="nsubj">
            <governor idx="31">REPORTED</governor>
            <dependent idx="1">DEV-MUC3-0016</dependent>
          </dep>
          <dep type="appos">
            <governor idx="1">DEV-MUC3-0016</governor>
            <dependent idx="3">NOSC</dependent>
          </dep>
          <dep type="compound">
            <governor idx="6">AIRES</governor>
            <dependent idx="5">BUENOS</dependent>
          </dep>
          <dep type="dep">
            <governor idx="1">DEV-MUC3-0016</governor>
            <dependent idx="6">AIRES</dependent>
          </dep>
          <dep type="nummod">
            <governor idx="9">JAN</governor>
            <dependent idx="8">10</dependent>
          </dep>
          <dep type="appos">
            <governor idx="1">DEV-MUC3-0016</governor>
            <dependent idx="9">JAN</dependent>
          </dep>
          <dep type="nummod">
            <governor idx="9">JAN</governor>
            <dependent idx="10">90</dependent>
          </dep>
          <dep type="dep">
            <governor idx="9">JAN</governor>
            <dependent idx="12">NA</dependent>
          </dep>
          <dep type="nsubj">
            <governor idx="31">REPORTED</governor>
            <dependent idx="16">TEXT</dependent>
          </dep>
          <dep type="det">
            <governor idx="19">UCR</governor>
            <dependent idx="18">A</dependent>
          </dep>
          <dep type="nmod">
            <governor idx="16">TEXT</governor>
            <dependent idx="19">UCR</dependent>
          </dep>
          <dep type="amod">
            <governor idx="30">TODAY</governor>
            <dependent idx="21">RADICAL</dependent>
          </dep>
          <dep type="compound">
            <governor idx="30">TODAY</governor>
            <dependent idx="22">CIVIC</dependent>
          </dep>
          <dep type="compound">
            <governor idx="30">TODAY</governor>
            <dependent idx="23">UNION</dependent>
          </dep>
          <dep type="compound">
            <governor idx="30">TODAY</governor>
            <dependent idx="25">BUENOS</dependent>
          </dep>
          <dep type="compound">
            <governor idx="30">TODAY</governor>
            <dependent idx="26">AIRES</dependent>
          </dep>
          <dep type="compound">
            <governor idx="30">TODAY</governor>
            <dependent idx="27">PROVINCE</dependent>
          </dep>
          <dep type="compound">
            <governor idx="30">TODAY</governor>
            <dependent idx="28">COMMITTEE</dependent>
          </dep>
          <dep type="compound">
            <governor idx="30">TODAY</governor>
            <dependent idx="29">SPOKESMAN</dependent>
          </dep>
          <dep type="nmod">
            <governor idx="19">UCR</governor>
            <dependent idx="30">TODAY</dependent>
          </dep>
          <dep type="mark">
            <governor idx="44">DESTROYED</governor>
            <dependent idx="32">THAT</dependent>
          </dep>
          <dep type="det">
            <governor idx="36">HEADQUARTERS</governor>
            <dependent idx="33">A</dependent>
          </dep>
          <dep type="compound">
            <governor idx="36">HEADQUARTERS</governor>
            <dependent idx="34">UCR</dependent>
          </dep>
          <dep type="compound">
            <governor idx="36">HEADQUARTERS</governor>
            <dependent idx="35">DISTRICT</dependent>
          </dep>
          <dep type="nsubjpass">
            <governor idx="44">DESTROYED</governor>
            <dependent idx="36">HEADQUARTERS</dependent>
          </dep>
          <dep type="case">
            <governor idx="40">PROVINCE</governor>
            <dependent idx="37">IN</dependent>
          </dep>
          <dep type="compound">
            <governor idx="40">PROVINCE</governor>
            <dependent idx="38">BUENOS</dependent>
          </dep>
          <dep type="compound">
            <governor idx="40">PROVINCE</governor>
            <dependent idx="39">AIRES</dependent>
          </dep>
          <dep type="nmod:in">
            <governor idx="36">HEADQUARTERS</governor>
            <dependent idx="40">PROVINCE</dependent>
          </dep>
          <dep type="auxpass">
            <governor idx="44">DESTROYED</governor>
            <dependent idx="41">WAS</dependent>
          </dep>
          <dep type="advmod">
            <governor idx="44">DESTROYED</governor>
            <dependent idx="43">COMPLETELY</dependent>
          </dep>
          <dep type="ccomp">
            <governor idx="31">REPORTED</governor>
            <dependent idx="44">DESTROYED</dependent>
          </dep>
          <dep type="case">
            <governor idx="48">EXPLOSION</governor>
            <dependent idx="45">BY</dependent>
          </dep>
          <dep type="det">
            <governor idx="48">EXPLOSION</governor>
            <dependent idx="46">A</dependent>
          </dep>
          <dep type="compound">
            <governor idx="48">EXPLOSION</governor>
            <dependent idx="47">BOMB</dependent>
          </dep>
          <dep type="nmod:agent">
            <governor idx="44">DESTROYED</governor>
            <dependent idx="48">EXPLOSION</dependent>
          </dep>
        </dependencies>
      </sentence>
      <sentence id="2">
        <tokens>
          <token id="1">
            <word>THE</word>
            <lemma>the</lemma>
            <CharacterOffsetBegin>256</CharacterOffsetBegin>
            <CharacterOffsetEnd>259</CharacterOffsetEnd>
            <POS>DT</POS>
            <NER>O</NER>
            <Speaker>PER0</Speaker>
          </token>
          <token id="2">
            <word>DESTROYED</word>
            <lemma>destroy</lemma>
            <CharacterOffsetBegin>260</CharacterOffsetBegin>
            <CharacterOffsetEnd>269</CharacterOffsetEnd>
            <POS>VBN</POS>
            <NER>O</NER>
            <Speaker>PER0</Speaker>
          </token>
          <token id="3">
            <word>UCR</word>
            <lemma>ucr</lemma>
            <CharacterOffsetBegin>270</CharacterOffsetBegin>
            <CharacterOffsetEnd>273</CharacterOffsetEnd>
            <POS>NN</POS>
            <NER>ORGANIZATION</NER>
            <Speaker>PER0</Speaker>
          </token>
          <token id="4">
            <word>HEADQUARTERS</word>
            <lemma>headquarters</lemma>
            <CharacterOffsetBegin>274</CharacterOffsetBegin>
            <CharacterOffsetEnd>286</CharacterOffsetEnd>
            <POS>NN</POS>
            <NER>O</NER>
            <Speaker>PER0</Speaker>
          </token>
          <token id="5">
            <word>IS</word>
            <lemma>be</lemma>
            <CharacterOffsetBegin>287</CharacterOffsetBegin>
            <CharacterOffsetEnd>289</CharacterOffsetEnd>
            <POS>VBZ</POS>
            <NER>O</NER>
            <Speaker>PER0</Speaker>
          </token>
          <token id="6">
            <word>IN</word>
            <lemma>in</lemma>
            <CharacterOffsetBegin>290</CharacterOffsetBegin>
            <CharacterOffsetEnd>292</CharacterOffsetEnd>
            <POS>IN</POS>
            <NER>O</NER>
            <Speaker>PER0</Speaker>
          </token>
          <token id="7">
            <word>THE</word>
            <lemma>the</lemma>
            <CharacterOffsetBegin>293</CharacterOffsetBegin>
            <CharacterOffsetEnd>296</CharacterOffsetEnd>
            <POS>DT</POS>
            <NER>O</NER>
            <Speaker>PER0</Speaker>
          </token>
          <token id="8">
            <word>MORENO</word>
            <lemma>MORENO</lemma>
            <CharacterOffsetBegin>297</CharacterOffsetBegin>
            <CharacterOffsetEnd>303</CharacterOffsetEnd>
            <POS>NNP</POS>
            <NER>LOCATION</NER>
            <Speaker>PER0</Speaker>
          </token>
          <token id="9">
            <word>DISTRICT</word>
            <lemma>district</lemma>
            <CharacterOffsetBegin>304</CharacterOffsetBegin>
            <CharacterOffsetEnd>312</CharacterOffsetEnd>
            <POS>NN</POS>
            <NER>O</NER>
            <Speaker>PER0</Speaker>
          </token>
          <token id="10">
            <word>OF</word>
            <lemma>of</lemma>
            <CharacterOffsetBegin>313</CharacterOffsetBegin>
            <CharacterOffsetEnd>315</CharacterOffsetEnd>
            <POS>IN</POS>
            <NER>O</NER>
            <Speaker>PER0</Speaker>
          </token>
          <token id="11">
            <word>BUENOS</word>
            <lemma>BUENOS</lemma>
            <CharacterOffsetBegin>316</CharacterOffsetBegin>
            <CharacterOffsetEnd>322</CharacterOffsetEnd>
            <POS>NNP</POS>
            <NER>LOCATION</NER>
            <Speaker>PER0</Speaker>
          </token>
          <token id="12">
            <word>AIRES</word>
            <lemma>AIRES</lemma>
            <CharacterOffsetBegin>323</CharacterOffsetBegin>
            <CharacterOffsetEnd>328</CharacterOffsetEnd>
            <POS>NNP</POS>
            <NER>LOCATION</NER>
            <Speaker>PER0</Speaker>
          </token>
          <token id="13">
            <word>.</word>
            <lemma>.</lemma>
            <CharacterOffsetBegin>328</CharacterOffsetBegin>
            <CharacterOffsetEnd>329</CharacterOffsetEnd>
            <POS>.</POS>
            <NER>O</NER>
            <Speaker>PER0</Speaker>
          </token>
        </tokens>
        <parse>(ROOT (S (NP (DT THE) (VBN DESTROYED) (NN UCR) (NN HEADQUARTERS)) (VP (VBZ IS) (PP (IN IN) (NP (NP (DT THE) (NNP MORENO) (NN DISTRICT)) (PP (IN OF) (NP (NNP BUENOS) (NNP AIRES)))))) (. .))) </parse>
        <dependencies type="basic-dependencies">
          <dep type="root">
            <governor idx="0">ROOT</governor>
            <dependent idx="9">DISTRICT</dependent>
          </dep>
          <dep type="det">
            <governor idx="4">HEADQUARTERS</governor>
            <dependent idx="1">THE</dependent>
          </dep>
          <dep type="amod">
            <governor idx="4">HEADQUARTERS</governor>
            <dependent idx="2">DESTROYED</dependent>
          </dep>
          <dep type="compound">
            <governor idx="4">HEADQUARTERS</governor>
            <dependent idx="3">UCR</dependent>
          </dep>
          <dep type="nsubj">
            <governor idx="9">DISTRICT</governor>
            <dependent idx="4">HEADQUARTERS</dependent>
          </dep>
          <dep type="cop">
            <governor idx="9">DISTRICT</governor>
            <dependent idx="5">IS</dependent>
          </dep>
          <dep type="case">
            <governor idx="9">DISTRICT</governor>
            <dependent idx="6">IN</dependent>
          </dep>
          <dep type="det">
            <governor idx="9">DISTRICT</governor>
            <dependent idx="7">THE</dependent>
          </dep>
          <dep type="compound">
            <governor idx="9">DISTRICT</governor>
            <dependent idx="8">MORENO</dependent>
          </dep>
          <dep type="case">
            <governor idx="12">AIRES</governor>
            <dependent idx="10">OF</dependent>
          </dep>
          <dep type="compound">
            <governor idx="12">AIRES</governor>
            <dependent idx="11">BUENOS</dependent>
          </dep>
          <dep type="nmod">
            <governor idx="9">DISTRICT</governor>
            <dependent idx="12">AIRES</dependent>
          </dep>
        </dependencies>
        <dependencies type="collapsed-dependencies">
          <dep type="root">
            <governor idx="0">ROOT</governor>
            <dependent idx="9">DISTRICT</dependent>
          </dep>
          <dep type="det">
            <governor idx="4">HEADQUARTERS</governor>
            <dependent idx="1">THE</dependent>
          </dep>
          <dep type="amod">
            <governor idx="4">HEADQUARTERS</governor>
            <dependent idx="2">DESTROYED</dependent>
          </dep>
          <dep type="compound">
            <governor idx="4">HEADQUARTERS</governor>
            <dependent idx="3">UCR</dependent>
          </dep>
          <dep type="nsubj">
            <governor idx="9">DISTRICT</governor>
            <dependent idx="4">HEADQUARTERS</dependent>
          </dep>
          <dep type="cop">
            <governor idx="9">DISTRICT</governor>
            <dependent idx="5">IS</dependent>
          </dep>
          <dep type="case">
            <governor idx="9">DISTRICT</governor>
            <dependent idx="6">IN</dependent>
          </dep>
          <dep type="det">
            <governor idx="9">DISTRICT</governor>
            <dependent idx="7">THE</dependent>
          </dep>
          <dep type="compound">
            <governor idx="9">DISTRICT</governor>
            <dependent idx="8">MORENO</dependent>
          </dep>
          <dep type="case">
            <governor idx="12">AIRES</governor>
            <dependent idx="10">OF</dependent>
          </dep>
          <dep type="compound">
            <governor idx="12">AIRES</governor>
            <dependent idx="11">BUENOS</dependent>
          </dep>
          <dep type="nmod:of">
            <governor idx="9">DISTRICT</governor>
            <dependent idx="12">AIRES</dependent>
          </dep>
        </dependencies>
        <dependencies type="collapsed-ccprocessed-dependencies">
          <dep type="root">
            <governor idx="0">ROOT</governor>
            <dependent idx="9">DISTRICT</dependent>
          </dep>
          <dep type="det">
            <governor idx="4">HEADQUARTERS</governor>
            <dependent idx="1">THE</dependent>
          </dep>
          <dep type="amod">
            <governor idx="4">HEADQUARTERS</governor>
            <dependent idx="2">DESTROYED</dependent>
          </dep>
          <dep type="compound">
            <governor idx="4">HEADQUARTERS</governor>
            <dependent idx="3">UCR</dependent>
          </dep>
          <dep type="nsubj">
            <governor idx="9">DISTRICT</governor>
            <dependent idx="4">HEADQUARTERS</dependent>
          </dep>
          <dep type="cop">
            <governor idx="9">DISTRICT</governor>
            <dependent idx="5">IS</dependent>
          </dep>
          <dep type="case">
            <governor idx="9">DISTRICT</governor>
            <dependent idx="6">IN</dependent>
          </dep>
          <dep type="det">
            <governor idx="9">DISTRICT</governor>
            <dependent idx="7">THE</dependent>
          </dep>
          <dep type="compound">
            <governor idx="9">DISTRICT</governor>
            <dependent idx="8">MORENO</dependent>
          </dep>
          <dep type="case">
            <governor idx="12">AIRES</governor>
            <dependent idx="10">OF</dependent>
          </dep>
          <dep type="compound">
            <governor idx="12">AIRES</governor>
            <dependent idx="11">BUENOS</dependent>
          </dep>
          <dep type="nmod:of">
            <governor idx="9">DISTRICT</governor>
            <dependent idx="12">AIRES</dependent>
          </dep>
        </dependencies>
      </sentence>
      <sentence id="3">
        <tokens>
          <token id="1">
            <word>THE</word>
            <lemma>the</lemma>
            <CharacterOffsetBegin>334</CharacterOffsetBegin>
            <CharacterOffsetEnd>337</CharacterOffsetEnd>
            <POS>DT</POS>
            <NER>O</NER>
            <Speaker>PER0</Speaker>
          </token>
          <token id="2">
            <word>SPOKESMAN</word>
            <lemma>spokesman</lemma>
            <CharacterOffsetBegin>338</CharacterOffsetBegin>
            <CharacterOffsetEnd>347</CharacterOffsetEnd>
            <POS>NN</POS>
            <NER>O</NER>
            <Speaker>PER0</Speaker>
          </token>
          <token id="3">
            <word>ADDED</word>
            <lemma>add</lemma>
            <CharacterOffsetBegin>348</CharacterOffsetBegin>
            <CharacterOffsetEnd>353</CharacterOffsetEnd>
            <POS>VBD</POS>
            <NER>O</NER>
            <Speaker>PER0</Speaker>
          </token>
          <token id="4">
            <word>THAT</word>
            <lemma>that</lemma>
            <CharacterOffsetBegin>354</CharacterOffsetBegin>
            <CharacterOffsetEnd>358</CharacterOffsetEnd>
            <POS>IN</POS>
            <NER>O</NER>
            <Speaker>PER0</Speaker>
          </token>
          <token id="5">
            <word>NO</word>
            <lemma>no</lemma>
            <CharacterOffsetBegin>359</CharacterOffsetBegin>
            <CharacterOffsetEnd>361</CharacterOffsetEnd>
            <POS>DT</POS>
            <NER>O</NER>
            <Speaker>PER0</Speaker>
          </token>
          <token id="6">
            <word>ONE</word>
            <lemma>one</lemma>
            <CharacterOffsetBegin>362</CharacterOffsetBegin>
            <CharacterOffsetEnd>365</CharacterOffsetEnd>
            <POS>NN</POS>
            <NER>NUMBER</NER>
            <NormalizedNER>1.0</NormalizedNER>
            <Speaker>PER0</Speaker>
          </token>
          <token id="7">
            <word>WAS</word>
            <lemma>be</lemma>
            <CharacterOffsetBegin>366</CharacterOffsetBegin>
            <CharacterOffsetEnd>369</CharacterOffsetEnd>
            <POS>VBD</POS>
            <NER>O</NER>
            <Speaker>PER0</Speaker>
          </token>
          <token id="8">
            <word>INJURED</word>
            <lemma>injure</lemma>
            <CharacterOffsetBegin>370</CharacterOffsetBegin>
            <CharacterOffsetEnd>377</CharacterOffsetEnd>
            <POS>VBN</POS>
            <NER>O</NER>
            <Speaker>PER0</Speaker>
          </token>
          <token id="9">
            <word>AND</word>
            <lemma>and</lemma>
            <CharacterOffsetBegin>378</CharacterOffsetBegin>
            <CharacterOffsetEnd>381</CharacterOffsetEnd>
            <POS>CC</POS>
            <NER>O</NER>
            <Speaker>PER0</Speaker>
          </token>
          <token id="10">
            <word>THAT</word>
            <lemma>that</lemma>
            <CharacterOffsetBegin>382</CharacterOffsetBegin>
            <CharacterOffsetEnd>386</CharacterOffsetEnd>
            <POS>IN</POS>
            <NER>O</NER>
            <Speaker>PER0</Speaker>
          </token>
          <token id="11">
            <word>LEOPOLDO</word>
            <lemma>LEOPOLDO</lemma>
            <CharacterOffsetBegin>387</CharacterOffsetBegin>
            <CharacterOffsetEnd>395</CharacterOffsetEnd>
            <POS>NNP</POS>
            <NER>PERSON</NER>
            <Speaker>PER0</Speaker>
          </token>
          <token id="12">
            <word>MOREAU</word>
            <lemma>MOREAU</lemma>
            <CharacterOffsetBegin>396</CharacterOffsetBegin>
            <CharacterOffsetEnd>402</CharacterOffsetEnd>
            <POS>NNP</POS>
            <NER>PERSON</NER>
            <Speaker>PER0</Speaker>
          </token>
          <token id="13">
            <word>,</word>
            <lemma>,</lemma>
            <CharacterOffsetBegin>402</CharacterOffsetBegin>
            <CharacterOffsetEnd>403</CharacterOffsetEnd>
            <POS>,</POS>
            <NER>O</NER>
            <Speaker>PER0</Speaker>
          </token>
          <token id="14">
            <word>THE</word>
            <lemma>the</lemma>
            <CharacterOffsetBegin>404</CharacterOffsetBegin>
            <CharacterOffsetEnd>407</CharacterOffsetEnd>
            <POS>DT</POS>
            <NER>O</NER>
            <Speaker>PER0</Speaker>
          </token>
          <token id="15">
            <word>UCR</word>
            <lemma>UCR</lemma>
            <CharacterOffsetBegin>408</CharacterOffsetBegin>
            <CharacterOffsetEnd>411</CharacterOffsetEnd>
            <POS>NNP</POS>
            <NER>LOCATION</NER>
            <Speaker>PER0</Speaker>
          </token>
          <token id="16">
            <word>BUENOS</word>
            <lemma>BUENOS</lemma>
            <CharacterOffsetBegin>412</CharacterOffsetBegin>
            <CharacterOffsetEnd>418</CharacterOffsetEnd>
            <POS>NNP</POS>
            <NER>LOCATION</NER>
            <Speaker>PER0</Speaker>
          </token>
          <token id="17">
            <word>AIRES</word>
            <lemma>AIRES</lemma>
            <CharacterOffsetBegin>419</CharacterOffsetBegin>
            <CharacterOffsetEnd>424</CharacterOffsetEnd>
            <POS>NNP</POS>
            <NER>LOCATION</NER>
            <Speaker>PER0</Speaker>
          </token>
          <token id="18">
            <word>PROVINCE</word>
            <lemma>PROVINCE</lemma>
            <CharacterOffsetBegin>425</CharacterOffsetBegin>
            <CharacterOffsetEnd>433</CharacterOffsetEnd>
            <POS>NNP</POS>
            <NER>O</NER>
            <Speaker>PER0</Speaker>
          </token>
          <token id="19">
            <word>LEADER</word>
            <lemma>leader</lemma>
            <CharacterOffsetBegin>434</CharacterOffsetBegin>
            <CharacterOffsetEnd>440</CharacterOffsetEnd>
            <POS>NN</POS>
            <NER>O</NER>
            <Speaker>PER0</Speaker>
          </token>
          <token id="20">
            <word>,</word>
            <lemma>,</lemma>
            <CharacterOffsetBegin>440</CharacterOffsetBegin>
            <CharacterOffsetEnd>441</CharacterOffsetEnd>
            <POS>,</POS>
            <NER>O</NER>
            <Speaker>PER0</Speaker>
          </token>
          <token id="21">
            <word>HAS</word>
            <lemma>have</lemma>
            <CharacterOffsetBegin>442</CharacterOffsetBegin>
            <CharacterOffsetEnd>445</CharacterOffsetEnd>
            <POS>VBZ</POS>
            <NER>O</NER>
            <Speaker>PER0</Speaker>
          </token>
          <token id="22">
            <word>TRAVELLED</word>
            <lemma>travel</lemma>
            <CharacterOffsetBegin>446</CharacterOffsetBegin>
            <CharacterOffsetEnd>455</CharacterOffsetEnd>
            <POS>VBN</POS>
            <NER>O</NER>
            <Speaker>PER0</Speaker>
          </token>
          <token id="23">
            <word>TO</word>
            <lemma>to</lemma>
            <CharacterOffsetBegin>456</CharacterOffsetBegin>
            <CharacterOffsetEnd>458</CharacterOffsetEnd>
            <POS>TO</POS>
            <NER>O</NER>
            <Speaker>PER0</Speaker>
          </token>
          <token id="24">
            <word>MORENO</word>
            <lemma>MORENO</lemma>
            <CharacterOffsetBegin>459</CharacterOffsetBegin>
            <CharacterOffsetEnd>465</CharacterOffsetEnd>
            <POS>NNP</POS>
            <NER>PERSON</NER>
            <Speaker>PER0</Speaker>
          </token>
          <token id="25">
            <word>.</word>
            <lemma>.</lemma>
            <CharacterOffsetBegin>465</CharacterOffsetBegin>
            <CharacterOffsetEnd>466</CharacterOffsetEnd>
            <POS>.</POS>
            <NER>O</NER>
            <Speaker>PER0</Speaker>
          </token>
        </tokens>
        <parse>(ROOT (S (NP (DT THE) (NN SPOKESMAN)) (VP (VBD ADDED) (SBAR (SBAR (IN THAT) (S (NP (DT NO) (NN ONE)) (VP (VBD WAS) (VP (VBN INJURED))))) (CC AND) (SBAR (IN THAT) (S (NP (NP (NNP LEOPOLDO) (NNP MOREAU)) (, ,) (NP (DT THE) (NNP UCR) (NNP BUENOS) (NNP AIRES) (NNP PROVINCE) (NN LEADER)) (, ,)) (VP (VBZ HAS) (VP (VBN TRAVELLED) (PP (TO TO) (NP (NNP MORENO))))))))) (. .))) </parse>
        <dependencies type="basic-dependencies">
          <dep type="root">
            <governor idx="0">ROOT</governor>
            <dependent idx="3">ADDED</dependent>
          </dep>
          <dep type="det">
            <governor idx="2">SPOKESMAN</governor>
            <dependent idx="1">THE</dependent>
          </dep>
          <dep type="nsubj">
            <governor idx="3">ADDED</governor>
            <dependent idx="2">SPOKESMAN</dependent>
          </dep>
          <dep type="mark">
            <governor idx="8">INJURED</governor>
            <dependent idx="4">THAT</dependent>
          </dep>
          <dep type="neg">
            <governor idx="6">ONE</governor>
            <dependent idx="5">NO</dependent>
          </dep>
          <dep type="nsubjpass">
            <governor idx="8">INJURED</governor>
            <dependent idx="6">ONE</dependent>
          </dep>
          <dep type="auxpass">
            <governor idx="8">INJURED</governor>
            <dependent idx="7">WAS</dependent>
          </dep>
          <dep type="ccomp">
            <governor idx="3">ADDED</governor>
            <dependent idx="8">INJURED</dependent>
          </dep>
          <dep type="cc">
            <governor idx="8">INJURED</governor>
            <dependent idx="9">AND</dependent>
          </dep>
          <dep type="mark">
            <governor idx="22">TRAVELLED</governor>
            <dependent idx="10">THAT</dependent>
          </dep>
          <dep type="compound">
            <governor idx="12">MOREAU</governor>
            <dependent idx="11">LEOPOLDO</dependent>
          </dep>
          <dep type="nsubj">
            <governor idx="22">TRAVELLED</governor>
            <dependent idx="12">MOREAU</dependent>
          </dep>
          <dep type="det">
            <governor idx="19">LEADER</governor>
            <dependent idx="14">THE</dependent>
          </dep>
          <dep type="compound">
            <governor idx="19">LEADER</governor>
            <dependent idx="15">UCR</dependent>
          </dep>
          <dep type="compound">
            <governor idx="19">LEADER</governor>
            <dependent idx="16">BUENOS</dependent>
          </dep>
          <dep type="compound">
            <governor idx="19">LEADER</governor>
            <dependent idx="17">AIRES</dependent>
          </dep>
          <dep type="compound">
            <governor idx="19">LEADER</governor>
            <dependent idx="18">PROVINCE</dependent>
          </dep>
          <dep type="appos">
            <governor idx="12">MOREAU</governor>
            <dependent idx="19">LEADER</dependent>
          </dep>
          <dep type="aux">
            <governor idx="22">TRAVELLED</governor>
            <dependent idx="21">HAS</dependent>
          </dep>
          <dep type="conj">
            <governor idx="8">INJURED</governor>
            <dependent idx="22">TRAVELLED</dependent>
          </dep>
          <dep type="case">
            <governor idx="24">MORENO</governor>
            <dependent idx="23">TO</dependent>
          </dep>
          <dep type="nmod">
            <governor idx="22">TRAVELLED</governor>
            <dependent idx="24">MORENO</dependent>
          </dep>
        </dependencies>
        <dependencies type="collapsed-dependencies">
          <dep type="root">
            <governor idx="0">ROOT</governor>
            <dependent idx="3">ADDED</dependent>
          </dep>
          <dep type="det">
            <governor idx="2">SPOKESMAN</governor>
            <dependent idx="1">THE</dependent>
          </dep>
          <dep type="nsubj">
            <governor idx="3">ADDED</governor>
            <dependent idx="2">SPOKESMAN</dependent>
          </dep>
          <dep type="mark">
            <governor idx="8">INJURED</governor>
            <dependent idx="4">THAT</dependent>
          </dep>
          <dep type="neg">
            <governor idx="6">ONE</governor>
            <dependent idx="5">NO</dependent>
          </dep>
          <dep type="nsubjpass">
            <governor idx="8">INJURED</governor>
            <dependent idx="6">ONE</dependent>
          </dep>
          <dep type="auxpass">
            <governor idx="8">INJURED</governor>
            <dependent idx="7">WAS</dependent>
          </dep>
          <dep type="ccomp">
            <governor idx="3">ADDED</governor>
            <dependent idx="8">INJURED</dependent>
          </dep>
          <dep type="cc">
            <governor idx="8">INJURED</governor>
            <dependent idx="9">AND</dependent>
          </dep>
          <dep type="mark">
            <governor idx="22">TRAVELLED</governor>
            <dependent idx="10">THAT</dependent>
          </dep>
          <dep type="compound">
            <governor idx="12">MOREAU</governor>
            <dependent idx="11">LEOPOLDO</dependent>
          </dep>
          <dep type="nsubj">
            <governor idx="22">TRAVELLED</governor>
            <dependent idx="12">MOREAU</dependent>
          </dep>
          <dep type="det">
            <governor idx="19">LEADER</governor>
            <dependent idx="14">THE</dependent>
          </dep>
          <dep type="compound">
            <governor idx="19">LEADER</governor>
            <dependent idx="15">UCR</dependent>
          </dep>
          <dep type="compound">
            <governor idx="19">LEADER</governor>
            <dependent idx="16">BUENOS</dependent>
          </dep>
          <dep type="compound">
            <governor idx="19">LEADER</governor>
            <dependent idx="17">AIRES</dependent>
          </dep>
          <dep type="compound">
            <governor idx="19">LEADER</governor>
            <dependent idx="18">PROVINCE</dependent>
          </dep>
          <dep type="appos">
            <governor idx="12">MOREAU</governor>
            <dependent idx="19">LEADER</dependent>
          </dep>
          <dep type="aux">
            <governor idx="22">TRAVELLED</governor>
            <dependent idx="21">HAS</dependent>
          </dep>
          <dep type="conj:and">
            <governor idx="8">INJURED</governor>
            <dependent idx="22">TRAVELLED</dependent>
          </dep>
          <dep type="case">
            <governor idx="24">MORENO</governor>
            <dependent idx="23">TO</dependent>
          </dep>
          <dep type="nmod:to">
            <governor idx="22">TRAVELLED</governor>
            <dependent idx="24">MORENO</dependent>
          </dep>
        </dependencies>
        <dependencies type="collapsed-ccprocessed-dependencies">
          <dep type="root">
            <governor idx="0">ROOT</governor>
            <dependent idx="3">ADDED</dependent>
          </dep>
          <dep type="det">
            <governor idx="2">SPOKESMAN</governor>
            <dependent idx="1">THE</dependent>
          </dep>
          <dep type="nsubj">
            <governor idx="3">ADDED</governor>
            <dependent idx="2">SPOKESMAN</dependent>
          </dep>
          <dep type="mark">
            <governor idx="8">INJURED</governor>
            <dependent idx="4">THAT</dependent>
          </dep>
          <dep type="neg">
            <governor idx="6">ONE</governor>
            <dependent idx="5">NO</dependent>
          </dep>
          <dep type="nsubjpass">
            <governor idx="8">INJURED</governor>
            <dependent idx="6">ONE</dependent>
          </dep>
          <dep type="auxpass">
            <governor idx="8">INJURED</governor>
            <dependent idx="7">WAS</dependent>
          </dep>
          <dep type="ccomp">
            <governor idx="3">ADDED</governor>
            <dependent idx="8">INJURED</dependent>
          </dep>
          <dep type="cc">
            <governor idx="8">INJURED</governor>
            <dependent idx="9">AND</dependent>
          </dep>
          <dep type="mark">
            <governor idx="22">TRAVELLED</governor>
            <dependent idx="10">THAT</dependent>
          </dep>
          <dep type="compound">
            <governor idx="12">MOREAU</governor>
            <dependent idx="11">LEOPOLDO</dependent>
          </dep>
          <dep type="nsubj">
            <governor idx="22">TRAVELLED</governor>
            <dependent idx="12">MOREAU</dependent>
          </dep>
          <dep type="det">
            <governor idx="19">LEADER</governor>
            <dependent idx="14">THE</dependent>
          </dep>
          <dep type="compound">
            <governor idx="19">LEADER</governor>
            <dependent idx="15">UCR</dependent>
          </dep>
          <dep type="compound">
            <governor idx="19">LEADER</governor>
            <dependent idx="16">BUENOS</dependent>
          </dep>
          <dep type="compound">
            <governor idx="19">LEADER</governor>
            <dependent idx="17">AIRES</dependent>
          </dep>
          <dep type="compound">
            <governor idx="19">LEADER</governor>
            <dependent idx="18">PROVINCE</dependent>
          </dep>
          <dep type="appos">
            <governor idx="12">MOREAU</governor>
            <dependent idx="19">LEADER</dependent>
          </dep>
          <dep type="aux">
            <governor idx="22">TRAVELLED</governor>
            <dependent idx="21">HAS</dependent>
          </dep>
          <dep type="ccomp" extra="true">
            <governor idx="3">ADDED</governor>
            <dependent idx="22">TRAVELLED</dependent>
          </dep>
          <dep type="conj:and">
            <governor idx="8">INJURED</governor>
            <dependent idx="22">TRAVELLED</dependent>
          </dep>
          <dep type="case">
            <governor idx="24">MORENO</governor>
            <dependent idx="23">TO</dependent>
          </dep>
          <dep type="nmod:to">
            <governor idx="22">TRAVELLED</governor>
            <dependent idx="24">MORENO</dependent>
          </dep>
        </dependencies>
      </sentence>
      <sentence id="4">
        <tokens>
          <token id="1">
            <word>IT</word>
            <lemma>it</lemma>
            <CharacterOffsetBegin>471</CharacterOffsetBegin>
            <CharacterOffsetEnd>473</CharacterOffsetEnd>
            <POS>PRP</POS>
            <NER>O</NER>
            <Speaker>PER0</Speaker>
          </token>
          <token id="2">
            <word>IS</word>
            <lemma>be</lemma>
            <CharacterOffsetBegin>474</CharacterOffsetBegin>
            <CharacterOffsetEnd>476</CharacterOffsetEnd>
            <POS>VBZ</POS>
            <NER>O</NER>
            <Speaker>PER0</Speaker>
          </token>
          <token id="3">
            <word>EXPECTED</word>
            <lemma>expect</lemma>
            <CharacterOffsetBegin>477</CharacterOffsetBegin>
            <CharacterOffsetEnd>485</CharacterOffsetEnd>
            <POS>VBN</POS>
            <NER>O</NER>
            <Speaker>PER0</Speaker>
          </token>
          <token id="4">
            <word>THAT</word>
            <lemma>that</lemma>
            <CharacterOffsetBegin>486</CharacterOffsetBegin>
            <CharacterOffsetEnd>490</CharacterOffsetEnd>
            <POS>IN</POS>
            <NER>O</NER>
            <Speaker>PER0</Speaker>
          </token>
          <token id="5">
            <word>UCR</word>
            <lemma>UCR</lemma>
            <CharacterOffsetBegin>491</CharacterOffsetBegin>
            <CharacterOffsetEnd>494</CharacterOffsetEnd>
            <POS>NNP</POS>
            <NER>LOCATION</NER>
            <Speaker>PER0</Speaker>
          </token>
          <token id="6">
            <word>BUENOS</word>
            <lemma>BUENOS</lemma>
            <CharacterOffsetBegin>495</CharacterOffsetBegin>
            <CharacterOffsetEnd>501</CharacterOffsetEnd>
            <POS>NNP</POS>
            <NER>LOCATION</NER>
            <Speaker>PER0</Speaker>
          </token>
          <token id="7">
            <word>AIRES</word>
            <lemma>AIRES</lemma>
            <CharacterOffsetBegin>502</CharacterOffsetBegin>
            <CharacterOffsetEnd>507</CharacterOffsetEnd>
            <POS>NNP</POS>
            <NER>LOCATION</NER>
            <Speaker>PER0</Speaker>
          </token>
          <token id="8">
            <word>PROVINCE</word>
            <lemma>PROVINCE</lemma>
            <CharacterOffsetBegin>508</CharacterOffsetBegin>
            <CharacterOffsetEnd>516</CharacterOffsetEnd>
            <POS>NNP</POS>
            <NER>O</NER>
            <Speaker>PER0</Speaker>
          </token>
          <token id="9">
            <word>BOARD</word>
            <lemma>BOARD</lemma>
            <CharacterOffsetBegin>517</CharacterOffsetBegin>
            <CharacterOffsetEnd>522</CharacterOffsetEnd>
            <POS>NNP</POS>
            <NER>O</NER>
            <Speaker>PER0</Speaker>
          </token>
          <token id="10">
            <word>WILL</word>
            <lemma>will</lemma>
            <CharacterOffsetBegin>523</CharacterOffsetBegin>
            <CharacterOffsetEnd>527</CharacterOffsetEnd>
            <POS>MD</POS>
            <NER>O</NER>
            <Speaker>PER0</Speaker>
          </token>
          <token id="11">
            <word>MEET</word>
            <lemma>meet</lemma>
            <CharacterOffsetBegin>528</CharacterOffsetBegin>
            <CharacterOffsetEnd>532</CharacterOffsetEnd>
            <POS>VB</POS>
            <NER>O</NER>
            <Speaker>PER0</Speaker>
          </token>
          <token id="12">
            <word>AND</word>
            <lemma>and</lemma>
            <CharacterOffsetBegin>533</CharacterOffsetBegin>
            <CharacterOffsetEnd>536</CharacterOffsetEnd>
            <POS>CC</POS>
            <NER>O</NER>
            <Speaker>PER0</Speaker>
          </token>
          <token id="13">
            <word>THAT</word>
            <lemma>that</lemma>
            <CharacterOffsetBegin>537</CharacterOffsetBegin>
            <CharacterOffsetEnd>541</CharacterOffsetEnd>
            <POS>IN</POS>
            <NER>O</NER>
            <Speaker>PER0</Speaker>
          </token>
          <token id="14">
            <word>THEY</word>
            <lemma>they</lemma>
            <CharacterOffsetBegin>542</CharacterOffsetBegin>
            <CharacterOffsetEnd>546</CharacterOffsetEnd>
            <POS>PRP</POS>
            <NER>O</NER>
            <Speaker>PER0</Speaker>
          </token>
          <token id="15">
            <word>WILL</word>
            <lemma>will</lemma>
            <CharacterOffsetBegin>547</CharacterOffsetBegin>
            <CharacterOffsetEnd>551</CharacterOffsetEnd>
            <POS>MD</POS>
            <NER>O</NER>
            <Speaker>PER0</Speaker>
          </token>
          <token id="16">
            <word>ASK</word>
            <lemma>ask</lemma>
            <CharacterOffsetBegin>552</CharacterOffsetBegin>
            <CharacterOffsetEnd>555</CharacterOffsetEnd>
            <POS>VB</POS>
            <NER>O</NER>
            <Speaker>PER0</Speaker>
          </token>
          <token id="17">
            <word>THE</word>
            <lemma>the</lemma>
            <CharacterOffsetBegin>556</CharacterOffsetBegin>
            <CharacterOffsetEnd>559</CharacterOffsetEnd>
            <POS>DT</POS>
            <NER>O</NER>
            <Speaker>PER0</Speaker>
          </token>
          <token id="18">
            <word>PROVINCIAL</word>
            <lemma>provincial</lemma>
            <CharacterOffsetBegin>560</CharacterOffsetBegin>
            <CharacterOffsetEnd>570</CharacterOffsetEnd>
            <POS>JJ</POS>
            <NER>O</NER>
            <Speaker>PER0</Speaker>
          </token>
          <token id="19">
            <word>GOVERNMENT</word>
            <lemma>government</lemma>
            <CharacterOffsetBegin>571</CharacterOffsetBegin>
            <CharacterOffsetEnd>581</CharacterOffsetEnd>
            <POS>NN</POS>
            <NER>O</NER>
            <Speaker>PER0</Speaker>
          </token>
          <token id="20">
            <word>AND</word>
            <lemma>and</lemma>
            <CharacterOffsetBegin>582</CharacterOffsetBegin>
            <CharacterOffsetEnd>585</CharacterOffsetEnd>
            <POS>CC</POS>
            <NER>O</NER>
            <Speaker>PER0</Speaker>
          </token>
          <token id="21">
            <word>THE</word>
            <lemma>the</lemma>
            <CharacterOffsetBegin>586</CharacterOffsetBegin>
            <CharacterOffsetEnd>589</CharacterOffsetEnd>
            <POS>DT</POS>
            <NER>O</NER>
            <Speaker>PER0</Speaker>
          </token>
          <token id="22">
            <word>INTERIOR</word>
            <lemma>INTERIOR</lemma>
            <CharacterOffsetBegin>590</CharacterOffsetBegin>
            <CharacterOffsetEnd>598</CharacterOffsetEnd>
            <POS>NNP</POS>
            <NER>ORGANIZATION</NER>
            <Speaker>PER0</Speaker>
          </token>
          <token id="23">
            <word>MINISTRY</word>
            <lemma>MINISTRY</lemma>
            <CharacterOffsetBegin>599</CharacterOffsetBegin>
            <CharacterOffsetEnd>607</CharacterOffsetEnd>
            <POS>NNP</POS>
            <NER>ORGANIZATION</NER>
            <Speaker>PER0</Speaker>
          </token>
          <token id="24">
            <word>TO</word>
            <lemma>to</lemma>
            <CharacterOffsetBegin>608</CharacterOffsetBegin>
            <CharacterOffsetEnd>610</CharacterOffsetEnd>
            <POS>TO</POS>
            <NER>O</NER>
            <Speaker>PER0</Speaker>
          </token>
          <token id="25">
            <word>INVESTIGATE</word>
            <lemma>investigate</lemma>
            <CharacterOffsetBegin>611</CharacterOffsetBegin>
            <CharacterOffsetEnd>622</CharacterOffsetEnd>
            <POS>VB</POS>
            <NER>O</NER>
            <Speaker>PER0</Speaker>
          </token>
          <token id="26">
            <word>THE</word>
            <lemma>the</lemma>
            <CharacterOffsetBegin>623</CharacterOffsetBegin>
            <CharacterOffsetEnd>626</CharacterOffsetEnd>
            <POS>DT</POS>
            <NER>O</NER>
            <Speaker>PER0</Speaker>
          </token>
          <token id="27">
            <word>INCIDENT</word>
            <lemma>incident</lemma>
            <CharacterOffsetBegin>627</CharacterOffsetBegin>
            <CharacterOffsetEnd>635</CharacterOffsetEnd>
            <POS>NN</POS>
            <NER>O</NER>
            <Speaker>PER0</Speaker>
          </token>
          <token id="28">
            <word>.</word>
            <lemma>.</lemma>
            <CharacterOffsetBegin>635</CharacterOffsetBegin>
            <CharacterOffsetEnd>636</CharacterOffsetEnd>
            <POS>.</POS>
            <NER>O</NER>
            <Speaker>PER0</Speaker>
          </token>
        </tokens>
        <parse>(ROOT (S (NP (PRP IT)) (VP (VBZ IS) (VP (VBN EXPECTED) (SBAR (SBAR (IN THAT) (S (NP (NNP UCR) (NNP BUENOS) (NNP AIRES) (NNP PROVINCE) (NNP BOARD)) (VP (MD WILL) (VP (VB MEET))))) (CC AND) (SBAR (IN THAT) (S (NP (PRP THEY)) (VP (MD WILL) (VP (VB ASK) (S (NP (NP (DT THE) (JJ PROVINCIAL) (NN GOVERNMENT)) (CC AND) (NP (DT THE) (NNP INTERIOR) (NNP MINISTRY))) (VP (TO TO) (VP (VB INVESTIGATE) (NP (DT THE) (NN INCIDENT)))))))))))) (. .))) </parse>
        <dependencies type="basic-dependencies">
          <dep type="root">
            <governor idx="0">ROOT</governor>
            <dependent idx="3">EXPECTED</dependent>
          </dep>
          <dep type="nsubjpass">
            <governor idx="3">EXPECTED</governor>
            <dependent idx="1">IT</dependent>
          </dep>
          <dep type="auxpass">
            <governor idx="3">EXPECTED</governor>
            <dependent idx="2">IS</dependent>
          </dep>
          <dep type="mark">
            <governor idx="11">MEET</governor>
            <dependent idx="4">THAT</dependent>
          </dep>
          <dep type="compound">
            <governor idx="9">BOARD</governor>
            <dependent idx="5">UCR</dependent>
          </dep>
          <dep type="compound">
            <governor idx="9">BOARD</governor>
            <dependent idx="6">BUENOS</dependent>
          </dep>
          <dep type="compound">
            <governor idx="9">BOARD</governor>
            <dependent idx="7">AIRES</dependent>
          </dep>
          <dep type="compound">
            <governor idx="9">BOARD</governor>
            <dependent idx="8">PROVINCE</dependent>
          </dep>
          <dep type="nsubj">
            <governor idx="11">MEET</governor>
            <dependent idx="9">BOARD</dependent>
          </dep>
          <dep type="aux">
            <governor idx="11">MEET</governor>
            <dependent idx="10">WILL</dependent>
          </dep>
          <dep type="ccomp">
            <governor idx="3">EXPECTED</governor>
            <dependent idx="11">MEET</dependent>
          </dep>
          <dep type="cc">
            <governor idx="11">MEET</governor>
            <dependent idx="12">AND</dependent>
          </dep>
          <dep type="mark">
            <governor idx="16">ASK</governor>
            <dependent idx="13">THAT</dependent>
          </dep>
          <dep type="nsubj">
            <governor idx="16">ASK</governor>
            <dependent idx="14">THEY</dependent>
          </dep>
          <dep type="aux">
            <governor idx="16">ASK</governor>
            <dependent idx="15">WILL</dependent>
          </dep>
          <dep type="conj">
            <governor idx="11">MEET</governor>
            <dependent idx="16">ASK</dependent>
          </dep>
          <dep type="det">
            <governor idx="19">GOVERNMENT</governor>
            <dependent idx="17">THE</dependent>
          </dep>
          <dep type="amod">
            <governor idx="19">GOVERNMENT</governor>
            <dependent idx="18">PROVINCIAL</dependent>
          </dep>
          <dep type="dobj">
            <governor idx="16">ASK</governor>
            <dependent idx="19">GOVERNMENT</dependent>
          </dep>
          <dep type="cc">
            <governor idx="19">GOVERNMENT</governor>
            <dependent idx="20">AND</dependent>
          </dep>
          <dep type="det">
            <governor idx="23">MINISTRY</governor>
            <dependent idx="21">THE</dependent>
          </dep>
          <dep type="compound">
            <governor idx="23">MINISTRY</governor>
            <dependent idx="22">INTERIOR</dependent>
          </dep>
          <dep type="conj">
            <governor idx="19">GOVERNMENT</governor>
            <dependent idx="23">MINISTRY</dependent>
          </dep>
          <dep type="mark">
            <governor idx="25">INVESTIGATE</governor>
            <dependent idx="24">TO</dependent>
          </dep>
          <dep type="xcomp">
            <governor idx="16">ASK</governor>
            <dependent idx="25">INVESTIGATE</dependent>
          </dep>
          <dep type="det">
            <governor idx="27">INCIDENT</governor>
            <dependent idx="26">THE</dependent>
          </dep>
          <dep type="dobj">
            <governor idx="25">INVESTIGATE</governor>
            <dependent idx="27">INCIDENT</dependent>
          </dep>
        </dependencies>
        <dependencies type="collapsed-dependencies">
          <dep type="root">
            <governor idx="0">ROOT</governor>
            <dependent idx="3">EXPECTED</dependent>
          </dep>
          <dep type="nsubjpass">
            <governor idx="3">EXPECTED</governor>
            <dependent idx="1">IT</dependent>
          </dep>
          <dep type="auxpass">
            <governor idx="3">EXPECTED</governor>
            <dependent idx="2">IS</dependent>
          </dep>
          <dep type="mark">
            <governor idx="11">MEET</governor>
            <dependent idx="4">THAT</dependent>
          </dep>
          <dep type="compound">
            <governor idx="9">BOARD</governor>
            <dependent idx="5">UCR</dependent>
          </dep>
          <dep type="compound">
            <governor idx="9">BOARD</governor>
            <dependent idx="6">BUENOS</dependent>
          </dep>
          <dep type="compound">
            <governor idx="9">BOARD</governor>
            <dependent idx="7">AIRES</dependent>
          </dep>
          <dep type="compound">
            <governor idx="9">BOARD</governor>
            <dependent idx="8">PROVINCE</dependent>
          </dep>
          <dep type="nsubj">
            <governor idx="11">MEET</governor>
            <dependent idx="9">BOARD</dependent>
          </dep>
          <dep type="aux">
            <governor idx="11">MEET</governor>
            <dependent idx="10">WILL</dependent>
          </dep>
          <dep type="ccomp">
            <governor idx="3">EXPECTED</governor>
            <dependent idx="11">MEET</dependent>
          </dep>
          <dep type="cc">
            <governor idx="11">MEET</governor>
            <dependent idx="12">AND</dependent>
          </dep>
          <dep type="mark">
            <governor idx="16">ASK</governor>
            <dependent idx="13">THAT</dependent>
          </dep>
          <dep type="nsubj">
            <governor idx="16">ASK</governor>
            <dependent idx="14">THEY</dependent>
          </dep>
          <dep type="aux">
            <governor idx="16">ASK</governor>
            <dependent idx="15">WILL</dependent>
          </dep>
          <dep type="conj:and">
            <governor idx="11">MEET</governor>
            <dependent idx="16">ASK</dependent>
          </dep>
          <dep type="det">
            <governor idx="19">GOVERNMENT</governor>
            <dependent idx="17">THE</dependent>
          </dep>
          <dep type="amod">
            <governor idx="19">GOVERNMENT</governor>
            <dependent idx="18">PROVINCIAL</dependent>
          </dep>
          <dep type="dobj">
            <governor idx="16">ASK</governor>
            <dependent idx="19">GOVERNMENT</dependent>
          </dep>
          <dep type="cc">
            <governor idx="19">GOVERNMENT</governor>
            <dependent idx="20">AND</dependent>
          </dep>
          <dep type="det">
            <governor idx="23">MINISTRY</governor>
            <dependent idx="21">THE</dependent>
          </dep>
          <dep type="compound">
            <governor idx="23">MINISTRY</governor>
            <dependent idx="22">INTERIOR</dependent>
          </dep>
          <dep type="conj:and">
            <governor idx="19">GOVERNMENT</governor>
            <dependent idx="23">MINISTRY</dependent>
          </dep>
          <dep type="mark">
            <governor idx="25">INVESTIGATE</governor>
            <dependent idx="24">TO</dependent>
          </dep>
          <dep type="xcomp">
            <governor idx="16">ASK</governor>
            <dependent idx="25">INVESTIGATE</dependent>
          </dep>
          <dep type="det">
            <governor idx="27">INCIDENT</governor>
            <dependent idx="26">THE</dependent>
          </dep>
          <dep type="dobj">
            <governor idx="25">INVESTIGATE</governor>
            <dependent idx="27">INCIDENT</dependent>
          </dep>
        </dependencies>
        <dependencies type="collapsed-ccprocessed-dependencies">
          <dep type="root">
            <governor idx="0">ROOT</governor>
            <dependent idx="3">EXPECTED</dependent>
          </dep>
          <dep type="nsubjpass">
            <governor idx="3">EXPECTED</governor>
            <dependent idx="1">IT</dependent>
          </dep>
          <dep type="auxpass">
            <governor idx="3">EXPECTED</governor>
            <dependent idx="2">IS</dependent>
          </dep>
          <dep type="mark">
            <governor idx="11">MEET</governor>
            <dependent idx="4">THAT</dependent>
          </dep>
          <dep type="compound">
            <governor idx="9">BOARD</governor>
            <dependent idx="5">UCR</dependent>
          </dep>
          <dep type="compound">
            <governor idx="9">BOARD</governor>
            <dependent idx="6">BUENOS</dependent>
          </dep>
          <dep type="compound">
            <governor idx="9">BOARD</governor>
            <dependent idx="7">AIRES</dependent>
          </dep>
          <dep type="compound">
            <governor idx="9">BOARD</governor>
            <dependent idx="8">PROVINCE</dependent>
          </dep>
          <dep type="nsubj">
            <governor idx="11">MEET</governor>
            <dependent idx="9">BOARD</dependent>
          </dep>
          <dep type="aux">
            <governor idx="11">MEET</governor>
            <dependent idx="10">WILL</dependent>
          </dep>
          <dep type="ccomp">
            <governor idx="3">EXPECTED</governor>
            <dependent idx="11">MEET</dependent>
          </dep>
          <dep type="cc">
            <governor idx="11">MEET</governor>
            <dependent idx="12">AND</dependent>
          </dep>
          <dep type="mark">
            <governor idx="16">ASK</governor>
            <dependent idx="13">THAT</dependent>
          </dep>
          <dep type="nsubj">
            <governor idx="16">ASK</governor>
            <dependent idx="14">THEY</dependent>
          </dep>
          <dep type="aux">
            <governor idx="16">ASK</governor>
            <dependent idx="15">WILL</dependent>
          </dep>
          <dep type="ccomp" extra="true">
            <governor idx="3">EXPECTED</governor>
            <dependent idx="16">ASK</dependent>
          </dep>
          <dep type="conj:and">
            <governor idx="11">MEET</governor>
            <dependent idx="16">ASK</dependent>
          </dep>
          <dep type="det">
            <governor idx="19">GOVERNMENT</governor>
            <dependent idx="17">THE</dependent>
          </dep>
          <dep type="amod">
            <governor idx="19">GOVERNMENT</governor>
            <dependent idx="18">PROVINCIAL</dependent>
          </dep>
          <dep type="dobj">
            <governor idx="16">ASK</governor>
            <dependent idx="19">GOVERNMENT</dependent>
          </dep>
          <dep type="cc">
            <governor idx="19">GOVERNMENT</governor>
            <dependent idx="20">AND</dependent>
          </dep>
          <dep type="det">
            <governor idx="23">MINISTRY</governor>
            <dependent idx="21">THE</dependent>
          </dep>
          <dep type="compound">
            <governor idx="23">MINISTRY</governor>
            <dependent idx="22">INTERIOR</dependent>
          </dep>
          <dep type="dobj" extra="true">
            <governor idx="16">ASK</governor>
            <dependent idx="23">MINISTRY</dependent>
          </dep>
          <dep type="conj:and">
            <governor idx="19">GOVERNMENT</governor>
            <dependent idx="23">MINISTRY</dependent>
          </dep>
          <dep type="mark">
            <governor idx="25">INVESTIGATE</governor>
            <dependent idx="24">TO</dependent>
          </dep>
          <dep type="xcomp">
            <governor idx="16">ASK</governor>
            <dependent idx="25">INVESTIGATE</dependent>
          </dep>
          <dep type="det">
            <governor idx="27">INCIDENT</governor>
            <dependent idx="26">THE</dependent>
          </dep>
          <dep type="dobj">
            <governor idx="25">INVESTIGATE</governor>
            <dependent idx="27">INCIDENT</dependent>
          </dep>
        </dependencies>
      </sentence>
    </sentences>
    <coreference>
      <coreference>
        <mention representative="true">
          <sentence>3</sentence>
          <start>15</start>
          <end>18</end>
          <head>17</head>
          <text>UCR BUENOS AIRES</text>
        </mention>
        <mention>
          <sentence>1</sentence>
          <start>5</start>
          <end>7</end>
          <head>6</head>
          <text>BUENOS AIRES</text>
        </mention>
        <mention>
          <sentence>1</sentence>
          <start>25</start>
          <end>27</end>
          <head>26</head>
          <text>BUENOS AIRES</text>
        </mention>
        <mention>
          <sentence>1</sentence>
          <start>38</start>
          <end>40</end>
          <head>39</head>
          <text>BUENOS AIRES</text>
        </mention>
        <mention>
          <sentence>2</sentence>
          <start>11</start>
          <end>13</end>
          <head>12</head>
          <text>BUENOS AIRES</text>
        </mention>
        <mention>
          <sentence>4</sentence>
          <start>5</start>
          <end>8</end>
          <head>7</head>
          <text>UCR BUENOS AIRES</text>
        </mention>
      </coreference>
      <coreference>
        <mention representative="true">
          <sentence>2</sentence>
          <start>8</start>
          <end>9</end>
          <head>8</head>
          <text>MORENO</text>
        </mention>
        <mention>
          <sentence>3</sentence>
          <start>24</start>
          <end>25</end>
          <head>24</head>
          <text>MORENO</text>
        </mention>
      </coreference>
      <coreference>
        <mention representative="true">
          <sentence>3</sentence>
          <start>11</start>
          <end>13</end>
          <head>12</head>
          <text>LEOPOLDO MOREAU</text>
        </mention>
        <mention>
          <sentence>3</sentence>
          <start>14</start>
          <end>20</end>
          <head>19</head>
          <text>THE UCR BUENOS AIRES PROVINCE LEADER</text>
        </mention>
      </coreference>
    </coreference>
  </document>
</root>
