<?xml version="1.0" encoding="ASCII"?>
<?xml-stylesheet href="CoreNLP-to-HTML.xsl" type="text/xsl"?>
<root>
  <document>
    <sentences>
      <sentence id="1">
        <tokens>
          <token id="1">
            <word>DEV-MUC3-0031</word>
            <lemma>dev-muc3-0031</lemma>
            <CharacterOffsetBegin>0</CharacterOffsetBegin>
            <CharacterOffsetEnd>13</CharacterOffsetEnd>
            <POS>NN</POS>
            <NER>O</NER>
            <Speaker>PER0</Speaker>
          </token>
          <token id="2">
            <word>-LRB-</word>
            <lemma>-lrb-</lemma>
            <CharacterOffsetBegin>14</CharacterOffsetBegin>
            <CharacterOffsetEnd>15</CharacterOffsetEnd>
            <POS>-LRB-</POS>
            <NER>O</NER>
            <Speaker>PER0</Speaker>
          </token>
          <token id="3">
            <word>NOSC</word>
            <lemma>nosc</lemma>
            <CharacterOffsetBegin>15</CharacterOffsetBegin>
            <CharacterOffsetEnd>19</CharacterOffsetEnd>
            <POS>NN</POS>
            <NER>O</NER>
            <Speaker>PER0</Speaker>
          </token>
          <token id="4">
            <word>-RRB-</word>
            <lemma>-rrb-</lemma>
            <CharacterOffsetBegin>19</CharacterOffsetBegin>
            <CharacterOffsetEnd>20</CharacterOffsetEnd>
            <POS>-RRB-</POS>
            <NER>O</NER>
            <Speaker>PER0</Speaker>
          </token>
          <token id="5">
            <word>GUATEMALA</word>
            <lemma>GUATEMALA</lemma>
            <CharacterOffsetBegin>25</CharacterOffsetBegin>
            <CharacterOffsetEnd>34</CharacterOffsetEnd>
            <POS>NNP</POS>
            <NER>LOCATION</NER>
            <Speaker>PER0</Speaker>
          </token>
          <token id="6">
            <word>CITY</word>
            <lemma>CITY</lemma>
            <CharacterOffsetBegin>35</CharacterOffsetBegin>
            <CharacterOffsetEnd>39</CharacterOffsetEnd>
            <POS>NNP</POS>
            <NER>LOCATION</NER>
            <Speaker>PER0</Speaker>
          </token>
          <token id="7">
            <word>,</word>
            <lemma>,</lemma>
            <CharacterOffsetBegin>39</CharacterOffsetBegin>
            <CharacterOffsetEnd>40</CharacterOffsetEnd>
            <POS>,</POS>
            <NER>O</NER>
            <Speaker>PER0</Speaker>
          </token>
          <token id="8">
            <word>13</word>
            <lemma>13</lemma>
            <CharacterOffsetBegin>41</CharacterOffsetBegin>
            <CharacterOffsetEnd>43</CharacterOffsetEnd>
            <POS>CD</POS>
            <NER>DATE</NER>
            <NormalizedNER>XXXX-01-13</NormalizedNER>
            <Speaker>PER0</Speaker>
            <Timex tid="t1" type="DATE">XXXX-01-13</Timex>
          </token>
          <token id="9">
            <word>JAN</word>
            <lemma>JAN</lemma>
            <CharacterOffsetBegin>44</CharacterOffsetBegin>
            <CharacterOffsetEnd>47</CharacterOffsetEnd>
            <POS>NNP</POS>
            <NER>DATE</NER>
            <NormalizedNER>XXXX-01-13</NormalizedNER>
            <Speaker>PER0</Speaker>
            <Timex tid="t1" type="DATE">XXXX-01-13</Timex>
          </token>
          <token id="10">
            <word>90</word>
            <lemma>90</lemma>
            <CharacterOffsetBegin>48</CharacterOffsetBegin>
            <CharacterOffsetEnd>50</CharacterOffsetEnd>
            <POS>CD</POS>
            <NER>NUMBER</NER>
            <NormalizedNER>90.0</NormalizedNER>
            <Speaker>PER0</Speaker>
          </token>
          <token id="11">
            <word>-LRB-</word>
            <lemma>-lrb-</lemma>
            <CharacterOffsetBegin>51</CharacterOffsetBegin>
            <CharacterOffsetEnd>52</CharacterOffsetEnd>
            <POS>-LRB-</POS>
            <NER>O</NER>
            <Speaker>PER0</Speaker>
          </token>
          <token id="12">
            <word>NOTIMEX</word>
            <lemma>notimex</lemma>
            <CharacterOffsetBegin>52</CharacterOffsetBegin>
            <CharacterOffsetEnd>59</CharacterOffsetEnd>
            <POS>NN</POS>
            <NER>ORGANIZATION</NER>
            <Speaker>PER0</Speaker>
          </token>
          <token id="13">
            <word>-RRB-</word>
            <lemma>-rrb-</lemma>
            <CharacterOffsetBegin>59</CharacterOffsetBegin>
            <CharacterOffsetEnd>60</CharacterOffsetEnd>
            <POS>-RRB-</POS>
            <NER>O</NER>
            <Speaker>PER0</Speaker>
          </token>
          <token id="14">
            <word>--</word>
            <lemma>--</lemma>
            <CharacterOffsetBegin>61</CharacterOffsetBegin>
            <CharacterOffsetEnd>63</CharacterOffsetEnd>
            <POS>:</POS>
            <NER>O</NER>
            <Speaker>PER0</Speaker>
          </token>
          <token id="15">
            <word>-LSB-</word>
            <lemma>-lsb-</lemma>
            <CharacterOffsetBegin>64</CharacterOffsetBegin>
            <CharacterOffsetEnd>65</CharacterOffsetEnd>
            <POS>-LRB-</POS>
            <NER>O</NER>
            <Speaker>PER0</Speaker>
          </token>
          <token id="16">
            <word>TEXT</word>
            <lemma>text</lemma>
            <CharacterOffsetBegin>65</CharacterOffsetBegin>
            <CharacterOffsetEnd>69</CharacterOffsetEnd>
            <POS>NN</POS>
            <NER>O</NER>
            <Speaker>PER0</Speaker>
          </token>
          <token id="17">
            <word>-RSB-</word>
            <lemma>-rsb-</lemma>
            <CharacterOffsetBegin>69</CharacterOffsetBegin>
            <CharacterOffsetEnd>70</CharacterOffsetEnd>
            <POS>-RRB-</POS>
            <NER>O</NER>
            <Speaker>PER0</Speaker>
          </token>
          <token id="18">
            <word>MARIO</word>
            <lemma>MARIO</lemma>
            <CharacterOffsetBegin>71</CharacterOffsetBegin>
            <CharacterOffsetEnd>76</CharacterOffsetEnd>
            <POS>NNP</POS>
            <NER>PERSON</NER>
            <Speaker>PER0</Speaker>
          </token>
          <token id="19">
            <word>SOLORZANO</word>
            <lemma>SOLORZANO</lemma>
            <CharacterOffsetBegin>77</CharacterOffsetBegin>
            <CharacterOffsetEnd>86</CharacterOffsetEnd>
            <POS>NNP</POS>
            <NER>PERSON</NER>
            <Speaker>PER0</Speaker>
          </token>
          <token id="20">
            <word>MARTINEZ</word>
            <lemma>MARTINEZ</lemma>
            <CharacterOffsetBegin>87</CharacterOffsetBegin>
            <CharacterOffsetEnd>95</CharacterOffsetEnd>
            <POS>NNP</POS>
            <NER>PERSON</NER>
            <Speaker>PER0</Speaker>
          </token>
          <token id="21">
            <word>,</word>
            <lemma>,</lemma>
            <CharacterOffsetBegin>95</CharacterOffsetBegin>
            <CharacterOffsetEnd>96</CharacterOffsetEnd>
            <POS>,</POS>
            <NER>O</NER>
            <Speaker>PER0</Speaker>
          </token>
          <token id="22">
            <word>LEADER</word>
            <lemma>leader</lemma>
            <CharacterOffsetBegin>97</CharacterOffsetBegin>
            <CharacterOffsetEnd>103</CharacterOffsetEnd>
            <POS>NN</POS>
            <NER>O</NER>
            <Speaker>PER0</Speaker>
          </token>
          <token id="23">
            <word>OF</word>
            <lemma>of</lemma>
            <CharacterOffsetBegin>104</CharacterOffsetBegin>
            <CharacterOffsetEnd>106</CharacterOffsetEnd>
            <POS>IN</POS>
            <NER>O</NER>
            <Speaker>PER0</Speaker>
          </token>
          <token id="24">
            <word>GUATEMALA</word>
            <lemma>GUATEMALA</lemma>
            <CharacterOffsetBegin>107</CharacterOffsetBegin>
            <CharacterOffsetEnd>116</CharacterOffsetEnd>
            <POS>NNP</POS>
            <NER>LOCATION</NER>
            <Speaker>PER0</Speaker>
          </token>
          <token id="25">
            <word>'S</word>
            <lemma>'s</lemma>
            <CharacterOffsetBegin>116</CharacterOffsetBegin>
            <CharacterOffsetEnd>118</CharacterOffsetEnd>
            <POS>POS</POS>
            <NER>O</NER>
            <Speaker>PER0</Speaker>
          </token>
          <token id="26">
            <word>DEMOCRATIC</word>
            <lemma>democratic</lemma>
            <CharacterOffsetBegin>119</CharacterOffsetBegin>
            <CharacterOffsetEnd>129</CharacterOffsetEnd>
            <POS>JJ</POS>
            <NER>ORGANIZATION</NER>
            <Speaker>PER0</Speaker>
          </token>
          <token id="27">
            <word>SOCIALIST</word>
            <lemma>SOCIALIST</lemma>
            <CharacterOffsetBegin>130</CharacterOffsetBegin>
            <CharacterOffsetEnd>139</CharacterOffsetEnd>
            <POS>NNP</POS>
            <NER>ORGANIZATION</NER>
            <Speaker>PER0</Speaker>
          </token>
          <token id="28">
            <word>PARTY</word>
            <lemma>PARTY</lemma>
            <CharacterOffsetBegin>140</CharacterOffsetBegin>
            <CharacterOffsetEnd>145</CharacterOffsetEnd>
            <POS>NNP</POS>
            <NER>ORGANIZATION</NER>
            <Speaker>PER0</Speaker>
          </token>
          <token id="29">
            <word>,</word>
            <lemma>,</lemma>
            <CharacterOffsetBegin>145</CharacterOffsetBegin>
            <CharacterOffsetEnd>146</CharacterOffsetEnd>
            <POS>,</POS>
            <NER>O</NER>
            <Speaker>PER0</Speaker>
          </token>
          <token id="30">
            <word>REPORTED</word>
            <lemma>report</lemma>
            <CharacterOffsetBegin>147</CharacterOffsetBegin>
            <CharacterOffsetEnd>155</CharacterOffsetEnd>
            <POS>VBD</POS>
            <NER>O</NER>
            <Speaker>PER0</Speaker>
          </token>
          <token id="31">
            <word>TODAY</word>
            <lemma>today</lemma>
            <CharacterOffsetBegin>156</CharacterOffsetBegin>
            <CharacterOffsetEnd>161</CharacterOffsetEnd>
            <POS>NN</POS>
            <NER>DATE</NER>
            <NormalizedNER>THIS P1D</NormalizedNER>
            <Speaker>PER0</Speaker>
            <Timex tid="t2" type="DATE"/>
          </token>
          <token id="32">
            <word>THAT</word>
            <lemma>that</lemma>
            <CharacterOffsetBegin>162</CharacterOffsetBegin>
            <CharacterOffsetEnd>166</CharacterOffsetEnd>
            <POS>IN</POS>
            <NER>O</NER>
            <Speaker>PER0</Speaker>
          </token>
          <token id="33">
            <word>THE</word>
            <lemma>the</lemma>
            <CharacterOffsetBegin>167</CharacterOffsetBegin>
            <CharacterOffsetEnd>170</CharacterOffsetEnd>
            <POS>DT</POS>
            <NER>O</NER>
            <Speaker>PER0</Speaker>
          </token>
          <token id="34">
            <word>SALVADORAN</word>
            <lemma>salvadoran</lemma>
            <CharacterOffsetBegin>171</CharacterOffsetBegin>
            <CharacterOffsetEnd>181</CharacterOffsetEnd>
            <POS>JJ</POS>
            <NER>MISC</NER>
            <Speaker>PER0</Speaker>
          </token>
          <token id="35">
            <word>POLITICAL</word>
            <lemma>political</lemma>
            <CharacterOffsetBegin>182</CharacterOffsetBegin>
            <CharacterOffsetEnd>191</CharacterOffsetEnd>
            <POS>JJ</POS>
            <NER>O</NER>
            <Speaker>PER0</Speaker>
          </token>
          <token id="36">
            <word>LEADER</word>
            <lemma>leader</lemma>
            <CharacterOffsetBegin>192</CharacterOffsetBegin>
            <CharacterOffsetEnd>198</CharacterOffsetEnd>
            <POS>NN</POS>
            <NER>O</NER>
            <Speaker>PER0</Speaker>
          </token>
          <token id="37">
            <word>HECTOR</word>
            <lemma>HECTOR</lemma>
            <CharacterOffsetBegin>199</CharacterOffsetBegin>
            <CharacterOffsetEnd>205</CharacterOffsetEnd>
            <POS>NNP</POS>
            <NER>PERSON</NER>
            <Speaker>PER0</Speaker>
          </token>
          <token id="38">
            <word>OQUELI</word>
            <lemma>OQUELI</lemma>
            <CharacterOffsetBegin>206</CharacterOffsetBegin>
            <CharacterOffsetEnd>212</CharacterOffsetEnd>
            <POS>NNP</POS>
            <NER>PERSON</NER>
            <Speaker>PER0</Speaker>
          </token>
          <token id="39">
            <word>,</word>
            <lemma>,</lemma>
            <CharacterOffsetBegin>212</CharacterOffsetBegin>
            <CharacterOffsetEnd>213</CharacterOffsetEnd>
            <POS>,</POS>
            <NER>O</NER>
            <Speaker>PER0</Speaker>
          </token>
          <token id="40">
            <word>WHO</word>
            <lemma>who</lemma>
            <CharacterOffsetBegin>214</CharacterOffsetBegin>
            <CharacterOffsetEnd>217</CharacterOffsetEnd>
            <POS>WP</POS>
            <NER>O</NER>
            <Speaker>PER0</Speaker>
          </token>
          <token id="41">
            <word>WAS</word>
            <lemma>be</lemma>
            <CharacterOffsetBegin>218</CharacterOffsetBegin>
            <CharacterOffsetEnd>221</CharacterOffsetEnd>
            <POS>VBD</POS>
            <NER>O</NER>
            <Speaker>PER0</Speaker>
          </token>
          <token id="42">
            <word>KIDNAPPED</word>
            <lemma>kidnap</lemma>
            <CharacterOffsetBegin>222</CharacterOffsetBegin>
            <CharacterOffsetEnd>231</CharacterOffsetEnd>
            <POS>VBN</POS>
            <NER>O</NER>
            <Speaker>PER0</Speaker>
          </token>
          <token id="43">
            <word>IN</word>
            <lemma>in</lemma>
            <CharacterOffsetBegin>232</CharacterOffsetBegin>
            <CharacterOffsetEnd>234</CharacterOffsetEnd>
            <POS>IN</POS>
            <NER>O</NER>
            <Speaker>PER0</Speaker>
          </token>
          <token id="44">
            <word>GUATEMALA</word>
            <lemma>GUATEMALA</lemma>
            <CharacterOffsetBegin>235</CharacterOffsetBegin>
            <CharacterOffsetEnd>244</CharacterOffsetEnd>
            <POS>NNP</POS>
            <NER>LOCATION</NER>
            <Speaker>PER0</Speaker>
          </token>
          <token id="45">
            <word>,</word>
            <lemma>,</lemma>
            <CharacterOffsetBegin>244</CharacterOffsetBegin>
            <CharacterOffsetEnd>245</CharacterOffsetEnd>
            <POS>,</POS>
            <NER>O</NER>
            <Speaker>PER0</Speaker>
          </token>
          <token id="46">
            <word>WAS</word>
            <lemma>be</lemma>
            <CharacterOffsetBegin>246</CharacterOffsetBegin>
            <CharacterOffsetEnd>249</CharacterOffsetEnd>
            <POS>VBD</POS>
            <NER>O</NER>
            <Speaker>PER0</Speaker>
          </token>
          <token id="47">
            <word>FOUND</word>
            <lemma>find</lemma>
            <CharacterOffsetBegin>250</CharacterOffsetBegin>
            <CharacterOffsetEnd>255</CharacterOffsetEnd>
            <POS>VBN</POS>
            <NER>O</NER>
            <Speaker>PER0</Speaker>
          </token>
          <token id="48">
            <word>DEAD</word>
            <lemma>dead</lemma>
            <CharacterOffsetBegin>256</CharacterOffsetBegin>
            <CharacterOffsetEnd>260</CharacterOffsetEnd>
            <POS>JJ</POS>
            <NER>O</NER>
            <Speaker>PER0</Speaker>
          </token>
          <token id="49">
            <word>.</word>
            <lemma>.</lemma>
            <CharacterOffsetBegin>260</CharacterOffsetBegin>
            <CharacterOffsetEnd>261</CharacterOffsetEnd>
            <POS>.</POS>
            <NER>O</NER>
            <Speaker>PER0</Speaker>
          </token>
        </tokens>
        <parse>(ROOT (S (NP (NP (NN DEV-MUC3-0031)) (PRN (-LRB- -LRB-) (NP (NN NOSC)) (-RRB- -RRB-)) (NP (NNP GUATEMALA) (NNP CITY)) (, ,) (NP (NP (NP (CD 13) (NNP JAN) (CD 90)) (PRN (-LRB- -LRB-) (NP (NN NOTIMEX)) (-RRB- -RRB-))) (: --) (NP (NP (-LRB- -LSB-) (NN TEXT)) (PP (-RRB- -RSB-) (NP (NNP MARIO) (NNP SOLORZANO) (NNP MARTINEZ))))) (, ,) (NP (NP (NN LEADER)) (PP (IN OF) (NP (NP (NNP GUATEMALA) (POS 'S)) (JJ DEMOCRATIC) (NNP SOCIALIST) (NNP PARTY)))) (, ,)) (VP (VBD REPORTED) (NP-TMP (NN TODAY)) (SBAR (IN THAT) (S (NP (NP (NP (DT THE) (JJ SALVADORAN) (JJ POLITICAL) (NN LEADER)) (NP (NNP HECTOR) (NNP OQUELI))) (, ,) (SBAR (WHNP (WP WHO)) (S (VP (VBD WAS) (VP (VBN KIDNAPPED) (PP (IN IN) (NP (NNP GUATEMALA))))))) (, ,)) (VP (VBD WAS) (VP (VBN FOUND) (S (ADJP (JJ DEAD)))))))) (. .))) </parse>
        <dependencies type="basic-dependencies">
          <dep type="root">
            <governor idx="0">ROOT</governor>
            <dependent idx="30">REPORTED</dependent>
          </dep>
          <dep type="nsubj">
            <governor idx="30">REPORTED</governor>
            <dependent idx="1">DEV-MUC3-0031</dependent>
          </dep>
          <dep type="appos">
            <governor idx="1">DEV-MUC3-0031</governor>
            <dependent idx="3">NOSC</dependent>
          </dep>
          <dep type="compound">
            <governor idx="6">CITY</governor>
            <dependent idx="5">GUATEMALA</dependent>
          </dep>
          <dep type="dep">
            <governor idx="1">DEV-MUC3-0031</governor>
            <dependent idx="6">CITY</dependent>
          </dep>
          <dep type="nummod">
            <governor idx="9">JAN</governor>
            <dependent idx="8">13</dependent>
          </dep>
          <dep type="appos">
            <governor idx="1">DEV-MUC3-0031</governor>
            <dependent idx="9">JAN</dependent>
          </dep>
          <dep type="nummod">
            <governor idx="9">JAN</governor>
            <dependent idx="10">90</dependent>
          </dep>
          <dep type="appos">
            <governor idx="9">JAN</governor>
            <dependent idx="12">NOTIMEX</dependent>
          </dep>
          <dep type="dep">
            <governor idx="9">JAN</governor>
            <dependent idx="16">TEXT</dependent>
          </dep>
          <dep type="compound">
            <governor idx="20">MARTINEZ</governor>
            <dependent idx="18">MARIO</dependent>
          </dep>
          <dep type="compound">
            <governor idx="20">MARTINEZ</governor>
            <dependent idx="19">SOLORZANO</dependent>
          </dep>
          <dep type="nmod">
            <governor idx="16">TEXT</governor>
            <dependent idx="20">MARTINEZ</dependent>
          </dep>
          <dep type="appos">
            <governor idx="1">DEV-MUC3-0031</governor>
            <dependent idx="22">LEADER</dependent>
          </dep>
          <dep type="case">
            <governor idx="28">PARTY</governor>
            <dependent idx="23">OF</dependent>
          </dep>
          <dep type="nmod:poss">
            <governor idx="28">PARTY</governor>
            <dependent idx="24">GUATEMALA</dependent>
          </dep>
          <dep type="case">
            <governor idx="24">GUATEMALA</governor>
            <dependent idx="25">'S</dependent>
          </dep>
          <dep type="amod">
            <governor idx="28">PARTY</governor>
            <dependent idx="26">DEMOCRATIC</dependent>
          </dep>
          <dep type="compound">
            <governor idx="28">PARTY</governor>
            <dependent idx="27">SOCIALIST</dependent>
          </dep>
          <dep type="nmod">
            <governor idx="22">LEADER</governor>
            <dependent idx="28">PARTY</dependent>
          </dep>
          <dep type="nmod:tmod">
            <governor idx="30">REPORTED</governor>
            <dependent idx="31">TODAY</dependent>
          </dep>
          <dep type="mark">
            <governor idx="47">FOUND</governor>
            <dependent idx="32">THAT</dependent>
          </dep>
          <dep type="det">
            <governor idx="36">LEADER</governor>
            <dependent idx="33">THE</dependent>
          </dep>
          <dep type="amod">
            <governor idx="36">LEADER</governor>
            <dependent idx="34">SALVADORAN</dependent>
          </dep>
          <dep type="amod">
            <governor idx="36">LEADER</governor>
            <dependent idx="35">POLITICAL</dependent>
          </dep>
          <dep type="nsubjpass">
            <governor idx="47">FOUND</governor>
            <dependent idx="36">LEADER</dependent>
          </dep>
          <dep type="compound">
            <governor idx="38">OQUELI</governor>
            <dependent idx="37">HECTOR</dependent>
          </dep>
          <dep type="dep">
            <governor idx="36">LEADER</governor>
            <dependent idx="38">OQUELI</dependent>
          </dep>
          <dep type="nsubjpass">
            <governor idx="42">KIDNAPPED</governor>
            <dependent idx="40">WHO</dependent>
          </dep>
          <dep type="auxpass">
            <governor idx="42">KIDNAPPED</governor>
            <dependent idx="41">WAS</dependent>
          </dep>
          <dep type="acl:relcl">
            <governor idx="36">LEADER</governor>
            <dependent idx="42">KIDNAPPED</dependent>
          </dep>
          <dep type="case">
            <governor idx="44">GUATEMALA</governor>
            <dependent idx="43">IN</dependent>
          </dep>
          <dep type="nmod">
            <governor idx="42">KIDNAPPED</governor>
            <dependent idx="44">GUATEMALA</dependent>
          </dep>
          <dep type="auxpass">
            <governor idx="47">FOUND</governor>
            <dependent idx="46">WAS</dependent>
          </dep>
          <dep type="ccomp">
            <governor idx="30">REPORTED</governor>
            <dependent idx="47">FOUND</dependent>
          </dep>
          <dep type="xcomp">
            <governor idx="47">FOUND</governor>
            <dependent idx="48">DEAD</dependent>
          </dep>
        </dependencies>
        <dependencies type="collapsed-dependencies">
          <dep type="root">
            <governor idx="0">ROOT</governor>
            <dependent idx="30">REPORTED</dependent>
          </dep>
          <dep type="nsubj">
            <governor idx="30">REPORTED</governor>
            <dependent idx="1">DEV-MUC3-0031</dependent>
          </dep>
          <dep type="appos">
            <governor idx="1">DEV-MUC3-0031</governor>
            <dependent idx="3">NOSC</dependent>
          </dep>
          <dep type="compound">
            <governor idx="6">CITY</governor>
            <dependent idx="5">GUATEMALA</dependent>
          </dep>
          <dep type="dep">
            <governor idx="1">DEV-MUC3-0031</governor>
            <dependent idx="6">CITY</dependent>
          </dep>
          <dep type="nummod">
            <governor idx="9">JAN</governor>
            <dependent idx="8">13</dependent>
          </dep>
          <dep type="appos">
            <governor idx="1">DEV-MUC3-0031</governor>
            <dependent idx="9">JAN</dependent>
          </dep>
          <dep type="nummod">
            <governor idx="9">JAN</governor>
            <dependent idx="10">90</dependent>
          </dep>
          <dep type="appos">
            <governor idx="9">JAN</governor>
            <dependent idx="12">NOTIMEX</dependent>
          </dep>
          <dep type="dep">
            <governor idx="9">JAN</governor>
            <dependent idx="16">TEXT</dependent>
          </dep>
          <dep type="compound">
            <governor idx="20">MARTINEZ</governor>
            <dependent idx="18">MARIO</dependent>
          </dep>
          <dep type="compound">
            <governor idx="20">MARTINEZ</governor>
            <dependent idx="19">SOLORZANO</dependent>
          </dep>
          <dep type="nmod">
            <governor idx="16">TEXT</governor>
            <dependent idx="20">MARTINEZ</dependent>
          </dep>
          <dep type="appos">
            <governor idx="1">DEV-MUC3-0031</governor>
            <dependent idx="22">LEADER</dependent>
          </dep>
          <dep type="case">
            <governor idx="28">PARTY</governor>
            <dependent idx="23">OF</dependent>
          </dep>
          <dep type="nmod:poss">
            <governor idx="28">PARTY</governor>
            <dependent idx="24">GUATEMALA</dependent>
          </dep>
          <dep type="case">
            <governor idx="24">GUATEMALA</governor>
            <dependent idx="25">'S</dependent>
          </dep>
          <dep type="amod">
            <governor idx="28">PARTY</governor>
            <dependent idx="26">DEMOCRATIC</dependent>
          </dep>
          <dep type="compound">
            <governor idx="28">PARTY</governor>
            <dependent idx="27">SOCIALIST</dependent>
          </dep>
          <dep type="nmod:of">
            <governor idx="22">LEADER</governor>
            <dependent idx="28">PARTY</dependent>
          </dep>
          <dep type="nmod:tmod">
            <governor idx="30">REPORTED</governor>
            <dependent idx="31">TODAY</dependent>
          </dep>
          <dep type="mark">
            <governor idx="47">FOUND</governor>
            <dependent idx="32">THAT</dependent>
          </dep>
          <dep type="det">
            <governor idx="36">LEADER</governor>
            <dependent idx="33">THE</dependent>
          </dep>
          <dep type="amod">
            <governor idx="36">LEADER</governor>
            <dependent idx="34">SALVADORAN</dependent>
          </dep>
          <dep type="amod">
            <governor idx="36">LEADER</governor>
            <dependent idx="35">POLITICAL</dependent>
          </dep>
          <dep type="nsubjpass">
            <governor idx="47">FOUND</governor>
            <dependent idx="36">LEADER</dependent>
          </dep>
          <dep type="compound">
            <governor idx="38">OQUELI</governor>
            <dependent idx="37">HECTOR</dependent>
          </dep>
          <dep type="dep">
            <governor idx="36">LEADER</governor>
            <dependent idx="38">OQUELI</dependent>
          </dep>
          <dep type="nsubjpass">
            <governor idx="42">KIDNAPPED</governor>
            <dependent idx="40">WHO</dependent>
          </dep>
          <dep type="auxpass">
            <governor idx="42">KIDNAPPED</governor>
            <dependent idx="41">WAS</dependent>
          </dep>
          <dep type="acl:relcl">
            <governor idx="36">LEADER</governor>
            <dependent idx="42">KIDNAPPED</dependent>
          </dep>
          <dep type="case">
            <governor idx="44">GUATEMALA</governor>
            <dependent idx="43">IN</dependent>
          </dep>
          <dep type="nmod:in">
            <governor idx="42">KIDNAPPED</governor>
            <dependent idx="44">GUATEMALA</dependent>
          </dep>
          <dep type="auxpass">
            <governor idx="47">FOUND</governor>
            <dependent idx="46">WAS</dependent>
          </dep>
          <dep type="ccomp">
            <governor idx="30">REPORTED</governor>
            <dependent idx="47">FOUND</dependent>
          </dep>
          <dep type="xcomp">
            <governor idx="47">FOUND</governor>
            <dependent idx="48">DEAD</dependent>
          </dep>
        </dependencies>
        <dependencies type="collapsed-ccprocessed-dependencies">
          <dep type="root">
            <governor idx="0">ROOT</governor>
            <dependent idx="30">REPORTED</dependent>
          </dep>
          <dep type="nsubj">
            <governor idx="30">REPORTED</governor>
            <dependent idx="1">DEV-MUC3-0031</dependent>
          </dep>
          <dep type="appos">
            <governor idx="1">DEV-MUC3-0031</governor>
            <dependent idx="3">NOSC</dependent>
          </dep>
          <dep type="compound">
            <governor idx="6">CITY</governor>
            <dependent idx="5">GUATEMALA</dependent>
          </dep>
          <dep type="dep">
            <governor idx="1">DEV-MUC3-0031</governor>
            <dependent idx="6">CITY</dependent>
          </dep>
          <dep type="nummod">
            <governor idx="9">JAN</governor>
            <dependent idx="8">13</dependent>
          </dep>
          <dep type="appos">
            <governor idx="1">DEV-MUC3-0031</governor>
            <dependent idx="9">JAN</dependent>
          </dep>
          <dep type="nummod">
            <governor idx="9">JAN</governor>
            <dependent idx="10">90</dependent>
          </dep>
          <dep type="appos">
            <governor idx="9">JAN</governor>
            <dependent idx="12">NOTIMEX</dependent>
          </dep>
          <dep type="dep">
            <governor idx="9">JAN</governor>
            <dependent idx="16">TEXT</dependent>
          </dep>
          <dep type="compound">
            <governor idx="20">MARTINEZ</governor>
            <dependent idx="18">MARIO</dependent>
          </dep>
          <dep type="compound">
            <governor idx="20">MARTINEZ</governor>
            <dependent idx="19">SOLORZANO</dependent>
          </dep>
          <dep type="nmod">
            <governor idx="16">TEXT</governor>
            <dependent idx="20">MARTINEZ</dependent>
          </dep>
          <dep type="appos">
            <governor idx="1">DEV-MUC3-0031</governor>
            <dependent idx="22">LEADER</dependent>
          </dep>
          <dep type="case">
            <governor idx="28">PARTY</governor>
            <dependent idx="23">OF</dependent>
          </dep>
          <dep type="nmod:poss">
            <governor idx="28">PARTY</governor>
            <dependent idx="24">GUATEMALA</dependent>
          </dep>
          <dep type="case">
            <governor idx="24">GUATEMALA</governor>
            <dependent idx="25">'S</dependent>
          </dep>
          <dep type="amod">
            <governor idx="28">PARTY</governor>
            <dependent idx="26">DEMOCRATIC</dependent>
          </dep>
          <dep type="compound">
            <governor idx="28">PARTY</governor>
            <dependent idx="27">SOCIALIST</dependent>
          </dep>
          <dep type="nmod:of">
            <governor idx="22">LEADER</governor>
            <dependent idx="28">PARTY</dependent>
          </dep>
          <dep type="nmod:tmod">
            <governor idx="30">REPORTED</governor>
            <dependent idx="31">TODAY</dependent>
          </dep>
          <dep type="mark">
            <governor idx="47">FOUND</governor>
            <dependent idx="32">THAT</dependent>
          </dep>
          <dep type="det">
            <governor idx="36">LEADER</governor>
            <dependent idx="33">THE</dependent>
          </dep>
          <dep type="amod">
            <governor idx="36">LEADER</governor>
            <dependent idx="34">SALVADORAN</dependent>
          </dep>
          <dep type="amod">
            <governor idx="36">LEADER</governor>
            <dependent idx="35">POLITICAL</dependent>
          </dep>
          <dep type="nsubjpass">
            <governor idx="47">FOUND</governor>
            <dependent idx="36">LEADER</dependent>
          </dep>
          <dep type="compound">
            <governor idx="38">OQUELI</governor>
            <dependent idx="37">HECTOR</dependent>
          </dep>
          <dep type="dep">
            <governor idx="36">LEADER</governor>
            <dependent idx="38">OQUELI</dependent>
          </dep>
          <dep type="nsubjpass">
            <governor idx="42">KIDNAPPED</governor>
            <dependent idx="40">WHO</dependent>
          </dep>
          <dep type="auxpass">
            <governor idx="42">KIDNAPPED</governor>
            <dependent idx="41">WAS</dependent>
          </dep>
          <dep type="acl:relcl">
            <governor idx="36">LEADER</governor>
            <dependent idx="42">KIDNAPPED</dependent>
          </dep>
          <dep type="case">
            <governor idx="44">GUATEMALA</governor>
            <dependent idx="43">IN</dependent>
          </dep>
          <dep type="nmod:in">
            <governor idx="42">KIDNAPPED</governor>
            <dependent idx="44">GUATEMALA</dependent>
          </dep>
          <dep type="auxpass">
            <governor idx="47">FOUND</governor>
            <dependent idx="46">WAS</dependent>
          </dep>
          <dep type="ccomp">
            <governor idx="30">REPORTED</governor>
            <dependent idx="47">FOUND</dependent>
          </dep>
          <dep type="xcomp">
            <governor idx="47">FOUND</governor>
            <dependent idx="48">DEAD</dependent>
          </dep>
        </dependencies>
      </sentence>
      <sentence id="2">
        <tokens>
          <token id="1">
            <word>OQUELI</word>
            <lemma>OQUELI</lemma>
            <CharacterOffsetBegin>266</CharacterOffsetBegin>
            <CharacterOffsetEnd>272</CharacterOffsetEnd>
            <POS>NNP</POS>
            <NER>PERSON</NER>
            <Speaker>PER0</Speaker>
          </token>
          <token id="2">
            <word>'S</word>
            <lemma>'s</lemma>
            <CharacterOffsetBegin>272</CharacterOffsetBegin>
            <CharacterOffsetEnd>274</CharacterOffsetEnd>
            <POS>POS</POS>
            <NER>O</NER>
            <Speaker>PER0</Speaker>
          </token>
          <token id="3">
            <word>BODY</word>
            <lemma>body</lemma>
            <CharacterOffsetBegin>275</CharacterOffsetBegin>
            <CharacterOffsetEnd>279</CharacterOffsetEnd>
            <POS>NN</POS>
            <NER>O</NER>
            <Speaker>PER0</Speaker>
          </token>
          <token id="4">
            <word>WAS</word>
            <lemma>be</lemma>
            <CharacterOffsetBegin>280</CharacterOffsetBegin>
            <CharacterOffsetEnd>283</CharacterOffsetEnd>
            <POS>VBD</POS>
            <NER>O</NER>
            <Speaker>PER0</Speaker>
          </token>
          <token id="5">
            <word>FOUND</word>
            <lemma>find</lemma>
            <CharacterOffsetBegin>284</CharacterOffsetBegin>
            <CharacterOffsetEnd>289</CharacterOffsetEnd>
            <POS>VBN</POS>
            <NER>O</NER>
            <Speaker>PER0</Speaker>
          </token>
          <token id="6">
            <word>NEXT</word>
            <lemma>next</lemma>
            <CharacterOffsetBegin>290</CharacterOffsetBegin>
            <CharacterOffsetEnd>294</CharacterOffsetEnd>
            <POS>IN</POS>
            <NER>O</NER>
            <Speaker>PER0</Speaker>
          </token>
          <token id="7">
            <word>TO</word>
            <lemma>to</lemma>
            <CharacterOffsetBegin>295</CharacterOffsetBegin>
            <CharacterOffsetEnd>297</CharacterOffsetEnd>
            <POS>TO</POS>
            <NER>O</NER>
            <Speaker>PER0</Speaker>
          </token>
          <token id="8">
            <word>THE</word>
            <lemma>the</lemma>
            <CharacterOffsetBegin>298</CharacterOffsetBegin>
            <CharacterOffsetEnd>301</CharacterOffsetEnd>
            <POS>DT</POS>
            <NER>O</NER>
            <Speaker>PER0</Speaker>
          </token>
          <token id="9">
            <word>BODY</word>
            <lemma>body</lemma>
            <CharacterOffsetBegin>302</CharacterOffsetBegin>
            <CharacterOffsetEnd>306</CharacterOffsetEnd>
            <POS>NN</POS>
            <NER>O</NER>
            <Speaker>PER0</Speaker>
          </token>
          <token id="10">
            <word>OF</word>
            <lemma>of</lemma>
            <CharacterOffsetBegin>307</CharacterOffsetBegin>
            <CharacterOffsetEnd>309</CharacterOffsetEnd>
            <POS>IN</POS>
            <NER>O</NER>
            <Speaker>PER0</Speaker>
          </token>
          <token id="11">
            <word>GUATEMALAN</word>
            <lemma>guatemalan</lemma>
            <CharacterOffsetBegin>310</CharacterOffsetBegin>
            <CharacterOffsetEnd>320</CharacterOffsetEnd>
            <POS>JJ</POS>
            <NER>MISC</NER>
            <Speaker>PER0</Speaker>
          </token>
          <token id="12">
            <word>POLITICIAN</word>
            <lemma>politician</lemma>
            <CharacterOffsetBegin>321</CharacterOffsetBegin>
            <CharacterOffsetEnd>331</CharacterOffsetEnd>
            <POS>NN</POS>
            <NER>O</NER>
            <Speaker>PER0</Speaker>
          </token>
          <token id="13">
            <word>GILDA</word>
            <lemma>GILDA</lemma>
            <CharacterOffsetBegin>332</CharacterOffsetBegin>
            <CharacterOffsetEnd>337</CharacterOffsetEnd>
            <POS>NNP</POS>
            <NER>PERSON</NER>
            <Speaker>PER0</Speaker>
          </token>
          <token id="14">
            <word>FLORES</word>
            <lemma>FLORES</lemma>
            <CharacterOffsetBegin>338</CharacterOffsetBegin>
            <CharacterOffsetEnd>344</CharacterOffsetEnd>
            <POS>NNP</POS>
            <NER>PERSON</NER>
            <Speaker>PER0</Speaker>
          </token>
          <token id="15">
            <word>,</word>
            <lemma>,</lemma>
            <CharacterOffsetBegin>344</CharacterOffsetBegin>
            <CharacterOffsetEnd>345</CharacterOffsetEnd>
            <POS>,</POS>
            <NER>O</NER>
            <Speaker>PER0</Speaker>
          </token>
          <token id="16">
            <word>WHO</word>
            <lemma>who</lemma>
            <CharacterOffsetBegin>346</CharacterOffsetBegin>
            <CharacterOffsetEnd>349</CharacterOffsetEnd>
            <POS>WP</POS>
            <NER>O</NER>
            <Speaker>PER0</Speaker>
          </token>
          <token id="17">
            <word>WAS</word>
            <lemma>be</lemma>
            <CharacterOffsetBegin>350</CharacterOffsetBegin>
            <CharacterOffsetEnd>353</CharacterOffsetEnd>
            <POS>VBD</POS>
            <NER>O</NER>
            <Speaker>PER0</Speaker>
          </token>
          <token id="18">
            <word>TAKING</word>
            <lemma>take</lemma>
            <CharacterOffsetBegin>354</CharacterOffsetBegin>
            <CharacterOffsetEnd>360</CharacterOffsetEnd>
            <POS>VBG</POS>
            <NER>O</NER>
            <Speaker>PER0</Speaker>
          </token>
          <token id="19">
            <word>HIM</word>
            <lemma>he</lemma>
            <CharacterOffsetBegin>361</CharacterOffsetBegin>
            <CharacterOffsetEnd>364</CharacterOffsetEnd>
            <POS>PRP</POS>
            <NER>O</NER>
            <Speaker>PER0</Speaker>
          </token>
          <token id="20">
            <word>TO</word>
            <lemma>to</lemma>
            <CharacterOffsetBegin>365</CharacterOffsetBegin>
            <CharacterOffsetEnd>367</CharacterOffsetEnd>
            <POS>TO</POS>
            <NER>O</NER>
            <Speaker>PER0</Speaker>
          </token>
          <token id="21">
            <word>THIS</word>
            <lemma>this</lemma>
            <CharacterOffsetBegin>368</CharacterOffsetBegin>
            <CharacterOffsetEnd>372</CharacterOffsetEnd>
            <POS>DT</POS>
            <NER>O</NER>
            <Speaker>PER0</Speaker>
          </token>
          <token id="22">
            <word>CITY</word>
            <lemma>city</lemma>
            <CharacterOffsetBegin>373</CharacterOffsetBegin>
            <CharacterOffsetEnd>377</CharacterOffsetEnd>
            <POS>NN</POS>
            <NER>O</NER>
            <Speaker>PER0</Speaker>
          </token>
          <token id="23">
            <word>'S</word>
            <lemma>'s</lemma>
            <CharacterOffsetBegin>377</CharacterOffsetBegin>
            <CharacterOffsetEnd>379</CharacterOffsetEnd>
            <POS>POS</POS>
            <NER>O</NER>
            <Speaker>PER0</Speaker>
          </token>
          <token id="24">
            <word>AIRPORT</word>
            <lemma>airport</lemma>
            <CharacterOffsetBegin>380</CharacterOffsetBegin>
            <CharacterOffsetEnd>387</CharacterOffsetEnd>
            <POS>NN</POS>
            <NER>O</NER>
            <Speaker>PER0</Speaker>
          </token>
          <token id="25">
            <word>SO</word>
            <lemma>so</lemma>
            <CharacterOffsetBegin>388</CharacterOffsetBegin>
            <CharacterOffsetEnd>390</CharacterOffsetEnd>
            <POS>IN</POS>
            <NER>O</NER>
            <Speaker>PER0</Speaker>
          </token>
          <token id="26">
            <word>THAT</word>
            <lemma>that</lemma>
            <CharacterOffsetBegin>391</CharacterOffsetBegin>
            <CharacterOffsetEnd>395</CharacterOffsetEnd>
            <POS>IN</POS>
            <NER>O</NER>
            <Speaker>PER0</Speaker>
          </token>
          <token id="27">
            <word>OQUELI</word>
            <lemma>oquelus</lemma>
            <CharacterOffsetBegin>396</CharacterOffsetBegin>
            <CharacterOffsetEnd>402</CharacterOffsetEnd>
            <POS>NN</POS>
            <NER>O</NER>
            <Speaker>PER0</Speaker>
          </token>
          <token id="28">
            <word>COULD</word>
            <lemma>could</lemma>
            <CharacterOffsetBegin>403</CharacterOffsetBegin>
            <CharacterOffsetEnd>408</CharacterOffsetEnd>
            <POS>MD</POS>
            <NER>O</NER>
            <Speaker>PER0</Speaker>
          </token>
          <token id="29">
            <word>TRAVEL</word>
            <lemma>travel</lemma>
            <CharacterOffsetBegin>409</CharacterOffsetBegin>
            <CharacterOffsetEnd>415</CharacterOffsetEnd>
            <POS>VB</POS>
            <NER>O</NER>
            <Speaker>PER0</Speaker>
          </token>
          <token id="30">
            <word>TO</word>
            <lemma>to</lemma>
            <CharacterOffsetBegin>416</CharacterOffsetBegin>
            <CharacterOffsetEnd>418</CharacterOffsetEnd>
            <POS>TO</POS>
            <NER>O</NER>
            <Speaker>PER0</Speaker>
          </token>
          <token id="31">
            <word>NICARAGUA</word>
            <lemma>NICARAGUA</lemma>
            <CharacterOffsetBegin>419</CharacterOffsetBegin>
            <CharacterOffsetEnd>428</CharacterOffsetEnd>
            <POS>NNP</POS>
            <NER>LOCATION</NER>
            <Speaker>PER0</Speaker>
          </token>
          <token id="32">
            <word>.</word>
            <lemma>.</lemma>
            <CharacterOffsetBegin>428</CharacterOffsetBegin>
            <CharacterOffsetEnd>429</CharacterOffsetEnd>
            <POS>.</POS>
            <NER>O</NER>
            <Speaker>PER0</Speaker>
          </token>
        </tokens>
        <parse>(ROOT (S (NP (NP (NNP OQUELI) (POS 'S)) (NN BODY)) (VP (VBD WAS) (VP (VBN FOUND) (ADVP (IN NEXT) (PP (TO TO) (NP (NP (DT THE) (NN BODY)) (PP (IN OF) (NP (JJ GUATEMALAN) (NN POLITICIAN) (NNP GILDA) (NNP FLORES))) (, ,) (SBAR (WHNP (WP WHO)) (S (VP (VBD WAS) (VP (VBG TAKING) (NP (PRP HIM)) (PP (TO TO) (NP (NP (DT THIS) (NN CITY) (POS 'S)) (NN AIRPORT))) (SBAR (IN SO) (IN THAT) (S (NP (NN OQUELI)) (VP (MD COULD) (VP (VB TRAVEL) (PP (TO TO) (NP (NNP NICARAGUA)))))))))))))))) (. .))) </parse>
        <dependencies type="basic-dependencies">
          <dep type="root">
            <governor idx="0">ROOT</governor>
            <dependent idx="5">FOUND</dependent>
          </dep>
          <dep type="nmod:poss">
            <governor idx="3">BODY</governor>
            <dependent idx="1">OQUELI</dependent>
          </dep>
          <dep type="case">
            <governor idx="1">OQUELI</governor>
            <dependent idx="2">'S</dependent>
          </dep>
          <dep type="nsubjpass">
            <governor idx="5">FOUND</governor>
            <dependent idx="3">BODY</dependent>
          </dep>
          <dep type="auxpass">
            <governor idx="5">FOUND</governor>
            <dependent idx="4">WAS</dependent>
          </dep>
          <dep type="advmod">
            <governor idx="5">FOUND</governor>
            <dependent idx="6">NEXT</dependent>
          </dep>
          <dep type="case">
            <governor idx="9">BODY</governor>
            <dependent idx="7">TO</dependent>
          </dep>
          <dep type="det">
            <governor idx="9">BODY</governor>
            <dependent idx="8">THE</dependent>
          </dep>
          <dep type="nmod">
            <governor idx="6">NEXT</governor>
            <dependent idx="9">BODY</dependent>
          </dep>
          <dep type="case">
            <governor idx="14">FLORES</governor>
            <dependent idx="10">OF</dependent>
          </dep>
          <dep type="amod">
            <governor idx="14">FLORES</governor>
            <dependent idx="11">GUATEMALAN</dependent>
          </dep>
          <dep type="compound">
            <governor idx="14">FLORES</governor>
            <dependent idx="12">POLITICIAN</dependent>
          </dep>
          <dep type="compound">
            <governor idx="14">FLORES</governor>
            <dependent idx="13">GILDA</dependent>
          </dep>
          <dep type="nmod">
            <governor idx="9">BODY</governor>
            <dependent idx="14">FLORES</dependent>
          </dep>
          <dep type="nsubj">
            <governor idx="18">TAKING</governor>
            <dependent idx="16">WHO</dependent>
          </dep>
          <dep type="aux">
            <governor idx="18">TAKING</governor>
            <dependent idx="17">WAS</dependent>
          </dep>
          <dep type="acl:relcl">
            <governor idx="9">BODY</governor>
            <dependent idx="18">TAKING</dependent>
          </dep>
          <dep type="dobj">
            <governor idx="18">TAKING</governor>
            <dependent idx="19">HIM</dependent>
          </dep>
          <dep type="case">
            <governor idx="24">AIRPORT</governor>
            <dependent idx="20">TO</dependent>
          </dep>
          <dep type="det">
            <governor idx="22">CITY</governor>
            <dependent idx="21">THIS</dependent>
          </dep>
          <dep type="nmod:poss">
            <governor idx="24">AIRPORT</governor>
            <dependent idx="22">CITY</dependent>
          </dep>
          <dep type="case">
            <governor idx="22">CITY</governor>
            <dependent idx="23">'S</dependent>
          </dep>
          <dep type="nmod">
            <governor idx="18">TAKING</governor>
            <dependent idx="24">AIRPORT</dependent>
          </dep>
          <dep type="mark">
            <governor idx="29">TRAVEL</governor>
            <dependent idx="25">SO</dependent>
          </dep>
          <dep type="mwe">
            <governor idx="25">SO</governor>
            <dependent idx="26">THAT</dependent>
          </dep>
          <dep type="nsubj">
            <governor idx="29">TRAVEL</governor>
            <dependent idx="27">OQUELI</dependent>
          </dep>
          <dep type="aux">
            <governor idx="29">TRAVEL</governor>
            <dependent idx="28">COULD</dependent>
          </dep>
          <dep type="advcl">
            <governor idx="18">TAKING</governor>
            <dependent idx="29">TRAVEL</dependent>
          </dep>
          <dep type="case">
            <governor idx="31">NICARAGUA</governor>
            <dependent idx="30">TO</dependent>
          </dep>
          <dep type="nmod">
            <governor idx="29">TRAVEL</governor>
            <dependent idx="31">NICARAGUA</dependent>
          </dep>
        </dependencies>
        <dependencies type="collapsed-dependencies">
          <dep type="root">
            <governor idx="0">ROOT</governor>
            <dependent idx="5">FOUND</dependent>
          </dep>
          <dep type="nmod:poss">
            <governor idx="3">BODY</governor>
            <dependent idx="1">OQUELI</dependent>
          </dep>
          <dep type="case">
            <governor idx="1">OQUELI</governor>
            <dependent idx="2">'S</dependent>
          </dep>
          <dep type="nsubjpass">
            <governor idx="5">FOUND</governor>
            <dependent idx="3">BODY</dependent>
          </dep>
          <dep type="auxpass">
            <governor idx="5">FOUND</governor>
            <dependent idx="4">WAS</dependent>
          </dep>
          <dep type="advmod">
            <governor idx="5">FOUND</governor>
            <dependent idx="6">NEXT</dependent>
          </dep>
          <dep type="case">
            <governor idx="9">BODY</governor>
            <dependent idx="7">TO</dependent>
          </dep>
          <dep type="det">
            <governor idx="9">BODY</governor>
            <dependent idx="8">THE</dependent>
          </dep>
          <dep type="nmod:to">
            <governor idx="6">NEXT</governor>
            <dependent idx="9">BODY</dependent>
          </dep>
          <dep type="case">
            <governor idx="14">FLORES</governor>
            <dependent idx="10">OF</dependent>
          </dep>
          <dep type="amod">
            <governor idx="14">FLORES</governor>
            <dependent idx="11">GUATEMALAN</dependent>
          </dep>
          <dep type="compound">
            <governor idx="14">FLORES</governor>
            <dependent idx="12">POLITICIAN</dependent>
          </dep>
          <dep type="compound">
            <governor idx="14">FLORES</governor>
            <dependent idx="13">GILDA</dependent>
          </dep>
          <dep type="nmod:of">
            <governor idx="9">BODY</governor>
            <dependent idx="14">FLORES</dependent>
          </dep>
          <dep type="nsubj">
            <governor idx="18">TAKING</governor>
            <dependent idx="16">WHO</dependent>
          </dep>
          <dep type="aux">
            <governor idx="18">TAKING</governor>
            <dependent idx="17">WAS</dependent>
          </dep>
          <dep type="acl:relcl">
            <governor idx="9">BODY</governor>
            <dependent idx="18">TAKING</dependent>
          </dep>
          <dep type="dobj">
            <governor idx="18">TAKING</governor>
            <dependent idx="19">HIM</dependent>
          </dep>
          <dep type="case">
            <governor idx="24">AIRPORT</governor>
            <dependent idx="20">TO</dependent>
          </dep>
          <dep type="det">
            <governor idx="22">CITY</governor>
            <dependent idx="21">THIS</dependent>
          </dep>
          <dep type="nmod:poss">
            <governor idx="24">AIRPORT</governor>
            <dependent idx="22">CITY</dependent>
          </dep>
          <dep type="case">
            <governor idx="22">CITY</governor>
            <dependent idx="23">'S</dependent>
          </dep>
          <dep type="nmod:to">
            <governor idx="18">TAKING</governor>
            <dependent idx="24">AIRPORT</dependent>
          </dep>
          <dep type="mark">
            <governor idx="29">TRAVEL</governor>
            <dependent idx="25">SO</dependent>
          </dep>
          <dep type="mwe">
            <governor idx="25">SO</governor>
            <dependent idx="26">THAT</dependent>
          </dep>
          <dep type="nsubj">
            <governor idx="29">TRAVEL</governor>
            <dependent idx="27">OQUELI</dependent>
          </dep>
          <dep type="aux">
            <governor idx="29">TRAVEL</governor>
            <dependent idx="28">COULD</dependent>
          </dep>
          <dep type="advcl">
            <governor idx="18">TAKING</governor>
            <dependent idx="29">TRAVEL</dependent>
          </dep>
          <dep type="case">
            <governor idx="31">NICARAGUA</governor>
            <dependent idx="30">TO</dependent>
          </dep>
          <dep type="nmod:to">
            <governor idx="29">TRAVEL</governor>
            <dependent idx="31">NICARAGUA</dependent>
          </dep>
        </dependencies>
        <dependencies type="collapsed-ccprocessed-dependencies">
          <dep type="root">
            <governor idx="0">ROOT</governor>
            <dependent idx="5">FOUND</dependent>
          </dep>
          <dep type="nmod:poss">
            <governor idx="3">BODY</governor>
            <dependent idx="1">OQUELI</dependent>
          </dep>
          <dep type="case">
            <governor idx="1">OQUELI</governor>
            <dependent idx="2">'S</dependent>
          </dep>
          <dep type="nsubjpass">
            <governor idx="5">FOUND</governor>
            <dependent idx="3">BODY</dependent>
          </dep>
          <dep type="auxpass">
            <governor idx="5">FOUND</governor>
            <dependent idx="4">WAS</dependent>
          </dep>
          <dep type="advmod">
            <governor idx="5">FOUND</governor>
            <dependent idx="6">NEXT</dependent>
          </dep>
          <dep type="case">
            <governor idx="9">BODY</governor>
            <dependent idx="7">TO</dependent>
          </dep>
          <dep type="det">
            <governor idx="9">BODY</governor>
            <dependent idx="8">THE</dependent>
          </dep>
          <dep type="nmod:to">
            <governor idx="6">NEXT</governor>
            <dependent idx="9">BODY</dependent>
          </dep>
          <dep type="case">
            <governor idx="14">FLORES</governor>
            <dependent idx="10">OF</dependent>
          </dep>
          <dep type="amod">
            <governor idx="14">FLORES</governor>
            <dependent idx="11">GUATEMALAN</dependent>
          </dep>
          <dep type="compound">
            <governor idx="14">FLORES</governor>
            <dependent idx="12">POLITICIAN</dependent>
          </dep>
          <dep type="compound">
            <governor idx="14">FLORES</governor>
            <dependent idx="13">GILDA</dependent>
          </dep>
          <dep type="nmod:of">
            <governor idx="9">BODY</governor>
            <dependent idx="14">FLORES</dependent>
          </dep>
          <dep type="nsubj">
            <governor idx="18">TAKING</governor>
            <dependent idx="16">WHO</dependent>
          </dep>
          <dep type="aux">
            <governor idx="18">TAKING</governor>
            <dependent idx="17">WAS</dependent>
          </dep>
          <dep type="acl:relcl">
            <governor idx="9">BODY</governor>
            <dependent idx="18">TAKING</dependent>
          </dep>
          <dep type="dobj">
            <governor idx="18">TAKING</governor>
            <dependent idx="19">HIM</dependent>
          </dep>
          <dep type="case">
            <governor idx="24">AIRPORT</governor>
            <dependent idx="20">TO</dependent>
          </dep>
          <dep type="det">
            <governor idx="22">CITY</governor>
            <dependent idx="21">THIS</dependent>
          </dep>
          <dep type="nmod:poss">
            <governor idx="24">AIRPORT</governor>
            <dependent idx="22">CITY</dependent>
          </dep>
          <dep type="case">
            <governor idx="22">CITY</governor>
            <dependent idx="23">'S</dependent>
          </dep>
          <dep type="nmod:to">
            <governor idx="18">TAKING</governor>
            <dependent idx="24">AIRPORT</dependent>
          </dep>
          <dep type="mark">
            <governor idx="29">TRAVEL</governor>
            <dependent idx="25">SO</dependent>
          </dep>
          <dep type="mwe">
            <governor idx="25">SO</governor>
            <dependent idx="26">THAT</dependent>
          </dep>
          <dep type="nsubj">
            <governor idx="29">TRAVEL</governor>
            <dependent idx="27">OQUELI</dependent>
          </dep>
          <dep type="aux">
            <governor idx="29">TRAVEL</governor>
            <dependent idx="28">COULD</dependent>
          </dep>
          <dep type="advcl">
            <governor idx="18">TAKING</governor>
            <dependent idx="29">TRAVEL</dependent>
          </dep>
          <dep type="case">
            <governor idx="31">NICARAGUA</governor>
            <dependent idx="30">TO</dependent>
          </dep>
          <dep type="nmod:to">
            <governor idx="29">TRAVEL</governor>
            <dependent idx="31">NICARAGUA</dependent>
          </dep>
        </dependencies>
      </sentence>
      <sentence id="3">
        <tokens>
          <token id="1">
            <word>SOLORZANO</word>
            <lemma>SOLORZANO</lemma>
            <CharacterOffsetBegin>434</CharacterOffsetBegin>
            <CharacterOffsetEnd>443</CharacterOffsetEnd>
            <POS>NNP</POS>
            <NER>PERSON</NER>
            <Speaker>PER0</Speaker>
          </token>
          <token id="2">
            <word>MARTINEZ</word>
            <lemma>MARTINEZ</lemma>
            <CharacterOffsetBegin>444</CharacterOffsetBegin>
            <CharacterOffsetEnd>452</CharacterOffsetEnd>
            <POS>NNP</POS>
            <NER>PERSON</NER>
            <Speaker>PER0</Speaker>
          </token>
          <token id="3">
            <word>TOLD</word>
            <lemma>tell</lemma>
            <CharacterOffsetBegin>453</CharacterOffsetBegin>
            <CharacterOffsetEnd>457</CharacterOffsetEnd>
            <POS>VBD</POS>
            <NER>O</NER>
            <Speaker>PER0</Speaker>
          </token>
          <token id="4">
            <word>NOTIMEX</word>
            <lemma>NOTIMEX</lemma>
            <CharacterOffsetBegin>458</CharacterOffsetBegin>
            <CharacterOffsetEnd>465</CharacterOffsetEnd>
            <POS>NNP</POS>
            <NER>ORGANIZATION</NER>
            <Speaker>PER0</Speaker>
          </token>
          <token id="5">
            <word>THAT</word>
            <lemma>that</lemma>
            <CharacterOffsetBegin>466</CharacterOffsetBegin>
            <CharacterOffsetEnd>470</CharacterOffsetEnd>
            <POS>IN</POS>
            <NER>O</NER>
            <Speaker>PER0</Speaker>
          </token>
          <token id="6">
            <word>,</word>
            <lemma>,</lemma>
            <CharacterOffsetBegin>471</CharacterOffsetBegin>
            <CharacterOffsetEnd>472</CharacterOffsetEnd>
            <POS>,</POS>
            <NER>O</NER>
            <Speaker>PER0</Speaker>
          </token>
          <token id="7">
            <word>BECAUSE</word>
            <lemma>because</lemma>
            <CharacterOffsetBegin>473</CharacterOffsetBegin>
            <CharacterOffsetEnd>480</CharacterOffsetEnd>
            <POS>IN</POS>
            <NER>O</NER>
            <Speaker>PER0</Speaker>
          </token>
          <token id="8">
            <word>OF</word>
            <lemma>of</lemma>
            <CharacterOffsetBegin>481</CharacterOffsetBegin>
            <CharacterOffsetEnd>483</CharacterOffsetEnd>
            <POS>IN</POS>
            <NER>O</NER>
            <Speaker>PER0</Speaker>
          </token>
          <token id="9">
            <word>THE</word>
            <lemma>the</lemma>
            <CharacterOffsetBegin>484</CharacterOffsetBegin>
            <CharacterOffsetEnd>487</CharacterOffsetEnd>
            <POS>DT</POS>
            <NER>O</NER>
            <Speaker>PER0</Speaker>
          </token>
          <token id="10">
            <word>SHORT</word>
            <lemma>short</lemma>
            <CharacterOffsetBegin>488</CharacterOffsetBegin>
            <CharacterOffsetEnd>493</CharacterOffsetEnd>
            <POS>JJ</POS>
            <NER>O</NER>
            <Speaker>PER0</Speaker>
          </token>
          <token id="11">
            <word>PERIOD</word>
            <lemma>period</lemma>
            <CharacterOffsetBegin>494</CharacterOffsetBegin>
            <CharacterOffsetEnd>500</CharacterOffsetEnd>
            <POS>NN</POS>
            <NER>O</NER>
            <Speaker>PER0</Speaker>
          </token>
          <token id="12">
            <word>OF</word>
            <lemma>of</lemma>
            <CharacterOffsetBegin>501</CharacterOffsetBegin>
            <CharacterOffsetEnd>503</CharacterOffsetEnd>
            <POS>IN</POS>
            <NER>O</NER>
            <Speaker>PER0</Speaker>
          </token>
          <token id="13">
            <word>TIME</word>
            <lemma>time</lemma>
            <CharacterOffsetBegin>504</CharacterOffsetBegin>
            <CharacterOffsetEnd>508</CharacterOffsetEnd>
            <POS>NN</POS>
            <NER>O</NER>
            <Speaker>PER0</Speaker>
          </token>
          <token id="14">
            <word>OQUELI</word>
            <lemma>oquelus</lemma>
            <CharacterOffsetBegin>509</CharacterOffsetBegin>
            <CharacterOffsetEnd>515</CharacterOffsetEnd>
            <POS>NN</POS>
            <NER>O</NER>
            <Speaker>PER0</Speaker>
          </token>
          <token id="15">
            <word>WAS</word>
            <lemma>be</lemma>
            <CharacterOffsetBegin>516</CharacterOffsetBegin>
            <CharacterOffsetEnd>519</CharacterOffsetEnd>
            <POS>VBD</POS>
            <NER>O</NER>
            <Speaker>PER0</Speaker>
          </token>
          <token id="16">
            <word>IN</word>
            <lemma>in</lemma>
            <CharacterOffsetBegin>520</CharacterOffsetBegin>
            <CharacterOffsetEnd>522</CharacterOffsetEnd>
            <POS>IN</POS>
            <NER>O</NER>
            <Speaker>PER0</Speaker>
          </token>
          <token id="17">
            <word>GUATEMALA</word>
            <lemma>GUATEMALA</lemma>
            <CharacterOffsetBegin>523</CharacterOffsetBegin>
            <CharacterOffsetEnd>532</CharacterOffsetEnd>
            <POS>NNP</POS>
            <NER>LOCATION</NER>
            <Speaker>PER0</Speaker>
          </token>
          <token id="18">
            <word>--</word>
            <lemma>--</lemma>
            <CharacterOffsetBegin>532</CharacterOffsetBegin>
            <CharacterOffsetEnd>534</CharacterOffsetEnd>
            <POS>:</POS>
            <NER>O</NER>
            <Speaker>PER0</Speaker>
          </token>
          <token id="19">
            <word>LESS</word>
            <lemma>less</lemma>
            <CharacterOffsetBegin>534</CharacterOffsetBegin>
            <CharacterOffsetEnd>538</CharacterOffsetEnd>
            <POS>JJR</POS>
            <NER>DURATION</NER>
            <NormalizedNER>PT24H</NormalizedNER>
            <Speaker>PER0</Speaker>
            <Timex tid="t3" type="DURATION">PT24H</Timex>
          </token>
          <token id="20">
            <word>THAN</word>
            <lemma>than</lemma>
            <CharacterOffsetBegin>539</CharacterOffsetBegin>
            <CharacterOffsetEnd>543</CharacterOffsetEnd>
            <POS>IN</POS>
            <NER>DURATION</NER>
            <NormalizedNER>PT24H</NormalizedNER>
            <Speaker>PER0</Speaker>
            <Timex tid="t3" type="DURATION">PT24H</Timex>
          </token>
          <token id="21">
            <word>24</word>
            <lemma>24</lemma>
            <CharacterOffsetBegin>544</CharacterOffsetBegin>
            <CharacterOffsetEnd>546</CharacterOffsetEnd>
            <POS>CD</POS>
            <NER>DURATION</NER>
            <NormalizedNER>PT24H</NormalizedNER>
            <Speaker>PER0</Speaker>
            <Timex tid="t3" type="DURATION">PT24H</Timex>
          </token>
          <token id="22">
            <word>HOURS</word>
            <lemma>hour</lemma>
            <CharacterOffsetBegin>547</CharacterOffsetBegin>
            <CharacterOffsetEnd>552</CharacterOffsetEnd>
            <POS>NNS</POS>
            <NER>DURATION</NER>
            <NormalizedNER>PT24H</NormalizedNER>
            <Speaker>PER0</Speaker>
            <Timex tid="t3" type="DURATION">PT24H</Timex>
          </token>
          <token id="23">
            <word>--</word>
            <lemma>--</lemma>
            <CharacterOffsetBegin>552</CharacterOffsetBegin>
            <CharacterOffsetEnd>554</CharacterOffsetEnd>
            <POS>:</POS>
            <NER>O</NER>
            <Speaker>PER0</Speaker>
          </token>
          <token id="24">
            <word>THE</word>
            <lemma>the</lemma>
            <CharacterOffsetBegin>554</CharacterOffsetBegin>
            <CharacterOffsetEnd>557</CharacterOffsetEnd>
            <POS>DT</POS>
            <NER>O</NER>
            <Speaker>PER0</Speaker>
          </token>
          <token id="25">
            <word>ONLY</word>
            <lemma>only</lemma>
            <CharacterOffsetBegin>558</CharacterOffsetBegin>
            <CharacterOffsetEnd>562</CharacterOffsetEnd>
            <POS>JJ</POS>
            <NER>O</NER>
            <Speaker>PER0</Speaker>
          </token>
          <token id="26">
            <word>EXPLANATION</word>
            <lemma>explanation</lemma>
            <CharacterOffsetBegin>563</CharacterOffsetBegin>
            <CharacterOffsetEnd>574</CharacterOffsetEnd>
            <POS>NN</POS>
            <NER>O</NER>
            <Speaker>PER0</Speaker>
          </token>
          <token id="27">
            <word>IS</word>
            <lemma>be</lemma>
            <CharacterOffsetBegin>575</CharacterOffsetBegin>
            <CharacterOffsetEnd>577</CharacterOffsetEnd>
            <POS>VBZ</POS>
            <NER>O</NER>
            <Speaker>PER0</Speaker>
          </token>
          <token id="28">
            <word>THAT</word>
            <lemma>that</lemma>
            <CharacterOffsetBegin>578</CharacterOffsetBegin>
            <CharacterOffsetEnd>582</CharacterOffsetEnd>
            <POS>IN</POS>
            <NER>O</NER>
            <Speaker>PER0</Speaker>
          </token>
          <token id="29">
            <word>THERE</word>
            <lemma>there</lemma>
            <CharacterOffsetBegin>583</CharacterOffsetBegin>
            <CharacterOffsetEnd>588</CharacterOffsetEnd>
            <POS>EX</POS>
            <NER>O</NER>
            <Speaker>PER0</Speaker>
          </token>
          <token id="30">
            <word>ARE</word>
            <lemma>be</lemma>
            <CharacterOffsetBegin>589</CharacterOffsetBegin>
            <CharacterOffsetEnd>592</CharacterOffsetEnd>
            <POS>VBP</POS>
            <NER>O</NER>
            <Speaker>PER0</Speaker>
          </token>
          <token id="31">
            <word>GROUPS</word>
            <lemma>group</lemma>
            <CharacterOffsetBegin>593</CharacterOffsetBegin>
            <CharacterOffsetEnd>599</CharacterOffsetEnd>
            <POS>NNS</POS>
            <NER>O</NER>
            <Speaker>PER0</Speaker>
          </token>
          <token id="32">
            <word>LINKED</word>
            <lemma>link</lemma>
            <CharacterOffsetBegin>600</CharacterOffsetBegin>
            <CharacterOffsetEnd>606</CharacterOffsetEnd>
            <POS>VBN</POS>
            <NER>O</NER>
            <Speaker>PER0</Speaker>
          </token>
          <token id="33">
            <word>TO</word>
            <lemma>to</lemma>
            <CharacterOffsetBegin>607</CharacterOffsetBegin>
            <CharacterOffsetEnd>609</CharacterOffsetEnd>
            <POS>TO</POS>
            <NER>O</NER>
            <Speaker>PER0</Speaker>
          </token>
          <token id="34">
            <word>THE</word>
            <lemma>the</lemma>
            <CharacterOffsetBegin>610</CharacterOffsetBegin>
            <CharacterOffsetEnd>613</CharacterOffsetEnd>
            <POS>DT</POS>
            <NER>O</NER>
            <Speaker>PER0</Speaker>
          </token>
          <token id="35">
            <word>SALVADORAN</word>
            <lemma>salvadoran</lemma>
            <CharacterOffsetBegin>614</CharacterOffsetBegin>
            <CharacterOffsetEnd>624</CharacterOffsetEnd>
            <POS>JJ</POS>
            <NER>MISC</NER>
            <Speaker>PER0</Speaker>
          </token>
          <token id="36">
            <word>PARAMILITARY</word>
            <lemma>paramilitary</lemma>
            <CharacterOffsetBegin>625</CharacterOffsetBegin>
            <CharacterOffsetEnd>637</CharacterOffsetEnd>
            <POS>JJ</POS>
            <NER>O</NER>
            <Speaker>PER0</Speaker>
          </token>
          <token id="37">
            <word>SQUADRONS</word>
            <lemma>squadron</lemma>
            <CharacterOffsetBegin>638</CharacterOffsetBegin>
            <CharacterOffsetEnd>647</CharacterOffsetEnd>
            <POS>NNS</POS>
            <NER>O</NER>
            <Speaker>PER0</Speaker>
          </token>
          <token id="38">
            <word>IN</word>
            <lemma>in</lemma>
            <CharacterOffsetBegin>648</CharacterOffsetBegin>
            <CharacterOffsetEnd>650</CharacterOffsetEnd>
            <POS>IN</POS>
            <NER>O</NER>
            <Speaker>PER0</Speaker>
          </token>
          <token id="39">
            <word>THE</word>
            <lemma>the</lemma>
            <CharacterOffsetBegin>651</CharacterOffsetBegin>
            <CharacterOffsetEnd>654</CharacterOffsetEnd>
            <POS>DT</POS>
            <NER>O</NER>
            <Speaker>PER0</Speaker>
          </token>
          <token id="40">
            <word>COUNTRY</word>
            <lemma>country</lemma>
            <CharacterOffsetBegin>655</CharacterOffsetBegin>
            <CharacterOffsetEnd>662</CharacterOffsetEnd>
            <POS>NN</POS>
            <NER>O</NER>
            <Speaker>PER0</Speaker>
          </token>
          <token id="41">
            <word>.</word>
            <lemma>.</lemma>
            <CharacterOffsetBegin>662</CharacterOffsetBegin>
            <CharacterOffsetEnd>663</CharacterOffsetEnd>
            <POS>.</POS>
            <NER>O</NER>
            <Speaker>PER0</Speaker>
          </token>
        </tokens>
        <parse>(ROOT (S (NP (NNP SOLORZANO) (NNP MARTINEZ)) (VP (VBD TOLD) (NP (NNP NOTIMEX)) (SBAR (IN THAT) (, ,) (S (SBAR (IN BECAUSE) (S (PP (IN OF) (NP (NP (DT THE) (JJ SHORT) (NN PERIOD)) (PP (IN OF) (NP (NN TIME) (NN OQUELI))))) (VP (VBD WAS) (PP (IN IN) (NP (NP (NNP GUATEMALA)) (PRN (: --) (NP (QP (JJR LESS) (IN THAN) (CD 24)) (NNS HOURS)) (: --))))))) (NP (DT THE) (JJ ONLY) (NN EXPLANATION)) (VP (VBZ IS) (SBAR (IN THAT) (S (NP (EX THERE)) (VP (VBP ARE) (NP (NP (NNS GROUPS)) (VP (VBN LINKED) (PP (TO TO) (NP (DT THE) (JJ SALVADORAN) (JJ PARAMILITARY) (NNS SQUADRONS))) (PP (IN IN) (NP (DT THE) (NN COUNTRY)))))))))))) (. .))) </parse>
        <dependencies type="basic-dependencies">
          <dep type="root">
            <governor idx="0">ROOT</governor>
            <dependent idx="3">TOLD</dependent>
          </dep>
          <dep type="compound">
            <governor idx="2">MARTINEZ</governor>
            <dependent idx="1">SOLORZANO</dependent>
          </dep>
          <dep type="nsubj">
            <governor idx="3">TOLD</governor>
            <dependent idx="2">MARTINEZ</dependent>
          </dep>
          <dep type="dobj">
            <governor idx="3">TOLD</governor>
            <dependent idx="4">NOTIMEX</dependent>
          </dep>
          <dep type="mark">
            <governor idx="27">IS</governor>
            <dependent idx="5">THAT</dependent>
          </dep>
          <dep type="mark">
            <governor idx="17">GUATEMALA</governor>
            <dependent idx="7">BECAUSE</dependent>
          </dep>
          <dep type="case">
            <governor idx="11">PERIOD</governor>
            <dependent idx="8">OF</dependent>
          </dep>
          <dep type="det">
            <governor idx="11">PERIOD</governor>
            <dependent idx="9">THE</dependent>
          </dep>
          <dep type="amod">
            <governor idx="11">PERIOD</governor>
            <dependent idx="10">SHORT</dependent>
          </dep>
          <dep type="nmod">
            <governor idx="17">GUATEMALA</governor>
            <dependent idx="11">PERIOD</dependent>
          </dep>
          <dep type="case">
            <governor idx="14">OQUELI</governor>
            <dependent idx="12">OF</dependent>
          </dep>
          <dep type="compound">
            <governor idx="14">OQUELI</governor>
            <dependent idx="13">TIME</dependent>
          </dep>
          <dep type="nmod">
            <governor idx="11">PERIOD</governor>
            <dependent idx="14">OQUELI</dependent>
          </dep>
          <dep type="cop">
            <governor idx="17">GUATEMALA</governor>
            <dependent idx="15">WAS</dependent>
          </dep>
          <dep type="case">
            <governor idx="17">GUATEMALA</governor>
            <dependent idx="16">IN</dependent>
          </dep>
          <dep type="advcl">
            <governor idx="27">IS</governor>
            <dependent idx="17">GUATEMALA</dependent>
          </dep>
          <dep type="advmod">
            <governor idx="21">24</governor>
            <dependent idx="19">LESS</dependent>
          </dep>
          <dep type="mwe">
            <governor idx="19">LESS</governor>
            <dependent idx="20">THAN</dependent>
          </dep>
          <dep type="nummod">
            <governor idx="22">HOURS</governor>
            <dependent idx="21">24</dependent>
          </dep>
          <dep type="dep">
            <governor idx="17">GUATEMALA</governor>
            <dependent idx="22">HOURS</dependent>
          </dep>
          <dep type="det">
            <governor idx="26">EXPLANATION</governor>
            <dependent idx="24">THE</dependent>
          </dep>
          <dep type="amod">
            <governor idx="26">EXPLANATION</governor>
            <dependent idx="25">ONLY</dependent>
          </dep>
          <dep type="nsubj">
            <governor idx="27">IS</governor>
            <dependent idx="26">EXPLANATION</dependent>
          </dep>
          <dep type="ccomp">
            <governor idx="3">TOLD</governor>
            <dependent idx="27">IS</dependent>
          </dep>
          <dep type="mark">
            <governor idx="30">ARE</governor>
            <dependent idx="28">THAT</dependent>
          </dep>
          <dep type="expl">
            <governor idx="30">ARE</governor>
            <dependent idx="29">THERE</dependent>
          </dep>
          <dep type="ccomp">
            <governor idx="27">IS</governor>
            <dependent idx="30">ARE</dependent>
          </dep>
          <dep type="nsubj">
            <governor idx="30">ARE</governor>
            <dependent idx="31">GROUPS</dependent>
          </dep>
          <dep type="acl">
            <governor idx="31">GROUPS</governor>
            <dependent idx="32">LINKED</dependent>
          </dep>
          <dep type="case">
            <governor idx="37">SQUADRONS</governor>
            <dependent idx="33">TO</dependent>
          </dep>
          <dep type="det">
            <governor idx="37">SQUADRONS</governor>
            <dependent idx="34">THE</dependent>
          </dep>
          <dep type="amod">
            <governor idx="37">SQUADRONS</governor>
            <dependent idx="35">SALVADORAN</dependent>
          </dep>
          <dep type="amod">
            <governor idx="37">SQUADRONS</governor>
            <dependent idx="36">PARAMILITARY</dependent>
          </dep>
          <dep type="nmod">
            <governor idx="32">LINKED</governor>
            <dependent idx="37">SQUADRONS</dependent>
          </dep>
          <dep type="case">
            <governor idx="40">COUNTRY</governor>
            <dependent idx="38">IN</dependent>
          </dep>
          <dep type="det">
            <governor idx="40">COUNTRY</governor>
            <dependent idx="39">THE</dependent>
          </dep>
          <dep type="nmod">
            <governor idx="32">LINKED</governor>
            <dependent idx="40">COUNTRY</dependent>
          </dep>
        </dependencies>
        <dependencies type="collapsed-dependencies">
          <dep type="root">
            <governor idx="0">ROOT</governor>
            <dependent idx="3">TOLD</dependent>
          </dep>
          <dep type="compound">
            <governor idx="2">MARTINEZ</governor>
            <dependent idx="1">SOLORZANO</dependent>
          </dep>
          <dep type="nsubj">
            <governor idx="3">TOLD</governor>
            <dependent idx="2">MARTINEZ</dependent>
          </dep>
          <dep type="dobj">
            <governor idx="3">TOLD</governor>
            <dependent idx="4">NOTIMEX</dependent>
          </dep>
          <dep type="mark">
            <governor idx="27">IS</governor>
            <dependent idx="5">THAT</dependent>
          </dep>
          <dep type="case">
            <governor idx="11">PERIOD</governor>
            <dependent idx="7">BECAUSE</dependent>
          </dep>
          <dep type="mwe">
            <governor idx="7">BECAUSE</governor>
            <dependent idx="8">OF</dependent>
          </dep>
          <dep type="det">
            <governor idx="11">PERIOD</governor>
            <dependent idx="9">THE</dependent>
          </dep>
          <dep type="amod">
            <governor idx="11">PERIOD</governor>
            <dependent idx="10">SHORT</dependent>
          </dep>
          <dep type="nmod:because_of">
            <governor idx="17">GUATEMALA</governor>
            <dependent idx="11">PERIOD</dependent>
          </dep>
          <dep type="case">
            <governor idx="14">OQUELI</governor>
            <dependent idx="12">OF</dependent>
          </dep>
          <dep type="compound">
            <governor idx="14">OQUELI</governor>
            <dependent idx="13">TIME</dependent>
          </dep>
          <dep type="nmod:of">
            <governor idx="11">PERIOD</governor>
            <dependent idx="14">OQUELI</dependent>
          </dep>
          <dep type="cop">
            <governor idx="17">GUATEMALA</governor>
            <dependent idx="15">WAS</dependent>
          </dep>
          <dep type="case">
            <governor idx="17">GUATEMALA</governor>
            <dependent idx="16">IN</dependent>
          </dep>
          <dep type="advcl:in">
            <governor idx="27">IS</governor>
            <dependent idx="17">GUATEMALA</dependent>
          </dep>
          <dep type="advmod">
            <governor idx="21">24</governor>
            <dependent idx="19">LESS</dependent>
          </dep>
          <dep type="mwe">
            <governor idx="19">LESS</governor>
            <dependent idx="20">THAN</dependent>
          </dep>
          <dep type="nummod">
            <governor idx="22">HOURS</governor>
            <dependent idx="21">24</dependent>
          </dep>
          <dep type="dep">
            <governor idx="17">GUATEMALA</governor>
            <dependent idx="22">HOURS</dependent>
          </dep>
          <dep type="det">
            <governor idx="26">EXPLANATION</governor>
            <dependent idx="24">THE</dependent>
          </dep>
          <dep type="amod">
            <governor idx="26">EXPLANATION</governor>
            <dependent idx="25">ONLY</dependent>
          </dep>
          <dep type="nsubj">
            <governor idx="27">IS</governor>
            <dependent idx="26">EXPLANATION</dependent>
          </dep>
          <dep type="ccomp">
            <governor idx="3">TOLD</governor>
            <dependent idx="27">IS</dependent>
          </dep>
          <dep type="mark">
            <governor idx="30">ARE</governor>
            <dependent idx="28">THAT</dependent>
          </dep>
          <dep type="expl">
            <governor idx="30">ARE</governor>
            <dependent idx="29">THERE</dependent>
          </dep>
          <dep type="ccomp">
            <governor idx="27">IS</governor>
            <dependent idx="30">ARE</dependent>
          </dep>
          <dep type="nsubj">
            <governor idx="30">ARE</governor>
            <dependent idx="31">GROUPS</dependent>
          </dep>
          <dep type="acl">
            <governor idx="31">GROUPS</governor>
            <dependent idx="32">LINKED</dependent>
          </dep>
          <dep type="case">
            <governor idx="37">SQUADRONS</governor>
            <dependent idx="33">TO</dependent>
          </dep>
          <dep type="det">
            <governor idx="37">SQUADRONS</governor>
            <dependent idx="34">THE</dependent>
          </dep>
          <dep type="amod">
            <governor idx="37">SQUADRONS</governor>
            <dependent idx="35">SALVADORAN</dependent>
          </dep>
          <dep type="amod">
            <governor idx="37">SQUADRONS</governor>
            <dependent idx="36">PARAMILITARY</dependent>
          </dep>
          <dep type="nmod:to">
            <governor idx="32">LINKED</governor>
            <dependent idx="37">SQUADRONS</dependent>
          </dep>
          <dep type="case">
            <governor idx="40">COUNTRY</governor>
            <dependent idx="38">IN</dependent>
          </dep>
          <dep type="det">
            <governor idx="40">COUNTRY</governor>
            <dependent idx="39">THE</dependent>
          </dep>
          <dep type="nmod:in">
            <governor idx="32">LINKED</governor>
            <dependent idx="40">COUNTRY</dependent>
          </dep>
        </dependencies>
        <dependencies type="collapsed-ccprocessed-dependencies">
          <dep type="root">
            <governor idx="0">ROOT</governor>
            <dependent idx="3">TOLD</dependent>
          </dep>
          <dep type="compound">
            <governor idx="2">MARTINEZ</governor>
            <dependent idx="1">SOLORZANO</dependent>
          </dep>
          <dep type="nsubj">
            <governor idx="3">TOLD</governor>
            <dependent idx="2">MARTINEZ</dependent>
          </dep>
          <dep type="dobj">
            <governor idx="3">TOLD</governor>
            <dependent idx="4">NOTIMEX</dependent>
          </dep>
          <dep type="mark">
            <governor idx="27">IS</governor>
            <dependent idx="5">THAT</dependent>
          </dep>
          <dep type="case">
            <governor idx="11">PERIOD</governor>
            <dependent idx="7">BECAUSE</dependent>
          </dep>
          <dep type="mwe">
            <governor idx="7">BECAUSE</governor>
            <dependent idx="8">OF</dependent>
          </dep>
          <dep type="det">
            <governor idx="11">PERIOD</governor>
            <dependent idx="9">THE</dependent>
          </dep>
          <dep type="amod">
            <governor idx="11">PERIOD</governor>
            <dependent idx="10">SHORT</dependent>
          </dep>
          <dep type="nmod:because_of">
            <governor idx="17">GUATEMALA</governor>
            <dependent idx="11">PERIOD</dependent>
          </dep>
          <dep type="case">
            <governor idx="14">OQUELI</governor>
            <dependent idx="12">OF</dependent>
          </dep>
          <dep type="compound">
            <governor idx="14">OQUELI</governor>
            <dependent idx="13">TIME</dependent>
          </dep>
          <dep type="nmod:of">
            <governor idx="11">PERIOD</governor>
            <dependent idx="14">OQUELI</dependent>
          </dep>
          <dep type="cop">
            <governor idx="17">GUATEMALA</governor>
            <dependent idx="15">WAS</dependent>
          </dep>
          <dep type="case">
            <governor idx="17">GUATEMALA</governor>
            <dependent idx="16">IN</dependent>
          </dep>
          <dep type="advcl:in">
            <governor idx="27">IS</governor>
            <dependent idx="17">GUATEMALA</dependent>
          </dep>
          <dep type="advmod">
            <governor idx="21">24</governor>
            <dependent idx="19">LESS</dependent>
          </dep>
          <dep type="mwe">
            <governor idx="19">LESS</governor>
            <dependent idx="20">THAN</dependent>
          </dep>
          <dep type="nummod">
            <governor idx="22">HOURS</governor>
            <dependent idx="21">24</dependent>
          </dep>
          <dep type="dep">
            <governor idx="17">GUATEMALA</governor>
            <dependent idx="22">HOURS</dependent>
          </dep>
          <dep type="det">
            <governor idx="26">EXPLANATION</governor>
            <dependent idx="24">THE</dependent>
          </dep>
          <dep type="amod">
            <governor idx="26">EXPLANATION</governor>
            <dependent idx="25">ONLY</dependent>
          </dep>
          <dep type="nsubj">
            <governor idx="27">IS</governor>
            <dependent idx="26">EXPLANATION</dependent>
          </dep>
          <dep type="ccomp">
            <governor idx="3">TOLD</governor>
            <dependent idx="27">IS</dependent>
          </dep>
          <dep type="mark">
            <governor idx="30">ARE</governor>
            <dependent idx="28">THAT</dependent>
          </dep>
          <dep type="expl">
            <governor idx="30">ARE</governor>
            <dependent idx="29">THERE</dependent>
          </dep>
          <dep type="ccomp">
            <governor idx="27">IS</governor>
            <dependent idx="30">ARE</dependent>
          </dep>
          <dep type="nsubj">
            <governor idx="30">ARE</governor>
            <dependent idx="31">GROUPS</dependent>
          </dep>
          <dep type="acl">
            <governor idx="31">GROUPS</governor>
            <dependent idx="32">LINKED</dependent>
          </dep>
          <dep type="case">
            <governor idx="37">SQUADRONS</governor>
            <dependent idx="33">TO</dependent>
          </dep>
          <dep type="det">
            <governor idx="37">SQUADRONS</governor>
            <dependent idx="34">THE</dependent>
          </dep>
          <dep type="amod">
            <governor idx="37">SQUADRONS</governor>
            <dependent idx="35">SALVADORAN</dependent>
          </dep>
          <dep type="amod">
            <governor idx="37">SQUADRONS</governor>
            <dependent idx="36">PARAMILITARY</dependent>
          </dep>
          <dep type="nmod:to">
            <governor idx="32">LINKED</governor>
            <dependent idx="37">SQUADRONS</dependent>
          </dep>
          <dep type="case">
            <governor idx="40">COUNTRY</governor>
            <dependent idx="38">IN</dependent>
          </dep>
          <dep type="det">
            <governor idx="40">COUNTRY</governor>
            <dependent idx="39">THE</dependent>
          </dep>
          <dep type="nmod:in">
            <governor idx="32">LINKED</governor>
            <dependent idx="40">COUNTRY</dependent>
          </dep>
        </dependencies>
      </sentence>
    </sentences>
    <coreference>
      <coreference>
        <mention representative="true">
          <sentence>1</sentence>
          <start>5</start>
          <end>7</end>
          <head>6</head>
          <text>GUATEMALA CITY</text>
        </mention>
        <mention>
          <sentence>1</sentence>
          <start>24</start>
          <end>26</end>
          <head>24</head>
          <text>GUATEMALA 'S</text>
        </mention>
        <mention>
          <sentence>1</sentence>
          <start>44</start>
          <end>45</end>
          <head>44</head>
          <text>GUATEMALA</text>
        </mention>
        <mention>
          <sentence>2</sentence>
          <start>21</start>
          <end>24</end>
          <head>22</head>
          <text>THIS CITY 'S</text>
        </mention>
      </coreference>
      <coreference>
        <mention representative="true">
          <sentence>1</sentence>
          <start>18</start>
          <end>21</end>
          <head>20</head>
          <text>MARIO SOLORZANO MARTINEZ</text>
        </mention>
        <mention>
          <sentence>3</sentence>
          <start>1</start>
          <end>3</end>
          <head>2</head>
          <text>SOLORZANO MARTINEZ</text>
        </mention>
      </coreference>
      <coreference>
        <mention representative="true">
          <sentence>1</sentence>
          <start>37</start>
          <end>39</end>
          <head>38</head>
          <text>HECTOR OQUELI</text>
        </mention>
        <mention>
          <sentence>2</sentence>
          <start>1</start>
          <end>3</end>
          <head>1</head>
          <text>OQUELI 'S</text>
        </mention>
        <mention>
          <sentence>2</sentence>
          <start>19</start>
          <end>20</end>
          <head>19</head>
          <text>HIM</text>
        </mention>
      </coreference>
    </coreference>
  </document>
</root>
