<?xml version="1.0" encoding="ASCII"?>
<?xml-stylesheet href="CoreNLP-to-HTML.xsl" type="text/xsl"?>
<root>
  <document>
    <sentences>
      <sentence id="1">
        <tokens>
          <token id="1">
            <word>DEV-MUC3-0046</word>
            <lemma>dev-muc3-0046</lemma>
            <CharacterOffsetBegin>0</CharacterOffsetBegin>
            <CharacterOffsetEnd>13</CharacterOffsetEnd>
            <POS>NN</POS>
            <NER>O</NER>
            <Speaker>PER0</Speaker>
          </token>
          <token id="2">
            <word>-LRB-</word>
            <lemma>-lrb-</lemma>
            <CharacterOffsetBegin>14</CharacterOffsetBegin>
            <CharacterOffsetEnd>15</CharacterOffsetEnd>
            <POS>-LRB-</POS>
            <NER>O</NER>
            <Speaker>PER0</Speaker>
          </token>
          <token id="3">
            <word>NOSC</word>
            <lemma>nosc</lemma>
            <CharacterOffsetBegin>15</CharacterOffsetBegin>
            <CharacterOffsetEnd>19</CharacterOffsetEnd>
            <POS>NN</POS>
            <NER>O</NER>
            <Speaker>PER0</Speaker>
          </token>
          <token id="4">
            <word>-RRB-</word>
            <lemma>-rrb-</lemma>
            <CharacterOffsetBegin>19</CharacterOffsetBegin>
            <CharacterOffsetEnd>20</CharacterOffsetEnd>
            <POS>-RRB-</POS>
            <NER>O</NER>
            <Speaker>PER0</Speaker>
          </token>
          <token id="5">
            <word>TEGUCIGALPA</word>
            <lemma>TEGUCIGALPA</lemma>
            <CharacterOffsetBegin>25</CharacterOffsetBegin>
            <CharacterOffsetEnd>36</CharacterOffsetEnd>
            <POS>NNP</POS>
            <NER>LOCATION</NER>
            <Speaker>PER0</Speaker>
          </token>
          <token id="6">
            <word>,</word>
            <lemma>,</lemma>
            <CharacterOffsetBegin>36</CharacterOffsetBegin>
            <CharacterOffsetEnd>37</CharacterOffsetEnd>
            <POS>,</POS>
            <NER>O</NER>
            <Speaker>PER0</Speaker>
          </token>
          <token id="7">
            <word>26</word>
            <lemma>26</lemma>
            <CharacterOffsetBegin>38</CharacterOffsetBegin>
            <CharacterOffsetEnd>40</CharacterOffsetEnd>
            <POS>CD</POS>
            <NER>DATE</NER>
            <NormalizedNER>XXXX-01-26</NormalizedNER>
            <Speaker>PER0</Speaker>
            <Timex tid="t1" type="DATE">XXXX-01-26</Timex>
          </token>
          <token id="8">
            <word>JAN</word>
            <lemma>JAN</lemma>
            <CharacterOffsetBegin>41</CharacterOffsetBegin>
            <CharacterOffsetEnd>44</CharacterOffsetEnd>
            <POS>NNP</POS>
            <NER>DATE</NER>
            <NormalizedNER>XXXX-01-26</NormalizedNER>
            <Speaker>PER0</Speaker>
            <Timex tid="t1" type="DATE">XXXX-01-26</Timex>
          </token>
          <token id="9">
            <word>89</word>
            <lemma>89</lemma>
            <CharacterOffsetBegin>45</CharacterOffsetBegin>
            <CharacterOffsetEnd>47</CharacterOffsetEnd>
            <POS>CD</POS>
            <NER>NUMBER</NER>
            <NormalizedNER>89.0</NormalizedNER>
            <Speaker>PER0</Speaker>
          </token>
          <token id="10">
            <word>--</word>
            <lemma>--</lemma>
            <CharacterOffsetBegin>48</CharacterOffsetBegin>
            <CharacterOffsetEnd>50</CharacterOffsetEnd>
            <POS>:</POS>
            <NER>O</NER>
            <Speaker>PER0</Speaker>
          </token>
          <token id="11">
            <word>-LSB-</word>
            <lemma>-lsb-</lemma>
            <CharacterOffsetBegin>51</CharacterOffsetBegin>
            <CharacterOffsetEnd>52</CharacterOffsetEnd>
            <POS>-LRB-</POS>
            <NER>O</NER>
            <Speaker>PER0</Speaker>
          </token>
          <token id="12">
            <word>COMMUNIQUE</word>
            <lemma>communique</lemma>
            <CharacterOffsetBegin>52</CharacterOffsetBegin>
            <CharacterOffsetEnd>62</CharacterOffsetEnd>
            <POS>NN</POS>
            <NER>O</NER>
            <Speaker>PER0</Speaker>
          </token>
          <token id="13">
            <word>-RSB-</word>
            <lemma>-rsb-</lemma>
            <CharacterOffsetBegin>62</CharacterOffsetBegin>
            <CharacterOffsetEnd>63</CharacterOffsetEnd>
            <POS>-RRB-</POS>
            <NER>O</NER>
            <Speaker>PER0</Speaker>
          </token>
          <token id="14">
            <word>-LSB-</word>
            <lemma>-lsb-</lemma>
            <CharacterOffsetBegin>64</CharacterOffsetBegin>
            <CharacterOffsetEnd>65</CharacterOffsetEnd>
            <POS>-LRB-</POS>
            <NER>O</NER>
            <Speaker>PER0</Speaker>
          </token>
          <token id="15">
            <word>ANTICOMMUNIST</word>
            <lemma>anticommunist</lemma>
            <CharacterOffsetBegin>65</CharacterOffsetBegin>
            <CharacterOffsetEnd>78</CharacterOffsetEnd>
            <POS>JJ</POS>
            <NER>ORGANIZATION</NER>
            <Speaker>PER0</Speaker>
          </token>
          <token id="16">
            <word>ACTION</word>
            <lemma>action</lemma>
            <CharacterOffsetBegin>79</CharacterOffsetBegin>
            <CharacterOffsetEnd>85</CharacterOffsetEnd>
            <POS>NN</POS>
            <NER>ORGANIZATION</NER>
            <Speaker>PER0</Speaker>
          </token>
          <token id="17">
            <word>ALLIANCE</word>
            <lemma>alliance</lemma>
            <CharacterOffsetBegin>86</CharacterOffsetBegin>
            <CharacterOffsetEnd>94</CharacterOffsetEnd>
            <POS>NN</POS>
            <NER>ORGANIZATION</NER>
            <Speaker>PER0</Speaker>
          </token>
          <token id="18">
            <word>-LRB-</word>
            <lemma>-lrb-</lemma>
            <CharacterOffsetBegin>95</CharacterOffsetBegin>
            <CharacterOffsetEnd>96</CharacterOffsetEnd>
            <POS>-LRB-</POS>
            <NER>O</NER>
            <Speaker>PER0</Speaker>
          </token>
          <token id="19">
            <word>AAA</word>
            <lemma>aaa</lemma>
            <CharacterOffsetBegin>96</CharacterOffsetBegin>
            <CharacterOffsetEnd>99</CharacterOffsetEnd>
            <POS>JJ</POS>
            <NER>O</NER>
            <Speaker>PER0</Speaker>
          </token>
          <token id="20">
            <word>-RRB-</word>
            <lemma>-rrb-</lemma>
            <CharacterOffsetBegin>99</CharacterOffsetBegin>
            <CharacterOffsetEnd>100</CharacterOffsetEnd>
            <POS>-RRB-</POS>
            <NER>O</NER>
            <Speaker>PER0</Speaker>
          </token>
          <token id="21">
            <word>-RSB-</word>
            <lemma>-rsb-</lemma>
            <CharacterOffsetBegin>100</CharacterOffsetBegin>
            <CharacterOffsetEnd>101</CharacterOffsetEnd>
            <POS>-RRB-</POS>
            <NER>O</NER>
            <Speaker>PER0</Speaker>
          </token>
          <token id="22">
            <word>-LSB-</word>
            <lemma>-lsb-</lemma>
            <CharacterOffsetBegin>102</CharacterOffsetBegin>
            <CharacterOffsetEnd>103</CharacterOffsetEnd>
            <POS>-LRB-</POS>
            <NER>O</NER>
            <Speaker>PER0</Speaker>
          </token>
          <token id="23">
            <word>TEXT</word>
            <lemma>text</lemma>
            <CharacterOffsetBegin>103</CharacterOffsetBegin>
            <CharacterOffsetEnd>107</CharacterOffsetEnd>
            <POS>NN</POS>
            <NER>O</NER>
            <Speaker>PER0</Speaker>
          </token>
          <token id="24">
            <word>-RSB-</word>
            <lemma>-rsb-</lemma>
            <CharacterOffsetBegin>107</CharacterOffsetBegin>
            <CharacterOffsetEnd>108</CharacterOffsetEnd>
            <POS>-RRB-</POS>
            <NER>O</NER>
            <Speaker>PER0</Speaker>
          </token>
          <token id="25">
            <word>THE</word>
            <lemma>the</lemma>
            <CharacterOffsetBegin>109</CharacterOffsetBegin>
            <CharacterOffsetEnd>112</CharacterOffsetEnd>
            <POS>DT</POS>
            <NER>O</NER>
            <Speaker>PER0</Speaker>
          </token>
          <token id="26">
            <word>ANTICOMMUNIST</word>
            <lemma>anticommunist</lemma>
            <CharacterOffsetBegin>113</CharacterOffsetBegin>
            <CharacterOffsetEnd>126</CharacterOffsetEnd>
            <POS>JJ</POS>
            <NER>ORGANIZATION</NER>
            <Speaker>PER0</Speaker>
          </token>
          <token id="27">
            <word>ACTION</word>
            <lemma>action</lemma>
            <CharacterOffsetBegin>127</CharacterOffsetBegin>
            <CharacterOffsetEnd>133</CharacterOffsetEnd>
            <POS>NN</POS>
            <NER>ORGANIZATION</NER>
            <Speaker>PER0</Speaker>
          </token>
          <token id="28">
            <word>ALLIANCE</word>
            <lemma>alliance</lemma>
            <CharacterOffsetBegin>134</CharacterOffsetBegin>
            <CharacterOffsetEnd>142</CharacterOffsetEnd>
            <POS>NN</POS>
            <NER>ORGANIZATION</NER>
            <Speaker>PER0</Speaker>
          </token>
          <token id="29">
            <word>-LSB-</word>
            <lemma>-lsb-</lemma>
            <CharacterOffsetBegin>143</CharacterOffsetBegin>
            <CharacterOffsetEnd>144</CharacterOffsetEnd>
            <POS>-LRB-</POS>
            <NER>ORGANIZATION</NER>
            <Speaker>PER0</Speaker>
          </token>
          <token id="30">
            <word>ALIANZA</word>
            <lemma>ALIANZA</lemma>
            <CharacterOffsetBegin>144</CharacterOffsetBegin>
            <CharacterOffsetEnd>151</CharacterOffsetEnd>
            <POS>NNP</POS>
            <NER>ORGANIZATION</NER>
            <Speaker>PER0</Speaker>
          </token>
          <token id="31">
            <word>DE</word>
            <lemma>de</lemma>
            <CharacterOffsetBegin>152</CharacterOffsetBegin>
            <CharacterOffsetEnd>154</CharacterOffsetEnd>
            <POS>IN</POS>
            <NER>ORGANIZATION</NER>
            <Speaker>PER0</Speaker>
          </token>
          <token id="32">
            <word>ACCION</word>
            <lemma>ACCION</lemma>
            <CharacterOffsetBegin>155</CharacterOffsetBegin>
            <CharacterOffsetEnd>161</CharacterOffsetEnd>
            <POS>NNP</POS>
            <NER>ORGANIZATION</NER>
            <Speaker>PER0</Speaker>
          </token>
          <token id="33">
            <word>ANTICOMUNISTA</word>
            <lemma>ANTICOMUNISTA</lemma>
            <CharacterOffsetBegin>162</CharacterOffsetBegin>
            <CharacterOffsetEnd>175</CharacterOffsetEnd>
            <POS>NNP</POS>
            <NER>ORGANIZATION</NER>
            <Speaker>PER0</Speaker>
          </token>
          <token id="34">
            <word>-RSB-</word>
            <lemma>-rsb-</lemma>
            <CharacterOffsetBegin>175</CharacterOffsetBegin>
            <CharacterOffsetEnd>176</CharacterOffsetEnd>
            <POS>-RRB-</POS>
            <NER>O</NER>
            <Speaker>PER0</Speaker>
          </token>
          <token id="35">
            <word>REPORTS</word>
            <lemma>report</lemma>
            <CharacterOffsetBegin>177</CharacterOffsetBegin>
            <CharacterOffsetEnd>184</CharacterOffsetEnd>
            <POS>VBZ</POS>
            <NER>O</NER>
            <Speaker>PER0</Speaker>
          </token>
          <token id="36">
            <word>THE</word>
            <lemma>the</lemma>
            <CharacterOffsetBegin>185</CharacterOffsetBegin>
            <CharacterOffsetEnd>188</CharacterOffsetEnd>
            <POS>DT</POS>
            <NER>O</NER>
            <Speaker>PER0</Speaker>
          </token>
          <token id="37">
            <word>FOLLOWING</word>
            <lemma>follow</lemma>
            <CharacterOffsetBegin>189</CharacterOffsetBegin>
            <CharacterOffsetEnd>198</CharacterOffsetEnd>
            <POS>VBG</POS>
            <NER>O</NER>
            <Speaker>PER0</Speaker>
          </token>
          <token id="38">
            <word>TO</word>
            <lemma>to</lemma>
            <CharacterOffsetBegin>199</CharacterOffsetBegin>
            <CharacterOffsetEnd>201</CharacterOffsetEnd>
            <POS>TO</POS>
            <NER>O</NER>
            <Speaker>PER0</Speaker>
          </token>
          <token id="39">
            <word>THE</word>
            <lemma>the</lemma>
            <CharacterOffsetBegin>202</CharacterOffsetBegin>
            <CharacterOffsetEnd>205</CharacterOffsetEnd>
            <POS>DT</POS>
            <NER>O</NER>
            <Speaker>PER0</Speaker>
          </token>
          <token id="40">
            <word>HONDURAN</word>
            <lemma>honduran</lemma>
            <CharacterOffsetBegin>206</CharacterOffsetBegin>
            <CharacterOffsetEnd>214</CharacterOffsetEnd>
            <POS>JJ</POS>
            <NER>MISC</NER>
            <Speaker>PER0</Speaker>
          </token>
          <token id="41">
            <word>PEOPLE</word>
            <lemma>people</lemma>
            <CharacterOffsetBegin>215</CharacterOffsetBegin>
            <CharacterOffsetEnd>221</CharacterOffsetEnd>
            <POS>NNS</POS>
            <NER>O</NER>
            <Speaker>PER0</Speaker>
          </token>
          <token id="42">
            <word>,</word>
            <lemma>,</lemma>
            <CharacterOffsetBegin>221</CharacterOffsetBegin>
            <CharacterOffsetEnd>222</CharacterOffsetEnd>
            <POS>,</POS>
            <NER>O</NER>
            <Speaker>PER0</Speaker>
          </token>
          <token id="43">
            <word>IN</word>
            <lemma>in</lemma>
            <CharacterOffsetBegin>223</CharacterOffsetBegin>
            <CharacterOffsetEnd>225</CharacterOffsetEnd>
            <POS>IN</POS>
            <NER>O</NER>
            <Speaker>PER0</Speaker>
          </token>
          <token id="44">
            <word>PARTICULAR</word>
            <lemma>particular</lemma>
            <CharacterOffsetBegin>226</CharacterOffsetBegin>
            <CharacterOffsetEnd>236</CharacterOffsetEnd>
            <POS>JJ</POS>
            <NER>O</NER>
            <Speaker>PER0</Speaker>
          </token>
          <token id="45">
            <word>,</word>
            <lemma>,</lemma>
            <CharacterOffsetBegin>236</CharacterOffsetBegin>
            <CharacterOffsetEnd>237</CharacterOffsetEnd>
            <POS>,</POS>
            <NER>O</NER>
            <Speaker>PER0</Speaker>
          </token>
          <token id="46">
            <word>AND</word>
            <lemma>and</lemma>
            <CharacterOffsetBegin>238</CharacterOffsetBegin>
            <CharacterOffsetEnd>241</CharacterOffsetEnd>
            <POS>CC</POS>
            <NER>O</NER>
            <Speaker>PER0</Speaker>
          </token>
          <token id="47">
            <word>TO</word>
            <lemma>to</lemma>
            <CharacterOffsetBegin>242</CharacterOffsetBegin>
            <CharacterOffsetEnd>244</CharacterOffsetEnd>
            <POS>TO</POS>
            <NER>O</NER>
            <Speaker>PER0</Speaker>
          </token>
          <token id="48">
            <word>THE</word>
            <lemma>the</lemma>
            <CharacterOffsetBegin>245</CharacterOffsetBegin>
            <CharacterOffsetEnd>248</CharacterOffsetEnd>
            <POS>DT</POS>
            <NER>O</NER>
            <Speaker>PER0</Speaker>
          </token>
          <token id="49">
            <word>INTERNATIONAL</word>
            <lemma>INTERNATIONAL</lemma>
            <CharacterOffsetBegin>249</CharacterOffsetBegin>
            <CharacterOffsetEnd>262</CharacterOffsetEnd>
            <POS>NNP</POS>
            <NER>O</NER>
            <Speaker>PER0</Speaker>
          </token>
          <token id="50">
            <word>COMMUNITY</word>
            <lemma>COMMUNITY</lemma>
            <CharacterOffsetBegin>263</CharacterOffsetBegin>
            <CharacterOffsetEnd>272</CharacterOffsetEnd>
            <POS>NNP</POS>
            <NER>O</NER>
            <Speaker>PER0</Speaker>
          </token>
          <token id="51">
            <word>IN</word>
            <lemma>in</lemma>
            <CharacterOffsetBegin>273</CharacterOffsetBegin>
            <CharacterOffsetEnd>275</CharacterOffsetEnd>
            <POS>IN</POS>
            <NER>O</NER>
            <Speaker>PER0</Speaker>
          </token>
          <token id="52">
            <word>GENERAL</word>
            <lemma>GENERAL</lemma>
            <CharacterOffsetBegin>276</CharacterOffsetBegin>
            <CharacterOffsetEnd>283</CharacterOffsetEnd>
            <POS>NNP</POS>
            <NER>O</NER>
            <Speaker>PER0</Speaker>
          </token>
          <token id="53">
            <word>:</word>
            <lemma>:</lemma>
            <CharacterOffsetBegin>283</CharacterOffsetBegin>
            <CharacterOffsetEnd>284</CharacterOffsetEnd>
            <POS>:</POS>
            <NER>O</NER>
            <Speaker>PER0</Speaker>
          </token>
          <token id="54">
            <word>1</word>
            <lemma>1</lemma>
            <CharacterOffsetBegin>289</CharacterOffsetBegin>
            <CharacterOffsetEnd>290</CharacterOffsetEnd>
            <POS>CD</POS>
            <NER>NUMBER</NER>
            <NormalizedNER>1.0</NormalizedNER>
            <Speaker>PER0</Speaker>
          </token>
          <token id="55">
            <word>.</word>
            <lemma>.</lemma>
            <CharacterOffsetBegin>290</CharacterOffsetBegin>
            <CharacterOffsetEnd>291</CharacterOffsetEnd>
            <POS>.</POS>
            <NER>O</NER>
            <Speaker>PER0</Speaker>
          </token>
        </tokens>
        <parse>(ROOT (S (NP (NP (NN DEV-MUC3-0046)) (PRN (-LRB- -LRB-) (NP (NN NOSC)) (-RRB- -RRB-)) (NP (NNP TEGUCIGALPA)) (, ,) (NP (NP (NP (CD 26)) (NP-TMP (NNP JAN) (CD 89))) (: --) (NP (NP (-LRB- -LSB-) (NN COMMUNIQUE)) (PP (-RRB- -RSB-) (NP (NP (-LRB- -LSB-) (JJ ANTICOMMUNIST) (NN ACTION) (NN ALLIANCE)) (PRN (-LRB- -LRB-) (ADJP (JJ AAA)) (-RRB- -RRB-))))) (-RRB- -RSB-) (NP (NP (-LRB- -LSB-) (NN TEXT)) (PP (-RRB- -RSB-) (NP (DT THE) (JJ ANTICOMMUNIST) (NN ACTION) (NN ALLIANCE))))) (-LRB- -LSB-) (NP (NNP ALIANZA) (IN DE) (NNP ACCION) (NNP ANTICOMUNISTA)) (-RRB- -RSB-)) (VP (VBZ REPORTS) (NP (DT THE) (VBG FOLLOWING)) (PP (PP (TO TO) (NP (DT THE) (JJ HONDURAN) (NNS PEOPLE))) (, ,) (PP (IN IN) (ADJP (JJ PARTICULAR))) (, ,) (CC AND) (PP (TO TO) (NP (NP (NP (DT THE) (NNP INTERNATIONAL) (NNP COMMUNITY)) (PP (IN IN) (NP (NNP GENERAL)))) (: :) (NP (CD 1)))))) (. .))) </parse>
        <dependencies type="basic-dependencies">
          <dep type="root">
            <governor idx="0">ROOT</governor>
            <dependent idx="35">REPORTS</dependent>
          </dep>
          <dep type="nsubj">
            <governor idx="35">REPORTS</governor>
            <dependent idx="1">DEV-MUC3-0046</dependent>
          </dep>
          <dep type="appos">
            <governor idx="1">DEV-MUC3-0046</governor>
            <dependent idx="3">NOSC</dependent>
          </dep>
          <dep type="dep">
            <governor idx="1">DEV-MUC3-0046</governor>
            <dependent idx="5">TEGUCIGALPA</dependent>
          </dep>
          <dep type="appos">
            <governor idx="1">DEV-MUC3-0046</governor>
            <dependent idx="7">26</dependent>
          </dep>
          <dep type="nmod:tmod">
            <governor idx="7">26</governor>
            <dependent idx="8">JAN</dependent>
          </dep>
          <dep type="nummod">
            <governor idx="8">JAN</governor>
            <dependent idx="9">89</dependent>
          </dep>
          <dep type="dep">
            <governor idx="7">26</governor>
            <dependent idx="12">COMMUNIQUE</dependent>
          </dep>
          <dep type="amod">
            <governor idx="17">ALLIANCE</governor>
            <dependent idx="15">ANTICOMMUNIST</dependent>
          </dep>
          <dep type="compound">
            <governor idx="17">ALLIANCE</governor>
            <dependent idx="16">ACTION</dependent>
          </dep>
          <dep type="nmod">
            <governor idx="12">COMMUNIQUE</governor>
            <dependent idx="17">ALLIANCE</dependent>
          </dep>
          <dep type="dep">
            <governor idx="17">ALLIANCE</governor>
            <dependent idx="19">AAA</dependent>
          </dep>
          <dep type="dep">
            <governor idx="7">26</governor>
            <dependent idx="23">TEXT</dependent>
          </dep>
          <dep type="det">
            <governor idx="28">ALLIANCE</governor>
            <dependent idx="25">THE</dependent>
          </dep>
          <dep type="amod">
            <governor idx="28">ALLIANCE</governor>
            <dependent idx="26">ANTICOMMUNIST</dependent>
          </dep>
          <dep type="compound">
            <governor idx="28">ALLIANCE</governor>
            <dependent idx="27">ACTION</dependent>
          </dep>
          <dep type="nmod">
            <governor idx="23">TEXT</governor>
            <dependent idx="28">ALLIANCE</dependent>
          </dep>
          <dep type="compound">
            <governor idx="33">ANTICOMUNISTA</governor>
            <dependent idx="30">ALIANZA</dependent>
          </dep>
          <dep type="amod">
            <governor idx="33">ANTICOMUNISTA</governor>
            <dependent idx="31">DE</dependent>
          </dep>
          <dep type="compound">
            <governor idx="33">ANTICOMUNISTA</governor>
            <dependent idx="32">ACCION</dependent>
          </dep>
          <dep type="dep">
            <governor idx="1">DEV-MUC3-0046</governor>
            <dependent idx="33">ANTICOMUNISTA</dependent>
          </dep>
          <dep type="dobj">
            <governor idx="35">REPORTS</governor>
            <dependent idx="36">THE</dependent>
          </dep>
          <dep type="amod">
            <governor idx="36">THE</governor>
            <dependent idx="37">FOLLOWING</dependent>
          </dep>
          <dep type="case">
            <governor idx="41">PEOPLE</governor>
            <dependent idx="38">TO</dependent>
          </dep>
          <dep type="det">
            <governor idx="41">PEOPLE</governor>
            <dependent idx="39">THE</dependent>
          </dep>
          <dep type="amod">
            <governor idx="41">PEOPLE</governor>
            <dependent idx="40">HONDURAN</dependent>
          </dep>
          <dep type="nmod">
            <governor idx="35">REPORTS</governor>
            <dependent idx="41">PEOPLE</dependent>
          </dep>
          <dep type="case">
            <governor idx="44">PARTICULAR</governor>
            <dependent idx="43">IN</dependent>
          </dep>
          <dep type="conj">
            <governor idx="41">PEOPLE</governor>
            <dependent idx="44">PARTICULAR</dependent>
          </dep>
          <dep type="cc">
            <governor idx="41">PEOPLE</governor>
            <dependent idx="46">AND</dependent>
          </dep>
          <dep type="case">
            <governor idx="50">COMMUNITY</governor>
            <dependent idx="47">TO</dependent>
          </dep>
          <dep type="det">
            <governor idx="50">COMMUNITY</governor>
            <dependent idx="48">THE</dependent>
          </dep>
          <dep type="compound">
            <governor idx="50">COMMUNITY</governor>
            <dependent idx="49">INTERNATIONAL</dependent>
          </dep>
          <dep type="conj">
            <governor idx="41">PEOPLE</governor>
            <dependent idx="50">COMMUNITY</dependent>
          </dep>
          <dep type="case">
            <governor idx="52">GENERAL</governor>
            <dependent idx="51">IN</dependent>
          </dep>
          <dep type="nmod">
            <governor idx="50">COMMUNITY</governor>
            <dependent idx="52">GENERAL</dependent>
          </dep>
          <dep type="dep">
            <governor idx="50">COMMUNITY</governor>
            <dependent idx="54">1</dependent>
          </dep>
        </dependencies>
        <dependencies type="collapsed-dependencies">
          <dep type="root">
            <governor idx="0">ROOT</governor>
            <dependent idx="35">REPORTS</dependent>
          </dep>
          <dep type="nsubj">
            <governor idx="35">REPORTS</governor>
            <dependent idx="1">DEV-MUC3-0046</dependent>
          </dep>
          <dep type="appos">
            <governor idx="1">DEV-MUC3-0046</governor>
            <dependent idx="3">NOSC</dependent>
          </dep>
          <dep type="dep">
            <governor idx="1">DEV-MUC3-0046</governor>
            <dependent idx="5">TEGUCIGALPA</dependent>
          </dep>
          <dep type="appos">
            <governor idx="1">DEV-MUC3-0046</governor>
            <dependent idx="7">26</dependent>
          </dep>
          <dep type="nmod:tmod">
            <governor idx="7">26</governor>
            <dependent idx="8">JAN</dependent>
          </dep>
          <dep type="nummod">
            <governor idx="8">JAN</governor>
            <dependent idx="9">89</dependent>
          </dep>
          <dep type="dep">
            <governor idx="7">26</governor>
            <dependent idx="12">COMMUNIQUE</dependent>
          </dep>
          <dep type="amod">
            <governor idx="17">ALLIANCE</governor>
            <dependent idx="15">ANTICOMMUNIST</dependent>
          </dep>
          <dep type="compound">
            <governor idx="17">ALLIANCE</governor>
            <dependent idx="16">ACTION</dependent>
          </dep>
          <dep type="nmod">
            <governor idx="12">COMMUNIQUE</governor>
            <dependent idx="17">ALLIANCE</dependent>
          </dep>
          <dep type="dep">
            <governor idx="17">ALLIANCE</governor>
            <dependent idx="19">AAA</dependent>
          </dep>
          <dep type="dep">
            <governor idx="7">26</governor>
            <dependent idx="23">TEXT</dependent>
          </dep>
          <dep type="det">
            <governor idx="28">ALLIANCE</governor>
            <dependent idx="25">THE</dependent>
          </dep>
          <dep type="amod">
            <governor idx="28">ALLIANCE</governor>
            <dependent idx="26">ANTICOMMUNIST</dependent>
          </dep>
          <dep type="compound">
            <governor idx="28">ALLIANCE</governor>
            <dependent idx="27">ACTION</dependent>
          </dep>
          <dep type="nmod">
            <governor idx="23">TEXT</governor>
            <dependent idx="28">ALLIANCE</dependent>
          </dep>
          <dep type="compound">
            <governor idx="33">ANTICOMUNISTA</governor>
            <dependent idx="30">ALIANZA</dependent>
          </dep>
          <dep type="amod">
            <governor idx="33">ANTICOMUNISTA</governor>
            <dependent idx="31">DE</dependent>
          </dep>
          <dep type="compound">
            <governor idx="33">ANTICOMUNISTA</governor>
            <dependent idx="32">ACCION</dependent>
          </dep>
          <dep type="dep">
            <governor idx="1">DEV-MUC3-0046</governor>
            <dependent idx="33">ANTICOMUNISTA</dependent>
          </dep>
          <dep type="conj:and">
            <governor idx="35">REPORTS</governor>
            <dependent idx="35" copy="1">REPORTS</dependent>
          </dep>
          <dep type="conj:and">
            <governor idx="35">REPORTS</governor>
            <dependent idx="35" copy="2">REPORTS</dependent>
          </dep>
          <dep type="dobj">
            <governor idx="35">REPORTS</governor>
            <dependent idx="36">THE</dependent>
          </dep>
          <dep type="amod">
            <governor idx="36">THE</governor>
            <dependent idx="37">FOLLOWING</dependent>
          </dep>
          <dep type="case">
            <governor idx="41">PEOPLE</governor>
            <dependent idx="38">TO</dependent>
          </dep>
          <dep type="det">
            <governor idx="41">PEOPLE</governor>
            <dependent idx="39">THE</dependent>
          </dep>
          <dep type="amod">
            <governor idx="41">PEOPLE</governor>
            <dependent idx="40">HONDURAN</dependent>
          </dep>
          <dep type="nmod:to">
            <governor idx="35">REPORTS</governor>
            <dependent idx="41">PEOPLE</dependent>
          </dep>
          <dep type="case">
            <governor idx="44">PARTICULAR</governor>
            <dependent idx="43">IN</dependent>
          </dep>
          <dep type="nmod:in">
            <governor idx="35" copy="2">REPORTS</governor>
            <dependent idx="44">PARTICULAR</dependent>
          </dep>
          <dep type="cc">
            <governor idx="35">REPORTS</governor>
            <dependent idx="46">AND</dependent>
          </dep>
          <dep type="case">
            <governor idx="50">COMMUNITY</governor>
            <dependent idx="47">TO</dependent>
          </dep>
          <dep type="det">
            <governor idx="50">COMMUNITY</governor>
            <dependent idx="48">THE</dependent>
          </dep>
          <dep type="compound">
            <governor idx="50">COMMUNITY</governor>
            <dependent idx="49">INTERNATIONAL</dependent>
          </dep>
          <dep type="nmod:to">
            <governor idx="35" copy="1">REPORTS</governor>
            <dependent idx="50">COMMUNITY</dependent>
          </dep>
          <dep type="case">
            <governor idx="52">GENERAL</governor>
            <dependent idx="51">IN</dependent>
          </dep>
          <dep type="nmod:in">
            <governor idx="50">COMMUNITY</governor>
            <dependent idx="52">GENERAL</dependent>
          </dep>
          <dep type="dep">
            <governor idx="50">COMMUNITY</governor>
            <dependent idx="54">1</dependent>
          </dep>
        </dependencies>
        <dependencies type="collapsed-ccprocessed-dependencies">
          <dep type="root">
            <governor idx="0">ROOT</governor>
            <dependent idx="35">REPORTS</dependent>
          </dep>
          <dep type="nsubj">
            <governor idx="35">REPORTS</governor>
            <dependent idx="1">DEV-MUC3-0046</dependent>
          </dep>
          <dep type="nsubj" extra="true">
            <governor idx="35" copy="1">REPORTS</governor>
            <dependent idx="1">DEV-MUC3-0046</dependent>
          </dep>
          <dep type="nsubj" extra="true">
            <governor idx="35" copy="2">REPORTS</governor>
            <dependent idx="1">DEV-MUC3-0046</dependent>
          </dep>
          <dep type="appos">
            <governor idx="1">DEV-MUC3-0046</governor>
            <dependent idx="3">NOSC</dependent>
          </dep>
          <dep type="dep">
            <governor idx="1">DEV-MUC3-0046</governor>
            <dependent idx="5">TEGUCIGALPA</dependent>
          </dep>
          <dep type="appos">
            <governor idx="1">DEV-MUC3-0046</governor>
            <dependent idx="7">26</dependent>
          </dep>
          <dep type="nmod:tmod">
            <governor idx="7">26</governor>
            <dependent idx="8">JAN</dependent>
          </dep>
          <dep type="nummod">
            <governor idx="8">JAN</governor>
            <dependent idx="9">89</dependent>
          </dep>
          <dep type="dep">
            <governor idx="7">26</governor>
            <dependent idx="12">COMMUNIQUE</dependent>
          </dep>
          <dep type="amod">
            <governor idx="17">ALLIANCE</governor>
            <dependent idx="15">ANTICOMMUNIST</dependent>
          </dep>
          <dep type="compound">
            <governor idx="17">ALLIANCE</governor>
            <dependent idx="16">ACTION</dependent>
          </dep>
          <dep type="nmod">
            <governor idx="12">COMMUNIQUE</governor>
            <dependent idx="17">ALLIANCE</dependent>
          </dep>
          <dep type="dep">
            <governor idx="17">ALLIANCE</governor>
            <dependent idx="19">AAA</dependent>
          </dep>
          <dep type="dep">
            <governor idx="7">26</governor>
            <dependent idx="23">TEXT</dependent>
          </dep>
          <dep type="det">
            <governor idx="28">ALLIANCE</governor>
            <dependent idx="25">THE</dependent>
          </dep>
          <dep type="amod">
            <governor idx="28">ALLIANCE</governor>
            <dependent idx="26">ANTICOMMUNIST</dependent>
          </dep>
          <dep type="compound">
            <governor idx="28">ALLIANCE</governor>
            <dependent idx="27">ACTION</dependent>
          </dep>
          <dep type="nmod">
            <governor idx="23">TEXT</governor>
            <dependent idx="28">ALLIANCE</dependent>
          </dep>
          <dep type="compound">
            <governor idx="33">ANTICOMUNISTA</governor>
            <dependent idx="30">ALIANZA</dependent>
          </dep>
          <dep type="amod">
            <governor idx="33">ANTICOMUNISTA</governor>
            <dependent idx="31">DE</dependent>
          </dep>
          <dep type="compound">
            <governor idx="33">ANTICOMUNISTA</governor>
            <dependent idx="32">ACCION</dependent>
          </dep>
          <dep type="dep">
            <governor idx="1">DEV-MUC3-0046</governor>
            <dependent idx="33">ANTICOMUNISTA</dependent>
          </dep>
          <dep type="conj:and">
            <governor idx="35">REPORTS</governor>
            <dependent idx="35" copy="1">REPORTS</dependent>
          </dep>
          <dep type="conj:and">
            <governor idx="35">REPORTS</governor>
            <dependent idx="35" copy="2">REPORTS</dependent>
          </dep>
          <dep type="dobj">
            <governor idx="35">REPORTS</governor>
            <dependent idx="36">THE</dependent>
          </dep>
          <dep type="amod">
            <governor idx="36">THE</governor>
            <dependent idx="37">FOLLOWING</dependent>
          </dep>
          <dep type="case">
            <governor idx="41">PEOPLE</governor>
            <dependent idx="38">TO</dependent>
          </dep>
          <dep type="det">
            <governor idx="41">PEOPLE</governor>
            <dependent idx="39">THE</dependent>
          </dep>
          <dep type="amod">
            <governor idx="41">PEOPLE</governor>
            <dependent idx="40">HONDURAN</dependent>
          </dep>
          <dep type="nmod:to">
            <governor idx="35">REPORTS</governor>
            <dependent idx="41">PEOPLE</dependent>
          </dep>
          <dep type="case">
            <governor idx="44">PARTICULAR</governor>
            <dependent idx="43">IN</dependent>
          </dep>
          <dep type="nmod:in">
            <governor idx="35" copy="2">REPORTS</governor>
            <dependent idx="44">PARTICULAR</dependent>
          </dep>
          <dep type="cc">
            <governor idx="35">REPORTS</governor>
            <dependent idx="46">AND</dependent>
          </dep>
          <dep type="case">
            <governor idx="50">COMMUNITY</governor>
            <dependent idx="47">TO</dependent>
          </dep>
          <dep type="det">
            <governor idx="50">COMMUNITY</governor>
            <dependent idx="48">THE</dependent>
          </dep>
          <dep type="compound">
            <governor idx="50">COMMUNITY</governor>
            <dependent idx="49">INTERNATIONAL</dependent>
          </dep>
          <dep type="nmod:to">
            <governor idx="35" copy="1">REPORTS</governor>
            <dependent idx="50">COMMUNITY</dependent>
          </dep>
          <dep type="case">
            <governor idx="52">GENERAL</governor>
            <dependent idx="51">IN</dependent>
          </dep>
          <dep type="nmod:in">
            <governor idx="50">COMMUNITY</governor>
            <dependent idx="52">GENERAL</dependent>
          </dep>
          <dep type="dep">
            <governor idx="50">COMMUNITY</governor>
            <dependent idx="54">1</dependent>
          </dep>
        </dependencies>
      </sentence>
      <sentence id="2">
        <tokens>
          <token id="1">
            <word>DURING</word>
            <lemma>during</lemma>
            <CharacterOffsetBegin>293</CharacterOffsetBegin>
            <CharacterOffsetEnd>299</CharacterOffsetEnd>
            <POS>IN</POS>
            <NER>O</NER>
            <Speaker>PER0</Speaker>
          </token>
          <token id="2">
            <word>A</word>
            <lemma>a</lemma>
            <CharacterOffsetBegin>300</CharacterOffsetBegin>
            <CharacterOffsetEnd>301</CharacterOffsetEnd>
            <POS>DT</POS>
            <NER>O</NER>
            <Speaker>PER0</Speaker>
          </token>
          <token id="3">
            <word>MEETING</word>
            <lemma>meeting</lemma>
            <CharacterOffsetBegin>302</CharacterOffsetBegin>
            <CharacterOffsetEnd>309</CharacterOffsetEnd>
            <POS>NN</POS>
            <NER>O</NER>
            <Speaker>PER0</Speaker>
          </token>
          <token id="4">
            <word>TODAY</word>
            <lemma>today</lemma>
            <CharacterOffsetBegin>310</CharacterOffsetBegin>
            <CharacterOffsetEnd>315</CharacterOffsetEnd>
            <POS>NN</POS>
            <NER>DATE</NER>
            <NormalizedNER>THIS P1D</NormalizedNER>
            <Speaker>PER0</Speaker>
            <Timex tid="t2" type="DATE"/>
          </token>
          <token id="5">
            <word>,</word>
            <lemma>,</lemma>
            <CharacterOffsetBegin>315</CharacterOffsetBegin>
            <CharacterOffsetEnd>316</CharacterOffsetEnd>
            <POS>,</POS>
            <NER>O</NER>
            <Speaker>PER0</Speaker>
          </token>
          <token id="6">
            <word>THE</word>
            <lemma>the</lemma>
            <CharacterOffsetBegin>317</CharacterOffsetBegin>
            <CharacterOffsetEnd>320</CharacterOffsetEnd>
            <POS>DT</POS>
            <NER>O</NER>
            <Speaker>PER0</Speaker>
          </token>
          <token id="7">
            <word>DEMOCRATIC</word>
            <lemma>democratic</lemma>
            <CharacterOffsetBegin>321</CharacterOffsetBegin>
            <CharacterOffsetEnd>331</CharacterOffsetEnd>
            <POS>JJ</POS>
            <NER>ORGANIZATION</NER>
            <Speaker>PER0</Speaker>
          </token>
          <token id="8">
            <word>PATRIOTIC</word>
            <lemma>patriotic</lemma>
            <CharacterOffsetBegin>332</CharacterOffsetBegin>
            <CharacterOffsetEnd>341</CharacterOffsetEnd>
            <POS>JJ</POS>
            <NER>ORGANIZATION</NER>
            <Speaker>PER0</Speaker>
          </token>
          <token id="9">
            <word>COMMITTEES</word>
            <lemma>committee</lemma>
            <CharacterOffsetBegin>342</CharacterOffsetBegin>
            <CharacterOffsetEnd>352</CharacterOffsetEnd>
            <POS>NNS</POS>
            <NER>ORGANIZATION</NER>
            <Speaker>PER0</Speaker>
          </token>
          <token id="10">
            <word>AND</word>
            <lemma>and</lemma>
            <CharacterOffsetBegin>353</CharacterOffsetBegin>
            <CharacterOffsetEnd>356</CharacterOffsetEnd>
            <POS>CC</POS>
            <NER>O</NER>
            <Speaker>PER0</Speaker>
          </token>
          <token id="11">
            <word>OUR</word>
            <lemma>we</lemma>
            <CharacterOffsetBegin>357</CharacterOffsetBegin>
            <CharacterOffsetEnd>360</CharacterOffsetEnd>
            <POS>PRP$</POS>
            <NER>O</NER>
            <Speaker>PER0</Speaker>
          </token>
          <token id="12">
            <word>ORGANIZATION</word>
            <lemma>organization</lemma>
            <CharacterOffsetBegin>361</CharacterOffsetBegin>
            <CharacterOffsetEnd>373</CharacterOffsetEnd>
            <POS>NN</POS>
            <NER>O</NER>
            <Speaker>PER0</Speaker>
          </token>
          <token id="13">
            <word>'S</word>
            <lemma>'s</lemma>
            <CharacterOffsetBegin>373</CharacterOffsetBegin>
            <CharacterOffsetEnd>375</CharacterOffsetEnd>
            <POS>POS</POS>
            <NER>O</NER>
            <Speaker>PER0</Speaker>
          </token>
          <token id="14">
            <word>DISCIPLINARY</word>
            <lemma>disciplinary</lemma>
            <CharacterOffsetBegin>376</CharacterOffsetBegin>
            <CharacterOffsetEnd>388</CharacterOffsetEnd>
            <POS>JJ</POS>
            <NER>O</NER>
            <Speaker>PER0</Speaker>
          </token>
          <token id="15">
            <word>TRIBUNAL</word>
            <lemma>tribunal</lemma>
            <CharacterOffsetBegin>389</CharacterOffsetBegin>
            <CharacterOffsetEnd>397</CharacterOffsetEnd>
            <POS>NN</POS>
            <NER>O</NER>
            <Speaker>PER0</Speaker>
          </token>
          <token id="16">
            <word>TRIED</word>
            <lemma>try</lemma>
            <CharacterOffsetBegin>398</CharacterOffsetBegin>
            <CharacterOffsetEnd>403</CharacterOffsetEnd>
            <POS>VBD</POS>
            <NER>O</NER>
            <Speaker>PER0</Speaker>
          </token>
          <token id="17">
            <word>AND</word>
            <lemma>and</lemma>
            <CharacterOffsetBegin>404</CharacterOffsetBegin>
            <CharacterOffsetEnd>407</CharacterOffsetEnd>
            <POS>CC</POS>
            <NER>O</NER>
            <Speaker>PER0</Speaker>
          </token>
          <token id="18">
            <word>SENTENCED</word>
            <lemma>sentence</lemma>
            <CharacterOffsetBegin>408</CharacterOffsetBegin>
            <CharacterOffsetEnd>417</CharacterOffsetEnd>
            <POS>VBN</POS>
            <NER>O</NER>
            <Speaker>PER0</Speaker>
          </token>
          <token id="19">
            <word>TO</word>
            <lemma>to</lemma>
            <CharacterOffsetBegin>418</CharacterOffsetBegin>
            <CharacterOffsetEnd>420</CharacterOffsetEnd>
            <POS>TO</POS>
            <NER>O</NER>
            <Speaker>PER0</Speaker>
          </token>
          <token id="20">
            <word>DEATH</word>
            <lemma>death</lemma>
            <CharacterOffsetBegin>421</CharacterOffsetBegin>
            <CharacterOffsetEnd>426</CharacterOffsetEnd>
            <POS>NN</POS>
            <NER>O</NER>
            <Speaker>PER0</Speaker>
          </token>
          <token id="21">
            <word>THE</word>
            <lemma>the</lemma>
            <CharacterOffsetBegin>427</CharacterOffsetBegin>
            <CharacterOffsetEnd>430</CharacterOffsetEnd>
            <POS>DT</POS>
            <NER>O</NER>
            <Speaker>PER0</Speaker>
          </token>
          <token id="22">
            <word>FOLLOWING</word>
            <lemma>follow</lemma>
            <CharacterOffsetBegin>431</CharacterOffsetBegin>
            <CharacterOffsetEnd>440</CharacterOffsetEnd>
            <POS>VBG</POS>
            <NER>O</NER>
            <Speaker>PER0</Speaker>
          </token>
          <token id="23">
            <word>TERRORISTS</word>
            <lemma>terrorist</lemma>
            <CharacterOffsetBegin>441</CharacterOffsetBegin>
            <CharacterOffsetEnd>451</CharacterOffsetEnd>
            <POS>NNS</POS>
            <NER>O</NER>
            <Speaker>PER0</Speaker>
          </token>
          <token id="24">
            <word>OF</word>
            <lemma>of</lemma>
            <CharacterOffsetBegin>452</CharacterOffsetBegin>
            <CharacterOffsetEnd>454</CharacterOffsetEnd>
            <POS>IN</POS>
            <NER>O</NER>
            <Speaker>PER0</Speaker>
          </token>
          <token id="25">
            <word>INTERNATIONAL</word>
            <lemma>international</lemma>
            <CharacterOffsetBegin>455</CharacterOffsetBegin>
            <CharacterOffsetEnd>468</CharacterOffsetEnd>
            <POS>JJ</POS>
            <NER>O</NER>
            <Speaker>PER0</Speaker>
          </token>
          <token id="26">
            <word>COMMUNISM</word>
            <lemma>communism</lemma>
            <CharacterOffsetBegin>469</CharacterOffsetBegin>
            <CharacterOffsetEnd>478</CharacterOffsetEnd>
            <POS>NN</POS>
            <NER>O</NER>
            <Speaker>PER0</Speaker>
          </token>
          <token id="27">
            <word>:</word>
            <lemma>:</lemma>
            <CharacterOffsetBegin>478</CharacterOffsetBegin>
            <CharacterOffsetEnd>479</CharacterOffsetEnd>
            <POS>:</POS>
            <NER>O</NER>
            <Speaker>PER0</Speaker>
          </token>
          <token id="28">
            <word>JORGE</word>
            <lemma>JORGE</lemma>
            <CharacterOffsetBegin>481</CharacterOffsetBegin>
            <CharacterOffsetEnd>486</CharacterOffsetEnd>
            <POS>NNP</POS>
            <NER>PERSON</NER>
            <Speaker>PER0</Speaker>
          </token>
          <token id="29">
            <word>ARTURO</word>
            <lemma>ARTURO</lemma>
            <CharacterOffsetBegin>487</CharacterOffsetBegin>
            <CharacterOffsetEnd>493</CharacterOffsetEnd>
            <POS>NNP</POS>
            <NER>PERSON</NER>
            <Speaker>PER0</Speaker>
          </token>
          <token id="30">
            <word>REINA</word>
            <lemma>REINA</lemma>
            <CharacterOffsetBegin>494</CharacterOffsetBegin>
            <CharacterOffsetEnd>499</CharacterOffsetEnd>
            <POS>NNP</POS>
            <NER>PERSON</NER>
            <Speaker>PER0</Speaker>
          </token>
          <token id="31">
            <word>,</word>
            <lemma>,</lemma>
            <CharacterOffsetBegin>499</CharacterOffsetBegin>
            <CharacterOffsetEnd>500</CharacterOffsetEnd>
            <POS>,</POS>
            <NER>O</NER>
            <Speaker>PER0</Speaker>
          </token>
          <token id="32">
            <word>JUAN</word>
            <lemma>JUAN</lemma>
            <CharacterOffsetBegin>501</CharacterOffsetBegin>
            <CharacterOffsetEnd>505</CharacterOffsetEnd>
            <POS>NNP</POS>
            <NER>PERSON</NER>
            <Speaker>PER0</Speaker>
          </token>
          <token id="33">
            <word>ALMENDAREZ</word>
            <lemma>ALMENDAREZ</lemma>
            <CharacterOffsetBegin>506</CharacterOffsetBegin>
            <CharacterOffsetEnd>516</CharacterOffsetEnd>
            <POS>NNP</POS>
            <NER>PERSON</NER>
            <Speaker>PER0</Speaker>
          </token>
          <token id="34">
            <word>BONILLA</word>
            <lemma>BONILLA</lemma>
            <CharacterOffsetBegin>517</CharacterOffsetBegin>
            <CharacterOffsetEnd>524</CharacterOffsetEnd>
            <POS>NNP</POS>
            <NER>PERSON</NER>
            <Speaker>PER0</Speaker>
          </token>
          <token id="35">
            <word>,</word>
            <lemma>,</lemma>
            <CharacterOffsetBegin>524</CharacterOffsetBegin>
            <CharacterOffsetEnd>525</CharacterOffsetEnd>
            <POS>,</POS>
            <NER>O</NER>
            <Speaker>PER0</Speaker>
          </token>
          <token id="36">
            <word>RAMON</word>
            <lemma>RAMON</lemma>
            <CharacterOffsetBegin>526</CharacterOffsetBegin>
            <CharacterOffsetEnd>531</CharacterOffsetEnd>
            <POS>NNP</POS>
            <NER>PERSON</NER>
            <Speaker>PER0</Speaker>
          </token>
          <token id="37">
            <word>CUSTODIO</word>
            <lemma>CUSTODIO</lemma>
            <CharacterOffsetBegin>532</CharacterOffsetBegin>
            <CharacterOffsetEnd>540</CharacterOffsetEnd>
            <POS>NNP</POS>
            <NER>PERSON</NER>
            <Speaker>PER0</Speaker>
          </token>
          <token id="38">
            <word>LOPEZ</word>
            <lemma>LOPEZ</lemma>
            <CharacterOffsetBegin>541</CharacterOffsetBegin>
            <CharacterOffsetEnd>546</CharacterOffsetEnd>
            <POS>NNP</POS>
            <NER>PERSON</NER>
            <Speaker>PER0</Speaker>
          </token>
          <token id="39">
            <word>,</word>
            <lemma>,</lemma>
            <CharacterOffsetBegin>546</CharacterOffsetBegin>
            <CharacterOffsetEnd>547</CharacterOffsetEnd>
            <POS>,</POS>
            <NER>O</NER>
            <Speaker>PER0</Speaker>
          </token>
          <token id="40">
            <word>ANIBAL</word>
            <lemma>ANIBAL</lemma>
            <CharacterOffsetBegin>548</CharacterOffsetBegin>
            <CharacterOffsetEnd>554</CharacterOffsetEnd>
            <POS>NNP</POS>
            <NER>PERSON</NER>
            <Speaker>PER0</Speaker>
          </token>
          <token id="41">
            <word>PUERTO</word>
            <lemma>PUERTO</lemma>
            <CharacterOffsetBegin>555</CharacterOffsetBegin>
            <CharacterOffsetEnd>561</CharacterOffsetEnd>
            <POS>NNP</POS>
            <NER>PERSON</NER>
            <Speaker>PER0</Speaker>
          </token>
          <token id="42">
            <word>,</word>
            <lemma>,</lemma>
            <CharacterOffsetBegin>561</CharacterOffsetBegin>
            <CharacterOffsetEnd>562</CharacterOffsetEnd>
            <POS>,</POS>
            <NER>O</NER>
            <Speaker>PER0</Speaker>
          </token>
          <token id="43">
            <word>AND</word>
            <lemma>and</lemma>
            <CharacterOffsetBegin>563</CharacterOffsetBegin>
            <CharacterOffsetEnd>566</CharacterOffsetEnd>
            <POS>CC</POS>
            <NER>O</NER>
            <Speaker>PER0</Speaker>
          </token>
          <token id="44">
            <word>HECTOR</word>
            <lemma>HECTOR</lemma>
            <CharacterOffsetBegin>567</CharacterOffsetBegin>
            <CharacterOffsetEnd>573</CharacterOffsetEnd>
            <POS>NNP</POS>
            <NER>PERSON</NER>
            <Speaker>PER0</Speaker>
          </token>
          <token id="45">
            <word>HERNANDEZ</word>
            <lemma>HERNANDEZ</lemma>
            <CharacterOffsetBegin>574</CharacterOffsetBegin>
            <CharacterOffsetEnd>583</CharacterOffsetEnd>
            <POS>NNP</POS>
            <NER>PERSON</NER>
            <Speaker>PER0</Speaker>
          </token>
          <token id="46">
            <word>.</word>
            <lemma>.</lemma>
            <CharacterOffsetBegin>583</CharacterOffsetBegin>
            <CharacterOffsetEnd>584</CharacterOffsetEnd>
            <POS>.</POS>
            <NER>O</NER>
            <Speaker>PER0</Speaker>
          </token>
        </tokens>
        <parse>(ROOT (S (PP (IN DURING) (NP (DT A) (NN MEETING))) (NP-TMP (NN TODAY)) (, ,) (NP (NP (DT THE) (JJ DEMOCRATIC) (JJ PATRIOTIC) (NNS COMMITTEES)) (CC AND) (NP (NP (PRP$ OUR) (NN ORGANIZATION) (POS 'S)) (JJ DISCIPLINARY) (NN TRIBUNAL))) (VP (VP (VBD TRIED)) (CC AND) (VP (VBN SENTENCED) (PP (TO TO) (NP (NN DEATH))) (NP (NP (NP (DT THE) (VBG FOLLOWING) (NNS TERRORISTS)) (PP (IN OF) (NP (JJ INTERNATIONAL) (NN COMMUNISM)))) (: :) (NP (NP (NNP JORGE) (NNP ARTURO) (NNP REINA)) (, ,) (NP (NNP JUAN) (NNP ALMENDAREZ) (NNP BONILLA)) (, ,) (NP (NNP RAMON) (NNP CUSTODIO) (NNP LOPEZ)) (, ,) (NP (NNP ANIBAL) (NNP PUERTO)) (, ,) (CC AND) (NP (NNP HECTOR) (NNP HERNANDEZ)))))) (. .))) </parse>
        <dependencies type="basic-dependencies">
          <dep type="root">
            <governor idx="0">ROOT</governor>
            <dependent idx="16">TRIED</dependent>
          </dep>
          <dep type="case">
            <governor idx="3">MEETING</governor>
            <dependent idx="1">DURING</dependent>
          </dep>
          <dep type="det">
            <governor idx="3">MEETING</governor>
            <dependent idx="2">A</dependent>
          </dep>
          <dep type="nmod">
            <governor idx="16">TRIED</governor>
            <dependent idx="3">MEETING</dependent>
          </dep>
          <dep type="nmod:tmod">
            <governor idx="16">TRIED</governor>
            <dependent idx="4">TODAY</dependent>
          </dep>
          <dep type="det">
            <governor idx="9">COMMITTEES</governor>
            <dependent idx="6">THE</dependent>
          </dep>
          <dep type="amod">
            <governor idx="9">COMMITTEES</governor>
            <dependent idx="7">DEMOCRATIC</dependent>
          </dep>
          <dep type="amod">
            <governor idx="9">COMMITTEES</governor>
            <dependent idx="8">PATRIOTIC</dependent>
          </dep>
          <dep type="nsubj">
            <governor idx="16">TRIED</governor>
            <dependent idx="9">COMMITTEES</dependent>
          </dep>
          <dep type="cc">
            <governor idx="9">COMMITTEES</governor>
            <dependent idx="10">AND</dependent>
          </dep>
          <dep type="nmod:poss">
            <governor idx="12">ORGANIZATION</governor>
            <dependent idx="11">OUR</dependent>
          </dep>
          <dep type="nmod:poss">
            <governor idx="15">TRIBUNAL</governor>
            <dependent idx="12">ORGANIZATION</dependent>
          </dep>
          <dep type="case">
            <governor idx="12">ORGANIZATION</governor>
            <dependent idx="13">'S</dependent>
          </dep>
          <dep type="amod">
            <governor idx="15">TRIBUNAL</governor>
            <dependent idx="14">DISCIPLINARY</dependent>
          </dep>
          <dep type="conj">
            <governor idx="9">COMMITTEES</governor>
            <dependent idx="15">TRIBUNAL</dependent>
          </dep>
          <dep type="cc">
            <governor idx="16">TRIED</governor>
            <dependent idx="17">AND</dependent>
          </dep>
          <dep type="conj">
            <governor idx="16">TRIED</governor>
            <dependent idx="18">SENTENCED</dependent>
          </dep>
          <dep type="case">
            <governor idx="20">DEATH</governor>
            <dependent idx="19">TO</dependent>
          </dep>
          <dep type="nmod">
            <governor idx="18">SENTENCED</governor>
            <dependent idx="20">DEATH</dependent>
          </dep>
          <dep type="det">
            <governor idx="23">TERRORISTS</governor>
            <dependent idx="21">THE</dependent>
          </dep>
          <dep type="amod">
            <governor idx="23">TERRORISTS</governor>
            <dependent idx="22">FOLLOWING</dependent>
          </dep>
          <dep type="dobj">
            <governor idx="18">SENTENCED</governor>
            <dependent idx="23">TERRORISTS</dependent>
          </dep>
          <dep type="case">
            <governor idx="26">COMMUNISM</governor>
            <dependent idx="24">OF</dependent>
          </dep>
          <dep type="amod">
            <governor idx="26">COMMUNISM</governor>
            <dependent idx="25">INTERNATIONAL</dependent>
          </dep>
          <dep type="nmod">
            <governor idx="23">TERRORISTS</governor>
            <dependent idx="26">COMMUNISM</dependent>
          </dep>
          <dep type="compound">
            <governor idx="30">REINA</governor>
            <dependent idx="28">JORGE</dependent>
          </dep>
          <dep type="compound">
            <governor idx="30">REINA</governor>
            <dependent idx="29">ARTURO</dependent>
          </dep>
          <dep type="dep">
            <governor idx="23">TERRORISTS</governor>
            <dependent idx="30">REINA</dependent>
          </dep>
          <dep type="compound">
            <governor idx="34">BONILLA</governor>
            <dependent idx="32">JUAN</dependent>
          </dep>
          <dep type="compound">
            <governor idx="34">BONILLA</governor>
            <dependent idx="33">ALMENDAREZ</dependent>
          </dep>
          <dep type="conj">
            <governor idx="30">REINA</governor>
            <dependent idx="34">BONILLA</dependent>
          </dep>
          <dep type="compound">
            <governor idx="38">LOPEZ</governor>
            <dependent idx="36">RAMON</dependent>
          </dep>
          <dep type="compound">
            <governor idx="38">LOPEZ</governor>
            <dependent idx="37">CUSTODIO</dependent>
          </dep>
          <dep type="conj">
            <governor idx="30">REINA</governor>
            <dependent idx="38">LOPEZ</dependent>
          </dep>
          <dep type="compound">
            <governor idx="41">PUERTO</governor>
            <dependent idx="40">ANIBAL</dependent>
          </dep>
          <dep type="conj">
            <governor idx="30">REINA</governor>
            <dependent idx="41">PUERTO</dependent>
          </dep>
          <dep type="cc">
            <governor idx="30">REINA</governor>
            <dependent idx="43">AND</dependent>
          </dep>
          <dep type="compound">
            <governor idx="45">HERNANDEZ</governor>
            <dependent idx="44">HECTOR</dependent>
          </dep>
          <dep type="conj">
            <governor idx="30">REINA</governor>
            <dependent idx="45">HERNANDEZ</dependent>
          </dep>
        </dependencies>
        <dependencies type="collapsed-dependencies">
          <dep type="root">
            <governor idx="0">ROOT</governor>
            <dependent idx="16">TRIED</dependent>
          </dep>
          <dep type="case">
            <governor idx="3">MEETING</governor>
            <dependent idx="1">DURING</dependent>
          </dep>
          <dep type="det">
            <governor idx="3">MEETING</governor>
            <dependent idx="2">A</dependent>
          </dep>
          <dep type="nmod:during">
            <governor idx="16">TRIED</governor>
            <dependent idx="3">MEETING</dependent>
          </dep>
          <dep type="nmod:tmod">
            <governor idx="16">TRIED</governor>
            <dependent idx="4">TODAY</dependent>
          </dep>
          <dep type="det">
            <governor idx="9">COMMITTEES</governor>
            <dependent idx="6">THE</dependent>
          </dep>
          <dep type="amod">
            <governor idx="9">COMMITTEES</governor>
            <dependent idx="7">DEMOCRATIC</dependent>
          </dep>
          <dep type="amod">
            <governor idx="9">COMMITTEES</governor>
            <dependent idx="8">PATRIOTIC</dependent>
          </dep>
          <dep type="nsubj">
            <governor idx="16">TRIED</governor>
            <dependent idx="9">COMMITTEES</dependent>
          </dep>
          <dep type="cc">
            <governor idx="9">COMMITTEES</governor>
            <dependent idx="10">AND</dependent>
          </dep>
          <dep type="nmod:poss">
            <governor idx="12">ORGANIZATION</governor>
            <dependent idx="11">OUR</dependent>
          </dep>
          <dep type="nmod:poss">
            <governor idx="15">TRIBUNAL</governor>
            <dependent idx="12">ORGANIZATION</dependent>
          </dep>
          <dep type="case">
            <governor idx="12">ORGANIZATION</governor>
            <dependent idx="13">'S</dependent>
          </dep>
          <dep type="amod">
            <governor idx="15">TRIBUNAL</governor>
            <dependent idx="14">DISCIPLINARY</dependent>
          </dep>
          <dep type="conj:and">
            <governor idx="9">COMMITTEES</governor>
            <dependent idx="15">TRIBUNAL</dependent>
          </dep>
          <dep type="cc">
            <governor idx="16">TRIED</governor>
            <dependent idx="17">AND</dependent>
          </dep>
          <dep type="conj:and">
            <governor idx="16">TRIED</governor>
            <dependent idx="18">SENTENCED</dependent>
          </dep>
          <dep type="case">
            <governor idx="20">DEATH</governor>
            <dependent idx="19">TO</dependent>
          </dep>
          <dep type="nmod:to">
            <governor idx="18">SENTENCED</governor>
            <dependent idx="20">DEATH</dependent>
          </dep>
          <dep type="det">
            <governor idx="23">TERRORISTS</governor>
            <dependent idx="21">THE</dependent>
          </dep>
          <dep type="amod">
            <governor idx="23">TERRORISTS</governor>
            <dependent idx="22">FOLLOWING</dependent>
          </dep>
          <dep type="dobj">
            <governor idx="18">SENTENCED</governor>
            <dependent idx="23">TERRORISTS</dependent>
          </dep>
          <dep type="case">
            <governor idx="26">COMMUNISM</governor>
            <dependent idx="24">OF</dependent>
          </dep>
          <dep type="amod">
            <governor idx="26">COMMUNISM</governor>
            <dependent idx="25">INTERNATIONAL</dependent>
          </dep>
          <dep type="nmod:of">
            <governor idx="23">TERRORISTS</governor>
            <dependent idx="26">COMMUNISM</dependent>
          </dep>
          <dep type="compound">
            <governor idx="30">REINA</governor>
            <dependent idx="28">JORGE</dependent>
          </dep>
          <dep type="compound">
            <governor idx="30">REINA</governor>
            <dependent idx="29">ARTURO</dependent>
          </dep>
          <dep type="dep">
            <governor idx="23">TERRORISTS</governor>
            <dependent idx="30">REINA</dependent>
          </dep>
          <dep type="compound">
            <governor idx="34">BONILLA</governor>
            <dependent idx="32">JUAN</dependent>
          </dep>
          <dep type="compound">
            <governor idx="34">BONILLA</governor>
            <dependent idx="33">ALMENDAREZ</dependent>
          </dep>
          <dep type="conj:and">
            <governor idx="30">REINA</governor>
            <dependent idx="34">BONILLA</dependent>
          </dep>
          <dep type="compound">
            <governor idx="38">LOPEZ</governor>
            <dependent idx="36">RAMON</dependent>
          </dep>
          <dep type="compound">
            <governor idx="38">LOPEZ</governor>
            <dependent idx="37">CUSTODIO</dependent>
          </dep>
          <dep type="conj:and">
            <governor idx="30">REINA</governor>
            <dependent idx="38">LOPEZ</dependent>
          </dep>
          <dep type="compound">
            <governor idx="41">PUERTO</governor>
            <dependent idx="40">ANIBAL</dependent>
          </dep>
          <dep type="conj:and">
            <governor idx="30">REINA</governor>
            <dependent idx="41">PUERTO</dependent>
          </dep>
          <dep type="cc">
            <governor idx="30">REINA</governor>
            <dependent idx="43">AND</dependent>
          </dep>
          <dep type="compound">
            <governor idx="45">HERNANDEZ</governor>
            <dependent idx="44">HECTOR</dependent>
          </dep>
          <dep type="conj:and">
            <governor idx="30">REINA</governor>
            <dependent idx="45">HERNANDEZ</dependent>
          </dep>
        </dependencies>
        <dependencies type="collapsed-ccprocessed-dependencies">
          <dep type="root">
            <governor idx="0">ROOT</governor>
            <dependent idx="16">TRIED</dependent>
          </dep>
          <dep type="case">
            <governor idx="3">MEETING</governor>
            <dependent idx="1">DURING</dependent>
          </dep>
          <dep type="det">
            <governor idx="3">MEETING</governor>
            <dependent idx="2">A</dependent>
          </dep>
          <dep type="nmod:during">
            <governor idx="16">TRIED</governor>
            <dependent idx="3">MEETING</dependent>
          </dep>
          <dep type="nmod:tmod">
            <governor idx="16">TRIED</governor>
            <dependent idx="4">TODAY</dependent>
          </dep>
          <dep type="det">
            <governor idx="9">COMMITTEES</governor>
            <dependent idx="6">THE</dependent>
          </dep>
          <dep type="amod">
            <governor idx="9">COMMITTEES</governor>
            <dependent idx="7">DEMOCRATIC</dependent>
          </dep>
          <dep type="amod">
            <governor idx="9">COMMITTEES</governor>
            <dependent idx="8">PATRIOTIC</dependent>
          </dep>
          <dep type="nsubj">
            <governor idx="16">TRIED</governor>
            <dependent idx="9">COMMITTEES</dependent>
          </dep>
          <dep type="nsubj" extra="true">
            <governor idx="18">SENTENCED</governor>
            <dependent idx="9">COMMITTEES</dependent>
          </dep>
          <dep type="cc">
            <governor idx="9">COMMITTEES</governor>
            <dependent idx="10">AND</dependent>
          </dep>
          <dep type="nmod:poss">
            <governor idx="12">ORGANIZATION</governor>
            <dependent idx="11">OUR</dependent>
          </dep>
          <dep type="nmod:poss">
            <governor idx="15">TRIBUNAL</governor>
            <dependent idx="12">ORGANIZATION</dependent>
          </dep>
          <dep type="case">
            <governor idx="12">ORGANIZATION</governor>
            <dependent idx="13">'S</dependent>
          </dep>
          <dep type="amod">
            <governor idx="15">TRIBUNAL</governor>
            <dependent idx="14">DISCIPLINARY</dependent>
          </dep>
          <dep type="conj:and">
            <governor idx="9">COMMITTEES</governor>
            <dependent idx="15">TRIBUNAL</dependent>
          </dep>
          <dep type="nsubj" extra="true">
            <governor idx="16">TRIED</governor>
            <dependent idx="15">TRIBUNAL</dependent>
          </dep>
          <dep type="cc">
            <governor idx="16">TRIED</governor>
            <dependent idx="17">AND</dependent>
          </dep>
          <dep type="conj:and">
            <governor idx="16">TRIED</governor>
            <dependent idx="18">SENTENCED</dependent>
          </dep>
          <dep type="case">
            <governor idx="20">DEATH</governor>
            <dependent idx="19">TO</dependent>
          </dep>
          <dep type="nmod:to">
            <governor idx="18">SENTENCED</governor>
            <dependent idx="20">DEATH</dependent>
          </dep>
          <dep type="det">
            <governor idx="23">TERRORISTS</governor>
            <dependent idx="21">THE</dependent>
          </dep>
          <dep type="amod">
            <governor idx="23">TERRORISTS</governor>
            <dependent idx="22">FOLLOWING</dependent>
          </dep>
          <dep type="dobj">
            <governor idx="18">SENTENCED</governor>
            <dependent idx="23">TERRORISTS</dependent>
          </dep>
          <dep type="case">
            <governor idx="26">COMMUNISM</governor>
            <dependent idx="24">OF</dependent>
          </dep>
          <dep type="amod">
            <governor idx="26">COMMUNISM</governor>
            <dependent idx="25">INTERNATIONAL</dependent>
          </dep>
          <dep type="nmod:of">
            <governor idx="23">TERRORISTS</governor>
            <dependent idx="26">COMMUNISM</dependent>
          </dep>
          <dep type="compound">
            <governor idx="30">REINA</governor>
            <dependent idx="28">JORGE</dependent>
          </dep>
          <dep type="compound">
            <governor idx="30">REINA</governor>
            <dependent idx="29">ARTURO</dependent>
          </dep>
          <dep type="dep">
            <governor idx="23">TERRORISTS</governor>
            <dependent idx="30">REINA</dependent>
          </dep>
          <dep type="compound">
            <governor idx="34">BONILLA</governor>
            <dependent idx="32">JUAN</dependent>
          </dep>
          <dep type="compound">
            <governor idx="34">BONILLA</governor>
            <dependent idx="33">ALMENDAREZ</dependent>
          </dep>
          <dep type="dep" extra="true">
            <governor idx="23">TERRORISTS</governor>
            <dependent idx="34">BONILLA</dependent>
          </dep>
          <dep type="conj:and">
            <governor idx="30">REINA</governor>
            <dependent idx="34">BONILLA</dependent>
          </dep>
          <dep type="compound">
            <governor idx="38">LOPEZ</governor>
            <dependent idx="36">RAMON</dependent>
          </dep>
          <dep type="compound">
            <governor idx="38">LOPEZ</governor>
            <dependent idx="37">CUSTODIO</dependent>
          </dep>
          <dep type="dep" extra="true">
            <governor idx="23">TERRORISTS</governor>
            <dependent idx="38">LOPEZ</dependent>
          </dep>
          <dep type="conj:and">
            <governor idx="30">REINA</governor>
            <dependent idx="38">LOPEZ</dependent>
          </dep>
          <dep type="compound">
            <governor idx="41">PUERTO</governor>
            <dependent idx="40">ANIBAL</dependent>
          </dep>
          <dep type="dep" extra="true">
            <governor idx="23">TERRORISTS</governor>
            <dependent idx="41">PUERTO</dependent>
          </dep>
          <dep type="conj:and">
            <governor idx="30">REINA</governor>
            <dependent idx="41">PUERTO</dependent>
          </dep>
          <dep type="cc">
            <governor idx="30">REINA</governor>
            <dependent idx="43">AND</dependent>
          </dep>
          <dep type="compound">
            <governor idx="45">HERNANDEZ</governor>
            <dependent idx="44">HECTOR</dependent>
          </dep>
          <dep type="dep" extra="true">
            <governor idx="23">TERRORISTS</governor>
            <dependent idx="45">HERNANDEZ</dependent>
          </dep>
          <dep type="conj:and">
            <governor idx="30">REINA</governor>
            <dependent idx="45">HERNANDEZ</dependent>
          </dep>
        </dependencies>
      </sentence>
      <sentence id="3">
        <tokens>
          <token id="1">
            <word>2</word>
            <lemma>2</lemma>
            <CharacterOffsetBegin>589</CharacterOffsetBegin>
            <CharacterOffsetEnd>590</CharacterOffsetEnd>
            <POS>LS</POS>
            <NER>NUMBER</NER>
            <NormalizedNER>2.0</NormalizedNER>
            <Speaker>PER0</Speaker>
          </token>
          <token id="2">
            <word>.</word>
            <lemma>.</lemma>
            <CharacterOffsetBegin>590</CharacterOffsetBegin>
            <CharacterOffsetEnd>591</CharacterOffsetEnd>
            <POS>.</POS>
            <NER>O</NER>
            <Speaker>PER0</Speaker>
          </token>
        </tokens>
        <parse>(ROOT (S (VP (LS 2)) (. .))) </parse>
        <dependencies type="basic-dependencies">
          <dep type="root">
            <governor idx="0">ROOT</governor>
            <dependent idx="1">2</dependent>
          </dep>
        </dependencies>
        <dependencies type="collapsed-dependencies">
          <dep type="root">
            <governor idx="0">ROOT</governor>
            <dependent idx="1">2</dependent>
          </dep>
        </dependencies>
        <dependencies type="collapsed-ccprocessed-dependencies">
          <dep type="root">
            <governor idx="0">ROOT</governor>
            <dependent idx="1">2</dependent>
          </dep>
        </dependencies>
      </sentence>
      <sentence id="4">
        <tokens>
          <token id="1">
            <word>THESE</word>
            <lemma>these</lemma>
            <CharacterOffsetBegin>593</CharacterOffsetBegin>
            <CharacterOffsetEnd>598</CharacterOffsetEnd>
            <POS>DT</POS>
            <NER>O</NER>
            <Speaker>PER0</Speaker>
          </token>
          <token id="2">
            <word>PEOPLE</word>
            <lemma>people</lemma>
            <CharacterOffsetBegin>599</CharacterOffsetBegin>
            <CharacterOffsetEnd>605</CharacterOffsetEnd>
            <POS>NNS</POS>
            <NER>O</NER>
            <Speaker>PER0</Speaker>
          </token>
          <token id="3">
            <word>WILL</word>
            <lemma>will</lemma>
            <CharacterOffsetBegin>606</CharacterOffsetBegin>
            <CharacterOffsetEnd>610</CharacterOffsetEnd>
            <POS>MD</POS>
            <NER>O</NER>
            <Speaker>PER0</Speaker>
          </token>
          <token id="4">
            <word>BE</word>
            <lemma>be</lemma>
            <CharacterOffsetBegin>611</CharacterOffsetBegin>
            <CharacterOffsetEnd>613</CharacterOffsetEnd>
            <POS>VB</POS>
            <NER>O</NER>
            <Speaker>PER0</Speaker>
          </token>
          <token id="5">
            <word>EXECUTED</word>
            <lemma>execute</lemma>
            <CharacterOffsetBegin>614</CharacterOffsetBegin>
            <CharacterOffsetEnd>622</CharacterOffsetEnd>
            <POS>VBN</POS>
            <NER>O</NER>
            <Speaker>PER0</Speaker>
          </token>
          <token id="6">
            <word>BEGINNING</word>
            <lemma>begin</lemma>
            <CharacterOffsetBegin>623</CharacterOffsetBegin>
            <CharacterOffsetEnd>632</CharacterOffsetEnd>
            <POS>VBG</POS>
            <NER>O</NER>
            <Speaker>PER0</Speaker>
          </token>
          <token id="7">
            <word>ON</word>
            <lemma>on</lemma>
            <CharacterOffsetBegin>633</CharacterOffsetBegin>
            <CharacterOffsetEnd>635</CharacterOffsetEnd>
            <POS>IN</POS>
            <NER>O</NER>
            <Speaker>PER0</Speaker>
          </token>
          <token id="8">
            <word>THIS</word>
            <lemma>this</lemma>
            <CharacterOffsetBegin>636</CharacterOffsetBegin>
            <CharacterOffsetEnd>640</CharacterOffsetEnd>
            <POS>DT</POS>
            <NER>O</NER>
            <Speaker>PER0</Speaker>
          </token>
          <token id="9">
            <word>DATE</word>
            <lemma>date</lemma>
            <CharacterOffsetBegin>641</CharacterOffsetBegin>
            <CharacterOffsetEnd>645</CharacterOffsetEnd>
            <POS>NN</POS>
            <NER>O</NER>
            <Speaker>PER0</Speaker>
          </token>
          <token id="10">
            <word>FOR</word>
            <lemma>for</lemma>
            <CharacterOffsetBegin>646</CharacterOffsetBegin>
            <CharacterOffsetEnd>649</CharacterOffsetEnd>
            <POS>IN</POS>
            <NER>O</NER>
            <Speaker>PER0</Speaker>
          </token>
          <token id="11">
            <word>THE</word>
            <lemma>the</lemma>
            <CharacterOffsetBegin>650</CharacterOffsetBegin>
            <CharacterOffsetEnd>653</CharacterOffsetEnd>
            <POS>DT</POS>
            <NER>O</NER>
            <Speaker>PER0</Speaker>
          </token>
          <token id="12">
            <word>SAKE</word>
            <lemma>sake</lemma>
            <CharacterOffsetBegin>654</CharacterOffsetBegin>
            <CharacterOffsetEnd>658</CharacterOffsetEnd>
            <POS>NN</POS>
            <NER>O</NER>
            <Speaker>PER0</Speaker>
          </token>
          <token id="13">
            <word>OF</word>
            <lemma>of</lemma>
            <CharacterOffsetBegin>659</CharacterOffsetBegin>
            <CharacterOffsetEnd>661</CharacterOffsetEnd>
            <POS>IN</POS>
            <NER>O</NER>
            <Speaker>PER0</Speaker>
          </token>
          <token id="14">
            <word>LOVE</word>
            <lemma>love</lemma>
            <CharacterOffsetBegin>662</CharacterOffsetBegin>
            <CharacterOffsetEnd>666</CharacterOffsetEnd>
            <POS>NN</POS>
            <NER>O</NER>
            <Speaker>PER0</Speaker>
          </token>
          <token id="15">
            <word>AND</word>
            <lemma>and</lemma>
            <CharacterOffsetBegin>667</CharacterOffsetBegin>
            <CharacterOffsetEnd>670</CharacterOffsetEnd>
            <POS>CC</POS>
            <NER>O</NER>
            <Speaker>PER0</Speaker>
          </token>
          <token id="16">
            <word>FREEDOM</word>
            <lemma>freedom</lemma>
            <CharacterOffsetBegin>671</CharacterOffsetBegin>
            <CharacterOffsetEnd>678</CharacterOffsetEnd>
            <POS>NN</POS>
            <NER>O</NER>
            <Speaker>PER0</Speaker>
          </token>
          <token id="17">
            <word>.</word>
            <lemma>.</lemma>
            <CharacterOffsetBegin>678</CharacterOffsetBegin>
            <CharacterOffsetEnd>679</CharacterOffsetEnd>
            <POS>.</POS>
            <NER>O</NER>
            <Speaker>PER0</Speaker>
          </token>
        </tokens>
        <parse>(ROOT (S (NP (DT THESE) (NNS PEOPLE)) (VP (MD WILL) (VP (VB BE) (VP (VBN EXECUTED) (PP (VBG BEGINNING) (PP (IN ON) (NP (NP (DT THIS) (NN DATE)) (PP (IN FOR) (NP (NP (DT THE) (NN SAKE)) (PP (IN OF) (NP (NN LOVE) (CC AND) (NN FREEDOM))))))))))) (. .))) </parse>
        <dependencies type="basic-dependencies">
          <dep type="root">
            <governor idx="0">ROOT</governor>
            <dependent idx="5">EXECUTED</dependent>
          </dep>
          <dep type="det">
            <governor idx="2">PEOPLE</governor>
            <dependent idx="1">THESE</dependent>
          </dep>
          <dep type="nsubjpass">
            <governor idx="5">EXECUTED</governor>
            <dependent idx="2">PEOPLE</dependent>
          </dep>
          <dep type="aux">
            <governor idx="5">EXECUTED</governor>
            <dependent idx="3">WILL</dependent>
          </dep>
          <dep type="auxpass">
            <governor idx="5">EXECUTED</governor>
            <dependent idx="4">BE</dependent>
          </dep>
          <dep type="case">
            <governor idx="9">DATE</governor>
            <dependent idx="6">BEGINNING</dependent>
          </dep>
          <dep type="case">
            <governor idx="9">DATE</governor>
            <dependent idx="7">ON</dependent>
          </dep>
          <dep type="det">
            <governor idx="9">DATE</governor>
            <dependent idx="8">THIS</dependent>
          </dep>
          <dep type="advcl">
            <governor idx="5">EXECUTED</governor>
            <dependent idx="9">DATE</dependent>
          </dep>
          <dep type="case">
            <governor idx="12">SAKE</governor>
            <dependent idx="10">FOR</dependent>
          </dep>
          <dep type="det">
            <governor idx="12">SAKE</governor>
            <dependent idx="11">THE</dependent>
          </dep>
          <dep type="nmod">
            <governor idx="9">DATE</governor>
            <dependent idx="12">SAKE</dependent>
          </dep>
          <dep type="case">
            <governor idx="14">LOVE</governor>
            <dependent idx="13">OF</dependent>
          </dep>
          <dep type="nmod">
            <governor idx="12">SAKE</governor>
            <dependent idx="14">LOVE</dependent>
          </dep>
          <dep type="cc">
            <governor idx="14">LOVE</governor>
            <dependent idx="15">AND</dependent>
          </dep>
          <dep type="conj">
            <governor idx="14">LOVE</governor>
            <dependent idx="16">FREEDOM</dependent>
          </dep>
        </dependencies>
        <dependencies type="collapsed-dependencies">
          <dep type="root">
            <governor idx="0">ROOT</governor>
            <dependent idx="5">EXECUTED</dependent>
          </dep>
          <dep type="det">
            <governor idx="2">PEOPLE</governor>
            <dependent idx="1">THESE</dependent>
          </dep>
          <dep type="nsubjpass">
            <governor idx="5">EXECUTED</governor>
            <dependent idx="2">PEOPLE</dependent>
          </dep>
          <dep type="aux">
            <governor idx="5">EXECUTED</governor>
            <dependent idx="3">WILL</dependent>
          </dep>
          <dep type="auxpass">
            <governor idx="5">EXECUTED</governor>
            <dependent idx="4">BE</dependent>
          </dep>
          <dep type="case">
            <governor idx="9">DATE</governor>
            <dependent idx="6">BEGINNING</dependent>
          </dep>
          <dep type="case">
            <governor idx="9">DATE</governor>
            <dependent idx="7">ON</dependent>
          </dep>
          <dep type="det">
            <governor idx="9">DATE</governor>
            <dependent idx="8">THIS</dependent>
          </dep>
          <dep type="advcl:on">
            <governor idx="5">EXECUTED</governor>
            <dependent idx="9">DATE</dependent>
          </dep>
          <dep type="case">
            <governor idx="12">SAKE</governor>
            <dependent idx="10">FOR</dependent>
          </dep>
          <dep type="det">
            <governor idx="12">SAKE</governor>
            <dependent idx="11">THE</dependent>
          </dep>
          <dep type="nmod:for">
            <governor idx="9">DATE</governor>
            <dependent idx="12">SAKE</dependent>
          </dep>
          <dep type="case">
            <governor idx="14">LOVE</governor>
            <dependent idx="13">OF</dependent>
          </dep>
          <dep type="nmod:of">
            <governor idx="12">SAKE</governor>
            <dependent idx="14">LOVE</dependent>
          </dep>
          <dep type="cc">
            <governor idx="14">LOVE</governor>
            <dependent idx="15">AND</dependent>
          </dep>
          <dep type="conj:and">
            <governor idx="14">LOVE</governor>
            <dependent idx="16">FREEDOM</dependent>
          </dep>
        </dependencies>
        <dependencies type="collapsed-ccprocessed-dependencies">
          <dep type="root">
            <governor idx="0">ROOT</governor>
            <dependent idx="5">EXECUTED</dependent>
          </dep>
          <dep type="det">
            <governor idx="2">PEOPLE</governor>
            <dependent idx="1">THESE</dependent>
          </dep>
          <dep type="nsubjpass">
            <governor idx="5">EXECUTED</governor>
            <dependent idx="2">PEOPLE</dependent>
          </dep>
          <dep type="aux">
            <governor idx="5">EXECUTED</governor>
            <dependent idx="3">WILL</dependent>
          </dep>
          <dep type="auxpass">
            <governor idx="5">EXECUTED</governor>
            <dependent idx="4">BE</dependent>
          </dep>
          <dep type="case">
            <governor idx="9">DATE</governor>
            <dependent idx="6">BEGINNING</dependent>
          </dep>
          <dep type="case">
            <governor idx="9">DATE</governor>
            <dependent idx="7">ON</dependent>
          </dep>
          <dep type="det">
            <governor idx="9">DATE</governor>
            <dependent idx="8">THIS</dependent>
          </dep>
          <dep type="advcl:on">
            <governor idx="5">EXECUTED</governor>
            <dependent idx="9">DATE</dependent>
          </dep>
          <dep type="case">
            <governor idx="12">SAKE</governor>
            <dependent idx="10">FOR</dependent>
          </dep>
          <dep type="det">
            <governor idx="12">SAKE</governor>
            <dependent idx="11">THE</dependent>
          </dep>
          <dep type="nmod:for">
            <governor idx="9">DATE</governor>
            <dependent idx="12">SAKE</dependent>
          </dep>
          <dep type="case">
            <governor idx="14">LOVE</governor>
            <dependent idx="13">OF</dependent>
          </dep>
          <dep type="nmod:of">
            <governor idx="12">SAKE</governor>
            <dependent idx="14">LOVE</dependent>
          </dep>
          <dep type="cc">
            <governor idx="14">LOVE</governor>
            <dependent idx="15">AND</dependent>
          </dep>
          <dep type="nmod:of" extra="true">
            <governor idx="12">SAKE</governor>
            <dependent idx="16">FREEDOM</dependent>
          </dep>
          <dep type="conj:and">
            <governor idx="14">LOVE</governor>
            <dependent idx="16">FREEDOM</dependent>
          </dep>
        </dependencies>
      </sentence>
      <sentence id="5">
        <tokens>
          <token id="1">
            <word>DEATH</word>
            <lemma>death</lemma>
            <CharacterOffsetBegin>681</CharacterOffsetBegin>
            <CharacterOffsetEnd>686</CharacterOffsetEnd>
            <POS>NN</POS>
            <NER>O</NER>
            <Speaker>PER0</Speaker>
          </token>
          <token id="2">
            <word>TO</word>
            <lemma>to</lemma>
            <CharacterOffsetBegin>687</CharacterOffsetBegin>
            <CharacterOffsetEnd>689</CharacterOffsetEnd>
            <POS>TO</POS>
            <NER>O</NER>
            <Speaker>PER0</Speaker>
          </token>
          <token id="3">
            <word>COMMUNISM</word>
            <lemma>communism</lemma>
            <CharacterOffsetBegin>690</CharacterOffsetBegin>
            <CharacterOffsetEnd>699</CharacterOffsetEnd>
            <POS>NN</POS>
            <NER>O</NER>
            <Speaker>PER0</Speaker>
          </token>
          <token id="4">
            <word>!</word>
            <lemma>!</lemma>
            <CharacterOffsetBegin>699</CharacterOffsetBegin>
            <CharacterOffsetEnd>700</CharacterOffsetEnd>
            <POS>.</POS>
            <NER>O</NER>
            <Speaker>PER0</Speaker>
          </token>
        </tokens>
        <parse>(ROOT (NP (NP (NN DEATH)) (PP (TO TO) (NP (NN COMMUNISM))) (. !))) </parse>
        <dependencies type="basic-dependencies">
          <dep type="root">
            <governor idx="0">ROOT</governor>
            <dependent idx="1">DEATH</dependent>
          </dep>
          <dep type="case">
            <governor idx="3">COMMUNISM</governor>
            <dependent idx="2">TO</dependent>
          </dep>
          <dep type="nmod">
            <governor idx="1">DEATH</governor>
            <dependent idx="3">COMMUNISM</dependent>
          </dep>
        </dependencies>
        <dependencies type="collapsed-dependencies">
          <dep type="root">
            <governor idx="0">ROOT</governor>
            <dependent idx="1">DEATH</dependent>
          </dep>
          <dep type="case">
            <governor idx="3">COMMUNISM</governor>
            <dependent idx="2">TO</dependent>
          </dep>
          <dep type="nmod:to">
            <governor idx="1">DEATH</governor>
            <dependent idx="3">COMMUNISM</dependent>
          </dep>
        </dependencies>
        <dependencies type="collapsed-ccprocessed-dependencies">
          <dep type="root">
            <governor idx="0">ROOT</governor>
            <dependent idx="1">DEATH</dependent>
          </dep>
          <dep type="case">
            <governor idx="3">COMMUNISM</governor>
            <dependent idx="2">TO</dependent>
          </dep>
          <dep type="nmod:to">
            <governor idx="1">DEATH</governor>
            <dependent idx="3">COMMUNISM</dependent>
          </dep>
        </dependencies>
      </sentence>
    </sentences>
    <coreference>
      <coreference>
        <mention representative="true">
          <sentence>1</sentence>
          <start>14</start>
          <end>21</end>
          <head>17</head>
          <text>-LSB- ANTICOMMUNIST ACTION ALLIANCE -LRB- AAA -RRB-</text>
        </mention>
        <mention>
          <sentence>1</sentence>
          <start>25</start>
          <end>29</end>
          <head>28</head>
          <text>THE ANTICOMMUNIST ACTION ALLIANCE</text>
        </mention>
      </coreference>
      <coreference>
        <mention representative="true">
          <sentence>1</sentence>
          <start>39</start>
          <end>42</end>
          <head>41</head>
          <text>THE HONDURAN PEOPLE</text>
        </mention>
        <mention>
          <sentence>4</sentence>
          <start>1</start>
          <end>3</end>
          <head>2</head>
          <text>THESE PEOPLE</text>
        </mention>
      </coreference>
    </coreference>
  </document>
</root>
