<?xml version="1.0" encoding="ASCII"?>
<?xml-stylesheet href="CoreNLP-to-HTML.xsl" type="text/xsl"?>
<root>
  <document>
    <sentences>
      <sentence id="1">
        <tokens>
          <token id="1">
            <word>DEV-MUC3-0048</word>
            <lemma>dev-muc3-0048</lemma>
            <CharacterOffsetBegin>0</CharacterOffsetBegin>
            <CharacterOffsetEnd>13</CharacterOffsetEnd>
            <POS>NN</POS>
            <NER>O</NER>
            <Speaker>PER0</Speaker>
          </token>
          <token id="2">
            <word>-LRB-</word>
            <lemma>-lrb-</lemma>
            <CharacterOffsetBegin>14</CharacterOffsetBegin>
            <CharacterOffsetEnd>15</CharacterOffsetEnd>
            <POS>-LRB-</POS>
            <NER>O</NER>
            <Speaker>PER0</Speaker>
          </token>
          <token id="3">
            <word>NOSC</word>
            <lemma>nosc</lemma>
            <CharacterOffsetBegin>15</CharacterOffsetBegin>
            <CharacterOffsetEnd>19</CharacterOffsetEnd>
            <POS>NN</POS>
            <NER>O</NER>
            <Speaker>PER0</Speaker>
          </token>
          <token id="4">
            <word>-RRB-</word>
            <lemma>-rrb-</lemma>
            <CharacterOffsetBegin>19</CharacterOffsetBegin>
            <CharacterOffsetEnd>20</CharacterOffsetEnd>
            <POS>-RRB-</POS>
            <NER>O</NER>
            <Speaker>PER0</Speaker>
          </token>
          <token id="5">
            <word>BUENOS</word>
            <lemma>BUENOS</lemma>
            <CharacterOffsetBegin>25</CharacterOffsetBegin>
            <CharacterOffsetEnd>31</CharacterOffsetEnd>
            <POS>NNP</POS>
            <NER>LOCATION</NER>
            <Speaker>PER0</Speaker>
          </token>
          <token id="6">
            <word>AIRES</word>
            <lemma>AIRES</lemma>
            <CharacterOffsetBegin>32</CharacterOffsetBegin>
            <CharacterOffsetEnd>37</CharacterOffsetEnd>
            <POS>NNP</POS>
            <NER>LOCATION</NER>
            <Speaker>PER0</Speaker>
          </token>
          <token id="7">
            <word>,</word>
            <lemma>,</lemma>
            <CharacterOffsetBegin>37</CharacterOffsetBegin>
            <CharacterOffsetEnd>38</CharacterOffsetEnd>
            <POS>,</POS>
            <NER>O</NER>
            <Speaker>PER0</Speaker>
          </token>
          <token id="8">
            <word>26</word>
            <lemma>26</lemma>
            <CharacterOffsetBegin>39</CharacterOffsetBegin>
            <CharacterOffsetEnd>41</CharacterOffsetEnd>
            <POS>CD</POS>
            <NER>DATE</NER>
            <NormalizedNER>XXXX-01-26</NormalizedNER>
            <Speaker>PER0</Speaker>
            <Timex tid="t1" type="DATE">XXXX-01-26</Timex>
          </token>
          <token id="9">
            <word>JAN</word>
            <lemma>JAN</lemma>
            <CharacterOffsetBegin>42</CharacterOffsetBegin>
            <CharacterOffsetEnd>45</CharacterOffsetEnd>
            <POS>NNP</POS>
            <NER>DATE</NER>
            <NormalizedNER>XXXX-01-26</NormalizedNER>
            <Speaker>PER0</Speaker>
            <Timex tid="t1" type="DATE">XXXX-01-26</Timex>
          </token>
          <token id="10">
            <word>89</word>
            <lemma>89</lemma>
            <CharacterOffsetBegin>46</CharacterOffsetBegin>
            <CharacterOffsetEnd>48</CharacterOffsetEnd>
            <POS>CD</POS>
            <NER>NUMBER</NER>
            <NormalizedNER>89.0</NormalizedNER>
            <Speaker>PER0</Speaker>
          </token>
          <token id="11">
            <word>--</word>
            <lemma>--</lemma>
            <CharacterOffsetBegin>49</CharacterOffsetBegin>
            <CharacterOffsetEnd>51</CharacterOffsetEnd>
            <POS>:</POS>
            <NER>O</NER>
            <Speaker>PER0</Speaker>
          </token>
          <token id="12">
            <word>-LSB-</word>
            <lemma>-lsb-</lemma>
            <CharacterOffsetBegin>52</CharacterOffsetBegin>
            <CharacterOffsetEnd>53</CharacterOffsetEnd>
            <POS>-LRB-</POS>
            <NER>O</NER>
            <Speaker>PER0</Speaker>
          </token>
          <token id="13">
            <word>EXCERPT</word>
            <lemma>excerpt</lemma>
            <CharacterOffsetBegin>53</CharacterOffsetBegin>
            <CharacterOffsetEnd>60</CharacterOffsetEnd>
            <POS>NN</POS>
            <NER>O</NER>
            <Speaker>PER0</Speaker>
          </token>
          <token id="14">
            <word>-RSB-</word>
            <lemma>-rsb-</lemma>
            <CharacterOffsetBegin>60</CharacterOffsetBegin>
            <CharacterOffsetEnd>61</CharacterOffsetEnd>
            <POS>-RRB-</POS>
            <NER>O</NER>
            <Speaker>PER0</Speaker>
          </token>
          <token id="15">
            <word>THE</word>
            <lemma>the</lemma>
            <CharacterOffsetBegin>62</CharacterOffsetBegin>
            <CharacterOffsetEnd>65</CharacterOffsetEnd>
            <POS>DT</POS>
            <NER>DATE</NER>
            <NormalizedNER>THIS PT1S</NormalizedNER>
            <Speaker>PER0</Speaker>
            <Timex tid="t2" type="DATE"/>
          </token>
          <token id="16">
            <word>NEW</word>
            <lemma>new</lemma>
            <CharacterOffsetBegin>66</CharacterOffsetBegin>
            <CharacterOffsetEnd>69</CharacterOffsetEnd>
            <POS>JJ</POS>
            <NER>DATE</NER>
            <NormalizedNER>THIS PT1S</NormalizedNER>
            <Speaker>PER0</Speaker>
            <Timex tid="t2" type="DATE"/>
          </token>
          <token id="17">
            <word>SECOND</word>
            <lemma>second</lemma>
            <CharacterOffsetBegin>70</CharacterOffsetBegin>
            <CharacterOffsetEnd>76</CharacterOffsetEnd>
            <POS>JJ</POS>
            <NER>DATE</NER>
            <NormalizedNER>THIS PT1S</NormalizedNER>
            <Speaker>PER0</Speaker>
            <Timex tid="t2" type="DATE"/>
          </token>
          <token id="18">
            <word>IN</word>
            <lemma>in</lemma>
            <CharacterOffsetBegin>77</CharacterOffsetBegin>
            <CharacterOffsetEnd>79</CharacterOffsetEnd>
            <POS>IN</POS>
            <NER>O</NER>
            <Speaker>PER0</Speaker>
          </token>
          <token id="19">
            <word>COMMAND</word>
            <lemma>command</lemma>
            <CharacterOffsetBegin>80</CharacterOffsetBegin>
            <CharacterOffsetEnd>87</CharacterOffsetEnd>
            <POS>NN</POS>
            <NER>O</NER>
            <Speaker>PER0</Speaker>
          </token>
          <token id="20">
            <word>OF</word>
            <lemma>of</lemma>
            <CharacterOffsetBegin>88</CharacterOffsetBegin>
            <CharacterOffsetEnd>90</CharacterOffsetEnd>
            <POS>IN</POS>
            <NER>O</NER>
            <Speaker>PER0</Speaker>
          </token>
          <token id="21">
            <word>THE</word>
            <lemma>the</lemma>
            <CharacterOffsetBegin>91</CharacterOffsetBegin>
            <CharacterOffsetEnd>94</CharacterOffsetEnd>
            <POS>DT</POS>
            <NER>O</NER>
            <Speaker>PER0</Speaker>
          </token>
          <token id="22">
            <word>3D</word>
            <lemma>3d</lemma>
            <CharacterOffsetBegin>95</CharacterOffsetBegin>
            <CharacterOffsetEnd>97</CharacterOffsetEnd>
            <POS>NN</POS>
            <NER>O</NER>
            <Speaker>PER0</Speaker>
          </token>
          <token id="23">
            <word>INFANTRY</word>
            <lemma>infantry</lemma>
            <CharacterOffsetBegin>98</CharacterOffsetBegin>
            <CharacterOffsetEnd>106</CharacterOffsetEnd>
            <POS>JJ</POS>
            <NER>O</NER>
            <Speaker>PER0</Speaker>
          </token>
          <token id="24">
            <word>REGIMENT</word>
            <lemma>regiment</lemma>
            <CharacterOffsetBegin>107</CharacterOffsetBegin>
            <CharacterOffsetEnd>115</CharacterOffsetEnd>
            <POS>NN</POS>
            <NER>O</NER>
            <Speaker>PER0</Speaker>
          </token>
          <token id="25">
            <word>BASED</word>
            <lemma>base</lemma>
            <CharacterOffsetBegin>116</CharacterOffsetBegin>
            <CharacterOffsetEnd>121</CharacterOffsetEnd>
            <POS>VBN</POS>
            <NER>O</NER>
            <Speaker>PER0</Speaker>
          </token>
          <token id="26">
            <word>AT</word>
            <lemma>at</lemma>
            <CharacterOffsetBegin>122</CharacterOffsetBegin>
            <CharacterOffsetEnd>124</CharacterOffsetEnd>
            <POS>IN</POS>
            <NER>O</NER>
            <Speaker>PER0</Speaker>
          </token>
          <token id="27">
            <word>LA</word>
            <lemma>LA</lemma>
            <CharacterOffsetBegin>125</CharacterOffsetBegin>
            <CharacterOffsetEnd>127</CharacterOffsetEnd>
            <POS>NNP</POS>
            <NER>LOCATION</NER>
            <Speaker>PER0</Speaker>
          </token>
          <token id="28">
            <word>TABLADA</word>
            <lemma>TABLADA</lemma>
            <CharacterOffsetBegin>128</CharacterOffsetBegin>
            <CharacterOffsetEnd>135</CharacterOffsetEnd>
            <POS>NNP</POS>
            <NER>LOCATION</NER>
            <Speaker>PER0</Speaker>
          </token>
          <token id="29">
            <word>,</word>
            <lemma>,</lemma>
            <CharacterOffsetBegin>135</CharacterOffsetBegin>
            <CharacterOffsetEnd>136</CharacterOffsetEnd>
            <POS>,</POS>
            <NER>O</NER>
            <Speaker>PER0</Speaker>
          </token>
          <token id="30">
            <word>MAJOR</word>
            <lemma>major</lemma>
            <CharacterOffsetBegin>137</CharacterOffsetBegin>
            <CharacterOffsetEnd>142</CharacterOffsetEnd>
            <POS>JJ</POS>
            <NER>O</NER>
            <Speaker>PER0</Speaker>
          </token>
          <token id="31">
            <word>HECTOR</word>
            <lemma>HECTOR</lemma>
            <CharacterOffsetBegin>143</CharacterOffsetBegin>
            <CharacterOffsetEnd>149</CharacterOffsetEnd>
            <POS>NNP</POS>
            <NER>PERSON</NER>
            <Speaker>PER0</Speaker>
          </token>
          <token id="32">
            <word>MUSIO</word>
            <lemma>MUSIO</lemma>
            <CharacterOffsetBegin>150</CharacterOffsetBegin>
            <CharacterOffsetEnd>155</CharacterOffsetEnd>
            <POS>NNP</POS>
            <NER>PERSON</NER>
            <Speaker>PER0</Speaker>
          </token>
          <token id="33">
            <word>,</word>
            <lemma>,</lemma>
            <CharacterOffsetBegin>155</CharacterOffsetBegin>
            <CharacterOffsetEnd>156</CharacterOffsetEnd>
            <POS>,</POS>
            <NER>O</NER>
            <Speaker>PER0</Speaker>
          </token>
          <token id="34">
            <word>WILL</word>
            <lemma>will</lemma>
            <CharacterOffsetBegin>157</CharacterOffsetBegin>
            <CharacterOffsetEnd>161</CharacterOffsetEnd>
            <POS>MD</POS>
            <NER>O</NER>
            <Speaker>PER0</Speaker>
          </token>
          <token id="35">
            <word>BE</word>
            <lemma>be</lemma>
            <CharacterOffsetBegin>162</CharacterOffsetBegin>
            <CharacterOffsetEnd>164</CharacterOffsetEnd>
            <POS>VB</POS>
            <NER>O</NER>
            <Speaker>PER0</Speaker>
          </token>
          <token id="36">
            <word>INSTALLED</word>
            <lemma>install</lemma>
            <CharacterOffsetBegin>165</CharacterOffsetBegin>
            <CharacterOffsetEnd>174</CharacterOffsetEnd>
            <POS>VBN</POS>
            <NER>O</NER>
            <Speaker>PER0</Speaker>
          </token>
          <token id="37">
            <word>THIS</word>
            <lemma>this</lemma>
            <CharacterOffsetBegin>175</CharacterOffsetBegin>
            <CharacterOffsetEnd>179</CharacterOffsetEnd>
            <POS>DT</POS>
            <NER>DATE</NER>
            <NormalizedNER>THIS AF</NormalizedNER>
            <Speaker>PER0</Speaker>
            <Timex tid="t3" type="DATE"/>
          </token>
          <token id="38">
            <word>AFTERNOON</word>
            <lemma>afternoon</lemma>
            <CharacterOffsetBegin>180</CharacterOffsetBegin>
            <CharacterOffsetEnd>189</CharacterOffsetEnd>
            <POS>NN</POS>
            <NER>DATE</NER>
            <NormalizedNER>THIS AF</NormalizedNER>
            <Speaker>PER0</Speaker>
            <Timex tid="t3" type="DATE"/>
          </token>
          <token id="39">
            <word>.</word>
            <lemma>.</lemma>
            <CharacterOffsetBegin>189</CharacterOffsetBegin>
            <CharacterOffsetEnd>190</CharacterOffsetEnd>
            <POS>.</POS>
            <NER>O</NER>
            <Speaker>PER0</Speaker>
          </token>
        </tokens>
        <parse>(ROOT (S (NP (NP (NP (NN DEV-MUC3-0048)) (PRN (-LRB- -LRB-) (NP (NN NOSC)) (-RRB- -RRB-)) (NP (NNP BUENOS) (NNP AIRES))) (, ,) (NP (NP (NP (CD 26)) (NP-TMP (NNP JAN) (CD 89))) (: --) (NP (NP (-LRB- -LSB-) (NN EXCERPT)) (PP (-RRB- -RSB-) (NP (NP (DT THE) (JJ NEW) (ADJP (JJ SECOND) (PP (IN IN) (NP (NP (NN COMMAND)) (PP (IN OF) (NP (DT THE) (NN 3D)))))) (JJ INFANTRY) (NN REGIMENT)) (PP (VBN BASED) (PP (IN AT) (NP (NP (NNP LA) (NNP TABLADA)) (, ,) (NP (JJ MAJOR) (NNP HECTOR) (NNP MUSIO))))))))) (, ,)) (VP (MD WILL) (VP (VB BE) (VP (VBN INSTALLED) (NP-TMP (DT THIS) (NN AFTERNOON))))) (. .))) </parse>
        <dependencies type="basic-dependencies">
          <dep type="root">
            <governor idx="0">ROOT</governor>
            <dependent idx="36">INSTALLED</dependent>
          </dep>
          <dep type="nsubjpass">
            <governor idx="36">INSTALLED</governor>
            <dependent idx="1">DEV-MUC3-0048</dependent>
          </dep>
          <dep type="appos">
            <governor idx="1">DEV-MUC3-0048</governor>
            <dependent idx="3">NOSC</dependent>
          </dep>
          <dep type="compound">
            <governor idx="6">AIRES</governor>
            <dependent idx="5">BUENOS</dependent>
          </dep>
          <dep type="dep">
            <governor idx="1">DEV-MUC3-0048</governor>
            <dependent idx="6">AIRES</dependent>
          </dep>
          <dep type="appos">
            <governor idx="1">DEV-MUC3-0048</governor>
            <dependent idx="8">26</dependent>
          </dep>
          <dep type="nmod:tmod">
            <governor idx="8">26</governor>
            <dependent idx="9">JAN</dependent>
          </dep>
          <dep type="nummod">
            <governor idx="9">JAN</governor>
            <dependent idx="10">89</dependent>
          </dep>
          <dep type="dep">
            <governor idx="8">26</governor>
            <dependent idx="13">EXCERPT</dependent>
          </dep>
          <dep type="det">
            <governor idx="24">REGIMENT</governor>
            <dependent idx="15">THE</dependent>
          </dep>
          <dep type="amod">
            <governor idx="24">REGIMENT</governor>
            <dependent idx="16">NEW</dependent>
          </dep>
          <dep type="amod">
            <governor idx="24">REGIMENT</governor>
            <dependent idx="17">SECOND</dependent>
          </dep>
          <dep type="case">
            <governor idx="19">COMMAND</governor>
            <dependent idx="18">IN</dependent>
          </dep>
          <dep type="nmod">
            <governor idx="17">SECOND</governor>
            <dependent idx="19">COMMAND</dependent>
          </dep>
          <dep type="case">
            <governor idx="22">3D</governor>
            <dependent idx="20">OF</dependent>
          </dep>
          <dep type="det">
            <governor idx="22">3D</governor>
            <dependent idx="21">THE</dependent>
          </dep>
          <dep type="nmod">
            <governor idx="19">COMMAND</governor>
            <dependent idx="22">3D</dependent>
          </dep>
          <dep type="amod">
            <governor idx="24">REGIMENT</governor>
            <dependent idx="23">INFANTRY</dependent>
          </dep>
          <dep type="nmod">
            <governor idx="13">EXCERPT</governor>
            <dependent idx="24">REGIMENT</dependent>
          </dep>
          <dep type="case">
            <governor idx="28">TABLADA</governor>
            <dependent idx="25">BASED</dependent>
          </dep>
          <dep type="case">
            <governor idx="28">TABLADA</governor>
            <dependent idx="26">AT</dependent>
          </dep>
          <dep type="compound">
            <governor idx="28">TABLADA</governor>
            <dependent idx="27">LA</dependent>
          </dep>
          <dep type="acl">
            <governor idx="24">REGIMENT</governor>
            <dependent idx="28">TABLADA</dependent>
          </dep>
          <dep type="amod">
            <governor idx="32">MUSIO</governor>
            <dependent idx="30">MAJOR</dependent>
          </dep>
          <dep type="compound">
            <governor idx="32">MUSIO</governor>
            <dependent idx="31">HECTOR</dependent>
          </dep>
          <dep type="appos">
            <governor idx="28">TABLADA</governor>
            <dependent idx="32">MUSIO</dependent>
          </dep>
          <dep type="aux">
            <governor idx="36">INSTALLED</governor>
            <dependent idx="34">WILL</dependent>
          </dep>
          <dep type="auxpass">
            <governor idx="36">INSTALLED</governor>
            <dependent idx="35">BE</dependent>
          </dep>
          <dep type="det">
            <governor idx="38">AFTERNOON</governor>
            <dependent idx="37">THIS</dependent>
          </dep>
          <dep type="nmod:tmod">
            <governor idx="36">INSTALLED</governor>
            <dependent idx="38">AFTERNOON</dependent>
          </dep>
        </dependencies>
        <dependencies type="collapsed-dependencies">
          <dep type="root">
            <governor idx="0">ROOT</governor>
            <dependent idx="36">INSTALLED</dependent>
          </dep>
          <dep type="nsubjpass">
            <governor idx="36">INSTALLED</governor>
            <dependent idx="1">DEV-MUC3-0048</dependent>
          </dep>
          <dep type="appos">
            <governor idx="1">DEV-MUC3-0048</governor>
            <dependent idx="3">NOSC</dependent>
          </dep>
          <dep type="compound">
            <governor idx="6">AIRES</governor>
            <dependent idx="5">BUENOS</dependent>
          </dep>
          <dep type="dep">
            <governor idx="1">DEV-MUC3-0048</governor>
            <dependent idx="6">AIRES</dependent>
          </dep>
          <dep type="appos">
            <governor idx="1">DEV-MUC3-0048</governor>
            <dependent idx="8">26</dependent>
          </dep>
          <dep type="nmod:tmod">
            <governor idx="8">26</governor>
            <dependent idx="9">JAN</dependent>
          </dep>
          <dep type="nummod">
            <governor idx="9">JAN</governor>
            <dependent idx="10">89</dependent>
          </dep>
          <dep type="dep">
            <governor idx="8">26</governor>
            <dependent idx="13">EXCERPT</dependent>
          </dep>
          <dep type="det">
            <governor idx="24">REGIMENT</governor>
            <dependent idx="15">THE</dependent>
          </dep>
          <dep type="amod">
            <governor idx="24">REGIMENT</governor>
            <dependent idx="16">NEW</dependent>
          </dep>
          <dep type="amod">
            <governor idx="24">REGIMENT</governor>
            <dependent idx="17">SECOND</dependent>
          </dep>
          <dep type="case">
            <governor idx="19">COMMAND</governor>
            <dependent idx="18">IN</dependent>
          </dep>
          <dep type="nmod:in">
            <governor idx="17">SECOND</governor>
            <dependent idx="19">COMMAND</dependent>
          </dep>
          <dep type="case">
            <governor idx="22">3D</governor>
            <dependent idx="20">OF</dependent>
          </dep>
          <dep type="det">
            <governor idx="22">3D</governor>
            <dependent idx="21">THE</dependent>
          </dep>
          <dep type="nmod:of">
            <governor idx="19">COMMAND</governor>
            <dependent idx="22">3D</dependent>
          </dep>
          <dep type="amod">
            <governor idx="24">REGIMENT</governor>
            <dependent idx="23">INFANTRY</dependent>
          </dep>
          <dep type="nmod">
            <governor idx="13">EXCERPT</governor>
            <dependent idx="24">REGIMENT</dependent>
          </dep>
          <dep type="case">
            <governor idx="28">TABLADA</governor>
            <dependent idx="25">BASED</dependent>
          </dep>
          <dep type="case">
            <governor idx="28">TABLADA</governor>
            <dependent idx="26">AT</dependent>
          </dep>
          <dep type="compound">
            <governor idx="28">TABLADA</governor>
            <dependent idx="27">LA</dependent>
          </dep>
          <dep type="acl:at">
            <governor idx="24">REGIMENT</governor>
            <dependent idx="28">TABLADA</dependent>
          </dep>
          <dep type="amod">
            <governor idx="32">MUSIO</governor>
            <dependent idx="30">MAJOR</dependent>
          </dep>
          <dep type="compound">
            <governor idx="32">MUSIO</governor>
            <dependent idx="31">HECTOR</dependent>
          </dep>
          <dep type="appos">
            <governor idx="28">TABLADA</governor>
            <dependent idx="32">MUSIO</dependent>
          </dep>
          <dep type="aux">
            <governor idx="36">INSTALLED</governor>
            <dependent idx="34">WILL</dependent>
          </dep>
          <dep type="auxpass">
            <governor idx="36">INSTALLED</governor>
            <dependent idx="35">BE</dependent>
          </dep>
          <dep type="det">
            <governor idx="38">AFTERNOON</governor>
            <dependent idx="37">THIS</dependent>
          </dep>
          <dep type="nmod:tmod">
            <governor idx="36">INSTALLED</governor>
            <dependent idx="38">AFTERNOON</dependent>
          </dep>
        </dependencies>
        <dependencies type="collapsed-ccprocessed-dependencies">
          <dep type="root">
            <governor idx="0">ROOT</governor>
            <dependent idx="36">INSTALLED</dependent>
          </dep>
          <dep type="nsubjpass">
            <governor idx="36">INSTALLED</governor>
            <dependent idx="1">DEV-MUC3-0048</dependent>
          </dep>
          <dep type="appos">
            <governor idx="1">DEV-MUC3-0048</governor>
            <dependent idx="3">NOSC</dependent>
          </dep>
          <dep type="compound">
            <governor idx="6">AIRES</governor>
            <dependent idx="5">BUENOS</dependent>
          </dep>
          <dep type="dep">
            <governor idx="1">DEV-MUC3-0048</governor>
            <dependent idx="6">AIRES</dependent>
          </dep>
          <dep type="appos">
            <governor idx="1">DEV-MUC3-0048</governor>
            <dependent idx="8">26</dependent>
          </dep>
          <dep type="nmod:tmod">
            <governor idx="8">26</governor>
            <dependent idx="9">JAN</dependent>
          </dep>
          <dep type="nummod">
            <governor idx="9">JAN</governor>
            <dependent idx="10">89</dependent>
          </dep>
          <dep type="dep">
            <governor idx="8">26</governor>
            <dependent idx="13">EXCERPT</dependent>
          </dep>
          <dep type="det">
            <governor idx="24">REGIMENT</governor>
            <dependent idx="15">THE</dependent>
          </dep>
          <dep type="amod">
            <governor idx="24">REGIMENT</governor>
            <dependent idx="16">NEW</dependent>
          </dep>
          <dep type="amod">
            <governor idx="24">REGIMENT</governor>
            <dependent idx="17">SECOND</dependent>
          </dep>
          <dep type="case">
            <governor idx="19">COMMAND</governor>
            <dependent idx="18">IN</dependent>
          </dep>
          <dep type="nmod:in">
            <governor idx="17">SECOND</governor>
            <dependent idx="19">COMMAND</dependent>
          </dep>
          <dep type="case">
            <governor idx="22">3D</governor>
            <dependent idx="20">OF</dependent>
          </dep>
          <dep type="det">
            <governor idx="22">3D</governor>
            <dependent idx="21">THE</dependent>
          </dep>
          <dep type="nmod:of">
            <governor idx="19">COMMAND</governor>
            <dependent idx="22">3D</dependent>
          </dep>
          <dep type="amod">
            <governor idx="24">REGIMENT</governor>
            <dependent idx="23">INFANTRY</dependent>
          </dep>
          <dep type="nmod">
            <governor idx="13">EXCERPT</governor>
            <dependent idx="24">REGIMENT</dependent>
          </dep>
          <dep type="case">
            <governor idx="28">TABLADA</governor>
            <dependent idx="25">BASED</dependent>
          </dep>
          <dep type="case">
            <governor idx="28">TABLADA</governor>
            <dependent idx="26">AT</dependent>
          </dep>
          <dep type="compound">
            <governor idx="28">TABLADA</governor>
            <dependent idx="27">LA</dependent>
          </dep>
          <dep type="acl:at">
            <governor idx="24">REGIMENT</governor>
            <dependent idx="28">TABLADA</dependent>
          </dep>
          <dep type="amod">
            <governor idx="32">MUSIO</governor>
            <dependent idx="30">MAJOR</dependent>
          </dep>
          <dep type="compound">
            <governor idx="32">MUSIO</governor>
            <dependent idx="31">HECTOR</dependent>
          </dep>
          <dep type="appos">
            <governor idx="28">TABLADA</governor>
            <dependent idx="32">MUSIO</dependent>
          </dep>
          <dep type="aux">
            <governor idx="36">INSTALLED</governor>
            <dependent idx="34">WILL</dependent>
          </dep>
          <dep type="auxpass">
            <governor idx="36">INSTALLED</governor>
            <dependent idx="35">BE</dependent>
          </dep>
          <dep type="det">
            <governor idx="38">AFTERNOON</governor>
            <dependent idx="37">THIS</dependent>
          </dep>
          <dep type="nmod:tmod">
            <governor idx="36">INSTALLED</governor>
            <dependent idx="38">AFTERNOON</dependent>
          </dep>
        </dependencies>
      </sentence>
      <sentence id="2">
        <tokens>
          <token id="1">
            <word>HE</word>
            <lemma>he</lemma>
            <CharacterOffsetBegin>192</CharacterOffsetBegin>
            <CharacterOffsetEnd>194</CharacterOffsetEnd>
            <POS>PRP</POS>
            <NER>O</NER>
            <Speaker>PER0</Speaker>
          </token>
          <token id="2">
            <word>REPLACES</word>
            <lemma>replace</lemma>
            <CharacterOffsetBegin>195</CharacterOffsetBegin>
            <CharacterOffsetEnd>203</CharacterOffsetEnd>
            <POS>VBZ</POS>
            <NER>O</NER>
            <Speaker>PER0</Speaker>
          </token>
          <token id="3">
            <word>MAJOR</word>
            <lemma>major</lemma>
            <CharacterOffsetBegin>204</CharacterOffsetBegin>
            <CharacterOffsetEnd>209</CharacterOffsetEnd>
            <POS>JJ</POS>
            <NER>O</NER>
            <Speaker>PER0</Speaker>
          </token>
          <token id="4">
            <word>HORACIO</word>
            <lemma>HORACIO</lemma>
            <CharacterOffsetBegin>210</CharacterOffsetBegin>
            <CharacterOffsetEnd>217</CharacterOffsetEnd>
            <POS>NNP</POS>
            <NER>PERSON</NER>
            <Speaker>PER0</Speaker>
          </token>
          <token id="5">
            <word>FERNANDEZ</word>
            <lemma>FERNANDEZ</lemma>
            <CharacterOffsetBegin>218</CharacterOffsetBegin>
            <CharacterOffsetEnd>227</CharacterOffsetEnd>
            <POS>NNP</POS>
            <NER>PERSON</NER>
            <Speaker>PER0</Speaker>
          </token>
          <token id="6">
            <word>CUTIELLO</word>
            <lemma>CUTIELLO</lemma>
            <CharacterOffsetBegin>228</CharacterOffsetBegin>
            <CharacterOffsetEnd>236</CharacterOffsetEnd>
            <POS>NNP</POS>
            <NER>PERSON</NER>
            <Speaker>PER0</Speaker>
          </token>
          <token id="7">
            <word>WHO</word>
            <lemma>who</lemma>
            <CharacterOffsetBegin>237</CharacterOffsetBegin>
            <CharacterOffsetEnd>240</CharacterOffsetEnd>
            <POS>WP</POS>
            <NER>O</NER>
            <Speaker>PER0</Speaker>
          </token>
          <token id="8">
            <word>WAS</word>
            <lemma>be</lemma>
            <CharacterOffsetBegin>241</CharacterOffsetBegin>
            <CharacterOffsetEnd>244</CharacterOffsetEnd>
            <POS>VBD</POS>
            <NER>O</NER>
            <Speaker>PER0</Speaker>
          </token>
          <token id="9">
            <word>KILLED</word>
            <lemma>kill</lemma>
            <CharacterOffsetBegin>245</CharacterOffsetBegin>
            <CharacterOffsetEnd>251</CharacterOffsetEnd>
            <POS>VBN</POS>
            <NER>O</NER>
            <Speaker>PER0</Speaker>
          </token>
          <token id="10">
            <word>DURING</word>
            <lemma>during</lemma>
            <CharacterOffsetBegin>252</CharacterOffsetBegin>
            <CharacterOffsetEnd>258</CharacterOffsetEnd>
            <POS>IN</POS>
            <NER>O</NER>
            <Speaker>PER0</Speaker>
          </token>
          <token id="11">
            <word>THE</word>
            <lemma>the</lemma>
            <CharacterOffsetBegin>259</CharacterOffsetBegin>
            <CharacterOffsetEnd>262</CharacterOffsetEnd>
            <POS>DT</POS>
            <NER>O</NER>
            <Speaker>PER0</Speaker>
          </token>
          <token id="12">
            <word>ATTACK</word>
            <lemma>attack</lemma>
            <CharacterOffsetBegin>263</CharacterOffsetBegin>
            <CharacterOffsetEnd>269</CharacterOffsetEnd>
            <POS>NN</POS>
            <NER>O</NER>
            <Speaker>PER0</Speaker>
          </token>
          <token id="13">
            <word>ON</word>
            <lemma>on</lemma>
            <CharacterOffsetBegin>270</CharacterOffsetBegin>
            <CharacterOffsetEnd>272</CharacterOffsetEnd>
            <POS>IN</POS>
            <NER>O</NER>
            <Speaker>PER0</Speaker>
          </token>
          <token id="14">
            <word>THE</word>
            <lemma>the</lemma>
            <CharacterOffsetBegin>273</CharacterOffsetBegin>
            <CharacterOffsetEnd>276</CharacterOffsetEnd>
            <POS>DT</POS>
            <NER>O</NER>
            <Speaker>PER0</Speaker>
          </token>
          <token id="15">
            <word>3D</word>
            <lemma>3d</lemma>
            <CharacterOffsetBegin>277</CharacterOffsetBegin>
            <CharacterOffsetEnd>279</CharacterOffsetEnd>
            <POS>NN</POS>
            <NER>O</NER>
            <Speaker>PER0</Speaker>
          </token>
          <token id="16">
            <word>REGIMENT</word>
            <lemma>regiment</lemma>
            <CharacterOffsetBegin>280</CharacterOffsetBegin>
            <CharacterOffsetEnd>288</CharacterOffsetEnd>
            <POS>NN</POS>
            <NER>O</NER>
            <Speaker>PER0</Speaker>
          </token>
          <token id="17">
            <word>ON</word>
            <lemma>on</lemma>
            <CharacterOffsetBegin>289</CharacterOffsetBegin>
            <CharacterOffsetEnd>291</CharacterOffsetEnd>
            <POS>IN</POS>
            <NER>O</NER>
            <Speaker>PER0</Speaker>
          </token>
          <token id="18">
            <word>23</word>
            <lemma>23</lemma>
            <CharacterOffsetBegin>292</CharacterOffsetBegin>
            <CharacterOffsetEnd>294</CharacterOffsetEnd>
            <POS>CD</POS>
            <NER>DATE</NER>
            <NormalizedNER>XXXX-01-23</NormalizedNER>
            <Speaker>PER0</Speaker>
            <Timex tid="t4" type="DATE">XXXX-01-23</Timex>
          </token>
          <token id="19">
            <word>JANUARY</word>
            <lemma>JANUARY</lemma>
            <CharacterOffsetBegin>295</CharacterOffsetBegin>
            <CharacterOffsetEnd>302</CharacterOffsetEnd>
            <POS>NNP</POS>
            <NER>DATE</NER>
            <NormalizedNER>XXXX-01-23</NormalizedNER>
            <Speaker>PER0</Speaker>
            <Timex tid="t4" type="DATE">XXXX-01-23</Timex>
          </token>
          <token id="20">
            <word>.</word>
            <lemma>.</lemma>
            <CharacterOffsetBegin>302</CharacterOffsetBegin>
            <CharacterOffsetEnd>303</CharacterOffsetEnd>
            <POS>.</POS>
            <NER>O</NER>
            <Speaker>PER0</Speaker>
          </token>
        </tokens>
        <parse>(ROOT (S (NP (PRP HE)) (VP (VBZ REPLACES) (NP (NP (JJ MAJOR) (NNP HORACIO) (NNP FERNANDEZ) (NNP CUTIELLO)) (SBAR (WHNP (WP WHO)) (S (VP (VBD WAS) (VP (VBN KILLED) (PP (IN DURING) (NP (NP (DT THE) (NN ATTACK)) (PP (IN ON) (NP (NP (DT THE) (NN 3D) (NN REGIMENT)) (PP (IN ON) (NP (CD 23))))))) (NP-TMP (NNP JANUARY)))))))) (. .))) </parse>
        <dependencies type="basic-dependencies">
          <dep type="root">
            <governor idx="0">ROOT</governor>
            <dependent idx="2">REPLACES</dependent>
          </dep>
          <dep type="nsubj">
            <governor idx="2">REPLACES</governor>
            <dependent idx="1">HE</dependent>
          </dep>
          <dep type="amod">
            <governor idx="6">CUTIELLO</governor>
            <dependent idx="3">MAJOR</dependent>
          </dep>
          <dep type="compound">
            <governor idx="6">CUTIELLO</governor>
            <dependent idx="4">HORACIO</dependent>
          </dep>
          <dep type="compound">
            <governor idx="6">CUTIELLO</governor>
            <dependent idx="5">FERNANDEZ</dependent>
          </dep>
          <dep type="dobj">
            <governor idx="2">REPLACES</governor>
            <dependent idx="6">CUTIELLO</dependent>
          </dep>
          <dep type="nsubjpass">
            <governor idx="9">KILLED</governor>
            <dependent idx="7">WHO</dependent>
          </dep>
          <dep type="auxpass">
            <governor idx="9">KILLED</governor>
            <dependent idx="8">WAS</dependent>
          </dep>
          <dep type="acl:relcl">
            <governor idx="6">CUTIELLO</governor>
            <dependent idx="9">KILLED</dependent>
          </dep>
          <dep type="case">
            <governor idx="12">ATTACK</governor>
            <dependent idx="10">DURING</dependent>
          </dep>
          <dep type="det">
            <governor idx="12">ATTACK</governor>
            <dependent idx="11">THE</dependent>
          </dep>
          <dep type="nmod">
            <governor idx="9">KILLED</governor>
            <dependent idx="12">ATTACK</dependent>
          </dep>
          <dep type="case">
            <governor idx="16">REGIMENT</governor>
            <dependent idx="13">ON</dependent>
          </dep>
          <dep type="det">
            <governor idx="16">REGIMENT</governor>
            <dependent idx="14">THE</dependent>
          </dep>
          <dep type="compound">
            <governor idx="16">REGIMENT</governor>
            <dependent idx="15">3D</dependent>
          </dep>
          <dep type="nmod">
            <governor idx="12">ATTACK</governor>
            <dependent idx="16">REGIMENT</dependent>
          </dep>
          <dep type="case">
            <governor idx="18">23</governor>
            <dependent idx="17">ON</dependent>
          </dep>
          <dep type="nmod">
            <governor idx="16">REGIMENT</governor>
            <dependent idx="18">23</dependent>
          </dep>
          <dep type="nmod:tmod">
            <governor idx="9">KILLED</governor>
            <dependent idx="19">JANUARY</dependent>
          </dep>
        </dependencies>
        <dependencies type="collapsed-dependencies">
          <dep type="root">
            <governor idx="0">ROOT</governor>
            <dependent idx="2">REPLACES</dependent>
          </dep>
          <dep type="nsubj">
            <governor idx="2">REPLACES</governor>
            <dependent idx="1">HE</dependent>
          </dep>
          <dep type="amod">
            <governor idx="6">CUTIELLO</governor>
            <dependent idx="3">MAJOR</dependent>
          </dep>
          <dep type="compound">
            <governor idx="6">CUTIELLO</governor>
            <dependent idx="4">HORACIO</dependent>
          </dep>
          <dep type="compound">
            <governor idx="6">CUTIELLO</governor>
            <dependent idx="5">FERNANDEZ</dependent>
          </dep>
          <dep type="dobj">
            <governor idx="2">REPLACES</governor>
            <dependent idx="6">CUTIELLO</dependent>
          </dep>
          <dep type="nsubjpass">
            <governor idx="9">KILLED</governor>
            <dependent idx="7">WHO</dependent>
          </dep>
          <dep type="auxpass">
            <governor idx="9">KILLED</governor>
            <dependent idx="8">WAS</dependent>
          </dep>
          <dep type="acl:relcl">
            <governor idx="6">CUTIELLO</governor>
            <dependent idx="9">KILLED</dependent>
          </dep>
          <dep type="case">
            <governor idx="12">ATTACK</governor>
            <dependent idx="10">DURING</dependent>
          </dep>
          <dep type="det">
            <governor idx="12">ATTACK</governor>
            <dependent idx="11">THE</dependent>
          </dep>
          <dep type="nmod:during">
            <governor idx="9">KILLED</governor>
            <dependent idx="12">ATTACK</dependent>
          </dep>
          <dep type="case">
            <governor idx="16">REGIMENT</governor>
            <dependent idx="13">ON</dependent>
          </dep>
          <dep type="det">
            <governor idx="16">REGIMENT</governor>
            <dependent idx="14">THE</dependent>
          </dep>
          <dep type="compound">
            <governor idx="16">REGIMENT</governor>
            <dependent idx="15">3D</dependent>
          </dep>
          <dep type="nmod:on">
            <governor idx="12">ATTACK</governor>
            <dependent idx="16">REGIMENT</dependent>
          </dep>
          <dep type="case">
            <governor idx="18">23</governor>
            <dependent idx="17">ON</dependent>
          </dep>
          <dep type="nmod:on">
            <governor idx="16">REGIMENT</governor>
            <dependent idx="18">23</dependent>
          </dep>
          <dep type="nmod:tmod">
            <governor idx="9">KILLED</governor>
            <dependent idx="19">JANUARY</dependent>
          </dep>
        </dependencies>
        <dependencies type="collapsed-ccprocessed-dependencies">
          <dep type="root">
            <governor idx="0">ROOT</governor>
            <dependent idx="2">REPLACES</dependent>
          </dep>
          <dep type="nsubj">
            <governor idx="2">REPLACES</governor>
            <dependent idx="1">HE</dependent>
          </dep>
          <dep type="amod">
            <governor idx="6">CUTIELLO</governor>
            <dependent idx="3">MAJOR</dependent>
          </dep>
          <dep type="compound">
            <governor idx="6">CUTIELLO</governor>
            <dependent idx="4">HORACIO</dependent>
          </dep>
          <dep type="compound">
            <governor idx="6">CUTIELLO</governor>
            <dependent idx="5">FERNANDEZ</dependent>
          </dep>
          <dep type="dobj">
            <governor idx="2">REPLACES</governor>
            <dependent idx="6">CUTIELLO</dependent>
          </dep>
          <dep type="nsubjpass">
            <governor idx="9">KILLED</governor>
            <dependent idx="7">WHO</dependent>
          </dep>
          <dep type="auxpass">
            <governor idx="9">KILLED</governor>
            <dependent idx="8">WAS</dependent>
          </dep>
          <dep type="acl:relcl">
            <governor idx="6">CUTIELLO</governor>
            <dependent idx="9">KILLED</dependent>
          </dep>
          <dep type="case">
            <governor idx="12">ATTACK</governor>
            <dependent idx="10">DURING</dependent>
          </dep>
          <dep type="det">
            <governor idx="12">ATTACK</governor>
            <dependent idx="11">THE</dependent>
          </dep>
          <dep type="nmod:during">
            <governor idx="9">KILLED</governor>
            <dependent idx="12">ATTACK</dependent>
          </dep>
          <dep type="case">
            <governor idx="16">REGIMENT</governor>
            <dependent idx="13">ON</dependent>
          </dep>
          <dep type="det">
            <governor idx="16">REGIMENT</governor>
            <dependent idx="14">THE</dependent>
          </dep>
          <dep type="compound">
            <governor idx="16">REGIMENT</governor>
            <dependent idx="15">3D</dependent>
          </dep>
          <dep type="nmod:on">
            <governor idx="12">ATTACK</governor>
            <dependent idx="16">REGIMENT</dependent>
          </dep>
          <dep type="case">
            <governor idx="18">23</governor>
            <dependent idx="17">ON</dependent>
          </dep>
          <dep type="nmod:on">
            <governor idx="16">REGIMENT</governor>
            <dependent idx="18">23</dependent>
          </dep>
          <dep type="nmod:tmod">
            <governor idx="9">KILLED</governor>
            <dependent idx="19">JANUARY</dependent>
          </dep>
        </dependencies>
      </sentence>
      <sentence id="3">
        <tokens>
          <token id="1">
            <word>MUSIO</word>
            <lemma>MUSIO</lemma>
            <CharacterOffsetBegin>308</CharacterOffsetBegin>
            <CharacterOffsetEnd>313</CharacterOffsetEnd>
            <POS>NNP</POS>
            <NER>PERSON</NER>
            <Speaker>PER0</Speaker>
          </token>
          <token id="2">
            <word>WILL</word>
            <lemma>will</lemma>
            <CharacterOffsetBegin>314</CharacterOffsetBegin>
            <CharacterOffsetEnd>318</CharacterOffsetEnd>
            <POS>MD</POS>
            <NER>O</NER>
            <Speaker>PER0</Speaker>
          </token>
          <token id="3">
            <word>BE</word>
            <lemma>be</lemma>
            <CharacterOffsetBegin>319</CharacterOffsetBegin>
            <CharacterOffsetEnd>321</CharacterOffsetEnd>
            <POS>VB</POS>
            <NER>O</NER>
            <Speaker>PER0</Speaker>
          </token>
          <token id="4">
            <word>THE</word>
            <lemma>the</lemma>
            <CharacterOffsetBegin>322</CharacterOffsetBegin>
            <CharacterOffsetEnd>325</CharacterOffsetEnd>
            <POS>DT</POS>
            <NER>O</NER>
            <Speaker>PER0</Speaker>
          </token>
          <token id="5">
            <word>ACTING</word>
            <lemma>act</lemma>
            <CharacterOffsetBegin>326</CharacterOffsetBegin>
            <CharacterOffsetEnd>332</CharacterOffsetEnd>
            <POS>VBG</POS>
            <NER>O</NER>
            <Speaker>PER0</Speaker>
          </token>
          <token id="6">
            <word>COMMANDING</word>
            <lemma>commanding</lemma>
            <CharacterOffsetBegin>333</CharacterOffsetBegin>
            <CharacterOffsetEnd>343</CharacterOffsetEnd>
            <POS>JJ</POS>
            <NER>O</NER>
            <Speaker>PER0</Speaker>
          </token>
          <token id="7">
            <word>OFFICER</word>
            <lemma>officer</lemma>
            <CharacterOffsetBegin>344</CharacterOffsetBegin>
            <CharacterOffsetEnd>351</CharacterOffsetEnd>
            <POS>NN</POS>
            <NER>O</NER>
            <Speaker>PER0</Speaker>
          </token>
          <token id="8">
            <word>BECAUSE</word>
            <lemma>because</lemma>
            <CharacterOffsetBegin>352</CharacterOffsetBegin>
            <CharacterOffsetEnd>359</CharacterOffsetEnd>
            <POS>IN</POS>
            <NER>O</NER>
            <Speaker>PER0</Speaker>
          </token>
          <token id="9">
            <word>COMMANDER</word>
            <lemma>commander</lemma>
            <CharacterOffsetBegin>360</CharacterOffsetBegin>
            <CharacterOffsetEnd>369</CharacterOffsetEnd>
            <POS>NN</POS>
            <NER>O</NER>
            <Speaker>PER0</Speaker>
          </token>
          <token id="10">
            <word>JORGE</word>
            <lemma>JORGE</lemma>
            <CharacterOffsetBegin>370</CharacterOffsetBegin>
            <CharacterOffsetEnd>375</CharacterOffsetEnd>
            <POS>NNP</POS>
            <NER>PERSON</NER>
            <Speaker>PER0</Speaker>
          </token>
          <token id="11">
            <word>SAMUDIO</word>
            <lemma>SAMUDIO</lemma>
            <CharacterOffsetBegin>376</CharacterOffsetBegin>
            <CharacterOffsetEnd>383</CharacterOffsetEnd>
            <POS>NNP</POS>
            <NER>PERSON</NER>
            <Speaker>PER0</Speaker>
          </token>
          <token id="12">
            <word>WAS</word>
            <lemma>be</lemma>
            <CharacterOffsetBegin>384</CharacterOffsetBegin>
            <CharacterOffsetEnd>387</CharacterOffsetEnd>
            <POS>VBD</POS>
            <NER>O</NER>
            <Speaker>PER0</Speaker>
          </token>
          <token id="13">
            <word>INJURED</word>
            <lemma>injure</lemma>
            <CharacterOffsetBegin>388</CharacterOffsetBegin>
            <CharacterOffsetEnd>395</CharacterOffsetEnd>
            <POS>VBN</POS>
            <NER>O</NER>
            <Speaker>PER0</Speaker>
          </token>
          <token id="14">
            <word>ON</word>
            <lemma>on</lemma>
            <CharacterOffsetBegin>396</CharacterOffsetBegin>
            <CharacterOffsetEnd>398</CharacterOffsetEnd>
            <POS>IN</POS>
            <NER>O</NER>
            <Speaker>PER0</Speaker>
          </token>
          <token id="15">
            <word>23</word>
            <lemma>23</lemma>
            <CharacterOffsetBegin>399</CharacterOffsetBegin>
            <CharacterOffsetEnd>401</CharacterOffsetEnd>
            <POS>CD</POS>
            <NER>DATE</NER>
            <NormalizedNER>XXXX-01-23</NormalizedNER>
            <Speaker>PER0</Speaker>
            <Timex tid="t5" type="DATE">XXXX-01-23</Timex>
          </token>
          <token id="16">
            <word>JANUARY</word>
            <lemma>JANUARY</lemma>
            <CharacterOffsetBegin>402</CharacterOffsetBegin>
            <CharacterOffsetEnd>409</CharacterOffsetEnd>
            <POS>NNP</POS>
            <NER>DATE</NER>
            <NormalizedNER>XXXX-01-23</NormalizedNER>
            <Speaker>PER0</Speaker>
            <Timex tid="t5" type="DATE">XXXX-01-23</Timex>
          </token>
          <token id="17">
            <word>WHILE</word>
            <lemma>while</lemma>
            <CharacterOffsetBegin>410</CharacterOffsetBegin>
            <CharacterOffsetEnd>415</CharacterOffsetEnd>
            <POS>IN</POS>
            <NER>O</NER>
            <Speaker>PER0</Speaker>
          </token>
          <token id="18">
            <word>HEADING</word>
            <lemma>head</lemma>
            <CharacterOffsetBegin>416</CharacterOffsetBegin>
            <CharacterOffsetEnd>423</CharacterOffsetEnd>
            <POS>VBG</POS>
            <NER>O</NER>
            <Speaker>PER0</Speaker>
          </token>
          <token id="19">
            <word>A</word>
            <lemma>a</lemma>
            <CharacterOffsetBegin>424</CharacterOffsetBegin>
            <CharacterOffsetEnd>425</CharacterOffsetEnd>
            <POS>DT</POS>
            <NER>O</NER>
            <Speaker>PER0</Speaker>
          </token>
          <token id="20">
            <word>GROUP</word>
            <lemma>group</lemma>
            <CharacterOffsetBegin>426</CharacterOffsetBegin>
            <CharacterOffsetEnd>431</CharacterOffsetEnd>
            <POS>NN</POS>
            <NER>O</NER>
            <Speaker>PER0</Speaker>
          </token>
          <token id="21">
            <word>OF</word>
            <lemma>of</lemma>
            <CharacterOffsetBegin>432</CharacterOffsetBegin>
            <CharacterOffsetEnd>434</CharacterOffsetEnd>
            <POS>IN</POS>
            <NER>O</NER>
            <Speaker>PER0</Speaker>
          </token>
          <token id="22">
            <word>OFFICERS</word>
            <lemma>officer</lemma>
            <CharacterOffsetBegin>435</CharacterOffsetBegin>
            <CharacterOffsetEnd>443</CharacterOffsetEnd>
            <POS>NNS</POS>
            <NER>O</NER>
            <Speaker>PER0</Speaker>
          </token>
          <token id="23">
            <word>INCLUDING</word>
            <lemma>include</lemma>
            <CharacterOffsetBegin>444</CharacterOffsetBegin>
            <CharacterOffsetEnd>453</CharacterOffsetEnd>
            <POS>VBG</POS>
            <NER>O</NER>
            <Speaker>PER0</Speaker>
          </token>
          <token id="24">
            <word>NONCOMMISSIONED</word>
            <lemma>noncommissioned</lemma>
            <CharacterOffsetBegin>454</CharacterOffsetBegin>
            <CharacterOffsetEnd>469</CharacterOffsetEnd>
            <POS>JJ</POS>
            <NER>O</NER>
            <Speaker>PER0</Speaker>
          </token>
          <token id="25">
            <word>OFFICERS</word>
            <lemma>officer</lemma>
            <CharacterOffsetBegin>470</CharacterOffsetBegin>
            <CharacterOffsetEnd>478</CharacterOffsetEnd>
            <POS>NNS</POS>
            <NER>O</NER>
            <Speaker>PER0</Speaker>
          </token>
          <token id="26">
            <word>WHO</word>
            <lemma>who</lemma>
            <CharacterOffsetBegin>479</CharacterOffsetBegin>
            <CharacterOffsetEnd>482</CharacterOffsetEnd>
            <POS>WP</POS>
            <NER>O</NER>
            <Speaker>PER0</Speaker>
          </token>
          <token id="27">
            <word>WERE</word>
            <lemma>be</lemma>
            <CharacterOffsetBegin>483</CharacterOffsetBegin>
            <CharacterOffsetEnd>487</CharacterOffsetEnd>
            <POS>VBD</POS>
            <NER>O</NER>
            <Speaker>PER0</Speaker>
          </token>
          <token id="28">
            <word>REPELLING</word>
            <lemma>repel</lemma>
            <CharacterOffsetBegin>488</CharacterOffsetBegin>
            <CharacterOffsetEnd>497</CharacterOffsetEnd>
            <POS>VBG</POS>
            <NER>O</NER>
            <Speaker>PER0</Speaker>
          </token>
          <token id="29">
            <word>THE</word>
            <lemma>the</lemma>
            <CharacterOffsetBegin>498</CharacterOffsetBegin>
            <CharacterOffsetEnd>501</CharacterOffsetEnd>
            <POS>DT</POS>
            <NER>O</NER>
            <Speaker>PER0</Speaker>
          </token>
          <token id="30">
            <word>TERRORISTS</word>
            <lemma>terrorist</lemma>
            <CharacterOffsetBegin>502</CharacterOffsetBegin>
            <CharacterOffsetEnd>512</CharacterOffsetEnd>
            <POS>NNS</POS>
            <NER>O</NER>
            <Speaker>PER0</Speaker>
          </token>
          <token id="31">
            <word>'</word>
            <lemma>'</lemma>
            <CharacterOffsetBegin>512</CharacterOffsetBegin>
            <CharacterOffsetEnd>513</CharacterOffsetEnd>
            <POS>POS</POS>
            <NER>O</NER>
            <Speaker>PER0</Speaker>
          </token>
          <token id="32">
            <word>ATTACK</word>
            <lemma>attack</lemma>
            <CharacterOffsetBegin>514</CharacterOffsetBegin>
            <CharacterOffsetEnd>520</CharacterOffsetEnd>
            <POS>NN</POS>
            <NER>O</NER>
            <Speaker>PER0</Speaker>
          </token>
          <token id="33">
            <word>FROM</word>
            <lemma>from</lemma>
            <CharacterOffsetBegin>521</CharacterOffsetBegin>
            <CharacterOffsetEnd>525</CharacterOffsetEnd>
            <POS>IN</POS>
            <NER>O</NER>
            <Speaker>PER0</Speaker>
          </token>
          <token id="34">
            <word>THE</word>
            <lemma>the</lemma>
            <CharacterOffsetBegin>526</CharacterOffsetBegin>
            <CharacterOffsetEnd>529</CharacterOffsetEnd>
            <POS>DT</POS>
            <NER>O</NER>
            <Speaker>PER0</Speaker>
          </token>
          <token id="35">
            <word>REAR</word>
            <lemma>rear</lemma>
            <CharacterOffsetBegin>530</CharacterOffsetBegin>
            <CharacterOffsetEnd>534</CharacterOffsetEnd>
            <POS>NN</POS>
            <NER>O</NER>
            <Speaker>PER0</Speaker>
          </token>
          <token id="36">
            <word>OF</word>
            <lemma>of</lemma>
            <CharacterOffsetBegin>535</CharacterOffsetBegin>
            <CharacterOffsetEnd>537</CharacterOffsetEnd>
            <POS>IN</POS>
            <NER>O</NER>
            <Speaker>PER0</Speaker>
          </token>
          <token id="37">
            <word>THE</word>
            <lemma>the</lemma>
            <CharacterOffsetBegin>538</CharacterOffsetBegin>
            <CharacterOffsetEnd>541</CharacterOffsetEnd>
            <POS>DT</POS>
            <NER>O</NER>
            <Speaker>PER0</Speaker>
          </token>
          <token id="38">
            <word>REGIMENT</word>
            <lemma>regiment</lemma>
            <CharacterOffsetBegin>542</CharacterOffsetBegin>
            <CharacterOffsetEnd>550</CharacterOffsetEnd>
            <POS>NN</POS>
            <NER>O</NER>
            <Speaker>PER0</Speaker>
          </token>
          <token id="39">
            <word>GROUNDS</word>
            <lemma>grounds</lemma>
            <CharacterOffsetBegin>551</CharacterOffsetBegin>
            <CharacterOffsetEnd>558</CharacterOffsetEnd>
            <POS>NNS</POS>
            <NER>O</NER>
            <Speaker>PER0</Speaker>
          </token>
          <token id="40">
            <word>.</word>
            <lemma>.</lemma>
            <CharacterOffsetBegin>558</CharacterOffsetBegin>
            <CharacterOffsetEnd>559</CharacterOffsetEnd>
            <POS>.</POS>
            <NER>O</NER>
            <Speaker>PER0</Speaker>
          </token>
        </tokens>
        <parse>(ROOT (S (NP (NNP MUSIO)) (VP (MD WILL) (VP (VB BE) (NP (DT THE) (VBG ACTING) (JJ COMMANDING) (NN OFFICER)) (SBAR (IN BECAUSE) (S (NP (NN COMMANDER) (NNP JORGE) (NNP SAMUDIO)) (VP (VBD WAS) (VP (VBN INJURED) (PP (IN ON) (NP (CD 23))) (NP-TMP (NNP JANUARY)) (PP (IN WHILE) (S (VP (VBG HEADING) (NP (NP (DT A) (NN GROUP)) (PP (IN OF) (NP (NP (NNS OFFICERS)) (PP (VBG INCLUDING) (NP (NP (JJ NONCOMMISSIONED) (NNS OFFICERS)) (SBAR (WHNP (WP WHO)) (S (VP (VBD WERE) (VP (VBG REPELLING) (NP (NP (DT THE) (NNS TERRORISTS) (POS ')) (NN ATTACK)) (PP (IN FROM) (NP (NP (DT THE) (NN REAR)) (PP (IN OF) (NP (DT THE) (NN REGIMENT) (NNS GROUNDS))))))))))))))))))))))) (. .))) </parse>
        <dependencies type="basic-dependencies">
          <dep type="root">
            <governor idx="0">ROOT</governor>
            <dependent idx="7">OFFICER</dependent>
          </dep>
          <dep type="nsubj">
            <governor idx="7">OFFICER</governor>
            <dependent idx="1">MUSIO</dependent>
          </dep>
          <dep type="aux">
            <governor idx="7">OFFICER</governor>
            <dependent idx="2">WILL</dependent>
          </dep>
          <dep type="cop">
            <governor idx="7">OFFICER</governor>
            <dependent idx="3">BE</dependent>
          </dep>
          <dep type="det">
            <governor idx="7">OFFICER</governor>
            <dependent idx="4">THE</dependent>
          </dep>
          <dep type="amod">
            <governor idx="7">OFFICER</governor>
            <dependent idx="5">ACTING</dependent>
          </dep>
          <dep type="amod">
            <governor idx="7">OFFICER</governor>
            <dependent idx="6">COMMANDING</dependent>
          </dep>
          <dep type="mark">
            <governor idx="13">INJURED</governor>
            <dependent idx="8">BECAUSE</dependent>
          </dep>
          <dep type="compound">
            <governor idx="11">SAMUDIO</governor>
            <dependent idx="9">COMMANDER</dependent>
          </dep>
          <dep type="compound">
            <governor idx="11">SAMUDIO</governor>
            <dependent idx="10">JORGE</dependent>
          </dep>
          <dep type="nsubjpass">
            <governor idx="13">INJURED</governor>
            <dependent idx="11">SAMUDIO</dependent>
          </dep>
          <dep type="auxpass">
            <governor idx="13">INJURED</governor>
            <dependent idx="12">WAS</dependent>
          </dep>
          <dep type="advcl">
            <governor idx="7">OFFICER</governor>
            <dependent idx="13">INJURED</dependent>
          </dep>
          <dep type="case">
            <governor idx="15">23</governor>
            <dependent idx="14">ON</dependent>
          </dep>
          <dep type="nmod">
            <governor idx="13">INJURED</governor>
            <dependent idx="15">23</dependent>
          </dep>
          <dep type="nmod:tmod">
            <governor idx="13">INJURED</governor>
            <dependent idx="16">JANUARY</dependent>
          </dep>
          <dep type="mark">
            <governor idx="18">HEADING</governor>
            <dependent idx="17">WHILE</dependent>
          </dep>
          <dep type="advcl">
            <governor idx="13">INJURED</governor>
            <dependent idx="18">HEADING</dependent>
          </dep>
          <dep type="det">
            <governor idx="20">GROUP</governor>
            <dependent idx="19">A</dependent>
          </dep>
          <dep type="dobj">
            <governor idx="18">HEADING</governor>
            <dependent idx="20">GROUP</dependent>
          </dep>
          <dep type="case">
            <governor idx="22">OFFICERS</governor>
            <dependent idx="21">OF</dependent>
          </dep>
          <dep type="nmod">
            <governor idx="20">GROUP</governor>
            <dependent idx="22">OFFICERS</dependent>
          </dep>
          <dep type="case">
            <governor idx="25">OFFICERS</governor>
            <dependent idx="23">INCLUDING</dependent>
          </dep>
          <dep type="amod">
            <governor idx="25">OFFICERS</governor>
            <dependent idx="24">NONCOMMISSIONED</dependent>
          </dep>
          <dep type="nmod">
            <governor idx="22">OFFICERS</governor>
            <dependent idx="25">OFFICERS</dependent>
          </dep>
          <dep type="nsubj">
            <governor idx="28">REPELLING</governor>
            <dependent idx="26">WHO</dependent>
          </dep>
          <dep type="aux">
            <governor idx="28">REPELLING</governor>
            <dependent idx="27">WERE</dependent>
          </dep>
          <dep type="acl:relcl">
            <governor idx="25">OFFICERS</governor>
            <dependent idx="28">REPELLING</dependent>
          </dep>
          <dep type="det">
            <governor idx="30">TERRORISTS</governor>
            <dependent idx="29">THE</dependent>
          </dep>
          <dep type="nmod:poss">
            <governor idx="32">ATTACK</governor>
            <dependent idx="30">TERRORISTS</dependent>
          </dep>
          <dep type="case">
            <governor idx="30">TERRORISTS</governor>
            <dependent idx="31">'</dependent>
          </dep>
          <dep type="dobj">
            <governor idx="28">REPELLING</governor>
            <dependent idx="32">ATTACK</dependent>
          </dep>
          <dep type="case">
            <governor idx="35">REAR</governor>
            <dependent idx="33">FROM</dependent>
          </dep>
          <dep type="det">
            <governor idx="35">REAR</governor>
            <dependent idx="34">THE</dependent>
          </dep>
          <dep type="nmod">
            <governor idx="28">REPELLING</governor>
            <dependent idx="35">REAR</dependent>
          </dep>
          <dep type="case">
            <governor idx="39">GROUNDS</governor>
            <dependent idx="36">OF</dependent>
          </dep>
          <dep type="det">
            <governor idx="39">GROUNDS</governor>
            <dependent idx="37">THE</dependent>
          </dep>
          <dep type="compound">
            <governor idx="39">GROUNDS</governor>
            <dependent idx="38">REGIMENT</dependent>
          </dep>
          <dep type="nmod">
            <governor idx="35">REAR</governor>
            <dependent idx="39">GROUNDS</dependent>
          </dep>
        </dependencies>
        <dependencies type="collapsed-dependencies">
          <dep type="root">
            <governor idx="0">ROOT</governor>
            <dependent idx="7">OFFICER</dependent>
          </dep>
          <dep type="nsubj">
            <governor idx="7">OFFICER</governor>
            <dependent idx="1">MUSIO</dependent>
          </dep>
          <dep type="aux">
            <governor idx="7">OFFICER</governor>
            <dependent idx="2">WILL</dependent>
          </dep>
          <dep type="cop">
            <governor idx="7">OFFICER</governor>
            <dependent idx="3">BE</dependent>
          </dep>
          <dep type="det">
            <governor idx="7">OFFICER</governor>
            <dependent idx="4">THE</dependent>
          </dep>
          <dep type="amod">
            <governor idx="7">OFFICER</governor>
            <dependent idx="5">ACTING</dependent>
          </dep>
          <dep type="amod">
            <governor idx="7">OFFICER</governor>
            <dependent idx="6">COMMANDING</dependent>
          </dep>
          <dep type="mark">
            <governor idx="13">INJURED</governor>
            <dependent idx="8">BECAUSE</dependent>
          </dep>
          <dep type="compound">
            <governor idx="11">SAMUDIO</governor>
            <dependent idx="9">COMMANDER</dependent>
          </dep>
          <dep type="compound">
            <governor idx="11">SAMUDIO</governor>
            <dependent idx="10">JORGE</dependent>
          </dep>
          <dep type="nsubjpass">
            <governor idx="13">INJURED</governor>
            <dependent idx="11">SAMUDIO</dependent>
          </dep>
          <dep type="auxpass">
            <governor idx="13">INJURED</governor>
            <dependent idx="12">WAS</dependent>
          </dep>
          <dep type="advcl">
            <governor idx="7">OFFICER</governor>
            <dependent idx="13">INJURED</dependent>
          </dep>
          <dep type="case">
            <governor idx="15">23</governor>
            <dependent idx="14">ON</dependent>
          </dep>
          <dep type="nmod:on">
            <governor idx="13">INJURED</governor>
            <dependent idx="15">23</dependent>
          </dep>
          <dep type="nmod:tmod">
            <governor idx="13">INJURED</governor>
            <dependent idx="16">JANUARY</dependent>
          </dep>
          <dep type="mark">
            <governor idx="18">HEADING</governor>
            <dependent idx="17">WHILE</dependent>
          </dep>
          <dep type="advcl">
            <governor idx="13">INJURED</governor>
            <dependent idx="18">HEADING</dependent>
          </dep>
          <dep type="det">
            <governor idx="20">GROUP</governor>
            <dependent idx="19">A</dependent>
          </dep>
          <dep type="dobj">
            <governor idx="18">HEADING</governor>
            <dependent idx="20">GROUP</dependent>
          </dep>
          <dep type="case">
            <governor idx="22">OFFICERS</governor>
            <dependent idx="21">OF</dependent>
          </dep>
          <dep type="nmod:of">
            <governor idx="20">GROUP</governor>
            <dependent idx="22">OFFICERS</dependent>
          </dep>
          <dep type="case">
            <governor idx="25">OFFICERS</governor>
            <dependent idx="23">INCLUDING</dependent>
          </dep>
          <dep type="amod">
            <governor idx="25">OFFICERS</governor>
            <dependent idx="24">NONCOMMISSIONED</dependent>
          </dep>
          <dep type="nmod:including">
            <governor idx="22">OFFICERS</governor>
            <dependent idx="25">OFFICERS</dependent>
          </dep>
          <dep type="nsubj">
            <governor idx="28">REPELLING</governor>
            <dependent idx="26">WHO</dependent>
          </dep>
          <dep type="aux">
            <governor idx="28">REPELLING</governor>
            <dependent idx="27">WERE</dependent>
          </dep>
          <dep type="acl:relcl">
            <governor idx="25">OFFICERS</governor>
            <dependent idx="28">REPELLING</dependent>
          </dep>
          <dep type="det">
            <governor idx="30">TERRORISTS</governor>
            <dependent idx="29">THE</dependent>
          </dep>
          <dep type="nmod:poss">
            <governor idx="32">ATTACK</governor>
            <dependent idx="30">TERRORISTS</dependent>
          </dep>
          <dep type="case">
            <governor idx="30">TERRORISTS</governor>
            <dependent idx="31">'</dependent>
          </dep>
          <dep type="dobj">
            <governor idx="28">REPELLING</governor>
            <dependent idx="32">ATTACK</dependent>
          </dep>
          <dep type="case">
            <governor idx="35">REAR</governor>
            <dependent idx="33">FROM</dependent>
          </dep>
          <dep type="det">
            <governor idx="35">REAR</governor>
            <dependent idx="34">THE</dependent>
          </dep>
          <dep type="nmod:from">
            <governor idx="28">REPELLING</governor>
            <dependent idx="35">REAR</dependent>
          </dep>
          <dep type="case">
            <governor idx="39">GROUNDS</governor>
            <dependent idx="36">OF</dependent>
          </dep>
          <dep type="det">
            <governor idx="39">GROUNDS</governor>
            <dependent idx="37">THE</dependent>
          </dep>
          <dep type="compound">
            <governor idx="39">GROUNDS</governor>
            <dependent idx="38">REGIMENT</dependent>
          </dep>
          <dep type="nmod:of">
            <governor idx="35">REAR</governor>
            <dependent idx="39">GROUNDS</dependent>
          </dep>
        </dependencies>
        <dependencies type="collapsed-ccprocessed-dependencies">
          <dep type="root">
            <governor idx="0">ROOT</governor>
            <dependent idx="7">OFFICER</dependent>
          </dep>
          <dep type="nsubj">
            <governor idx="7">OFFICER</governor>
            <dependent idx="1">MUSIO</dependent>
          </dep>
          <dep type="aux">
            <governor idx="7">OFFICER</governor>
            <dependent idx="2">WILL</dependent>
          </dep>
          <dep type="cop">
            <governor idx="7">OFFICER</governor>
            <dependent idx="3">BE</dependent>
          </dep>
          <dep type="det">
            <governor idx="7">OFFICER</governor>
            <dependent idx="4">THE</dependent>
          </dep>
          <dep type="amod">
            <governor idx="7">OFFICER</governor>
            <dependent idx="5">ACTING</dependent>
          </dep>
          <dep type="amod">
            <governor idx="7">OFFICER</governor>
            <dependent idx="6">COMMANDING</dependent>
          </dep>
          <dep type="mark">
            <governor idx="13">INJURED</governor>
            <dependent idx="8">BECAUSE</dependent>
          </dep>
          <dep type="compound">
            <governor idx="11">SAMUDIO</governor>
            <dependent idx="9">COMMANDER</dependent>
          </dep>
          <dep type="compound">
            <governor idx="11">SAMUDIO</governor>
            <dependent idx="10">JORGE</dependent>
          </dep>
          <dep type="nsubjpass">
            <governor idx="13">INJURED</governor>
            <dependent idx="11">SAMUDIO</dependent>
          </dep>
          <dep type="auxpass">
            <governor idx="13">INJURED</governor>
            <dependent idx="12">WAS</dependent>
          </dep>
          <dep type="advcl">
            <governor idx="7">OFFICER</governor>
            <dependent idx="13">INJURED</dependent>
          </dep>
          <dep type="case">
            <governor idx="15">23</governor>
            <dependent idx="14">ON</dependent>
          </dep>
          <dep type="nmod:on">
            <governor idx="13">INJURED</governor>
            <dependent idx="15">23</dependent>
          </dep>
          <dep type="nmod:tmod">
            <governor idx="13">INJURED</governor>
            <dependent idx="16">JANUARY</dependent>
          </dep>
          <dep type="mark">
            <governor idx="18">HEADING</governor>
            <dependent idx="17">WHILE</dependent>
          </dep>
          <dep type="advcl">
            <governor idx="13">INJURED</governor>
            <dependent idx="18">HEADING</dependent>
          </dep>
          <dep type="det">
            <governor idx="20">GROUP</governor>
            <dependent idx="19">A</dependent>
          </dep>
          <dep type="dobj">
            <governor idx="18">HEADING</governor>
            <dependent idx="20">GROUP</dependent>
          </dep>
          <dep type="case">
            <governor idx="22">OFFICERS</governor>
            <dependent idx="21">OF</dependent>
          </dep>
          <dep type="nmod:of">
            <governor idx="20">GROUP</governor>
            <dependent idx="22">OFFICERS</dependent>
          </dep>
          <dep type="case">
            <governor idx="25">OFFICERS</governor>
            <dependent idx="23">INCLUDING</dependent>
          </dep>
          <dep type="amod">
            <governor idx="25">OFFICERS</governor>
            <dependent idx="24">NONCOMMISSIONED</dependent>
          </dep>
          <dep type="nmod:including">
            <governor idx="22">OFFICERS</governor>
            <dependent idx="25">OFFICERS</dependent>
          </dep>
          <dep type="nsubj">
            <governor idx="28">REPELLING</governor>
            <dependent idx="26">WHO</dependent>
          </dep>
          <dep type="aux">
            <governor idx="28">REPELLING</governor>
            <dependent idx="27">WERE</dependent>
          </dep>
          <dep type="acl:relcl">
            <governor idx="25">OFFICERS</governor>
            <dependent idx="28">REPELLING</dependent>
          </dep>
          <dep type="det">
            <governor idx="30">TERRORISTS</governor>
            <dependent idx="29">THE</dependent>
          </dep>
          <dep type="nmod:poss">
            <governor idx="32">ATTACK</governor>
            <dependent idx="30">TERRORISTS</dependent>
          </dep>
          <dep type="case">
            <governor idx="30">TERRORISTS</governor>
            <dependent idx="31">'</dependent>
          </dep>
          <dep type="dobj">
            <governor idx="28">REPELLING</governor>
            <dependent idx="32">ATTACK</dependent>
          </dep>
          <dep type="case">
            <governor idx="35">REAR</governor>
            <dependent idx="33">FROM</dependent>
          </dep>
          <dep type="det">
            <governor idx="35">REAR</governor>
            <dependent idx="34">THE</dependent>
          </dep>
          <dep type="nmod:from">
            <governor idx="28">REPELLING</governor>
            <dependent idx="35">REAR</dependent>
          </dep>
          <dep type="case">
            <governor idx="39">GROUNDS</governor>
            <dependent idx="36">OF</dependent>
          </dep>
          <dep type="det">
            <governor idx="39">GROUNDS</governor>
            <dependent idx="37">THE</dependent>
          </dep>
          <dep type="compound">
            <governor idx="39">GROUNDS</governor>
            <dependent idx="38">REGIMENT</dependent>
          </dep>
          <dep type="nmod:of">
            <governor idx="35">REAR</governor>
            <dependent idx="39">GROUNDS</dependent>
          </dep>
        </dependencies>
      </sentence>
      <sentence id="4">
        <tokens>
          <token id="1">
            <word>-LSB-</word>
            <lemma>-lsb-</lemma>
            <CharacterOffsetBegin>560</CharacterOffsetBegin>
            <CharacterOffsetEnd>561</CharacterOffsetEnd>
            <POS>-LRB-</POS>
            <NER>O</NER>
            <Speaker>PER0</Speaker>
          </token>
          <token id="2">
            <word>PASSAGE</word>
            <lemma>passage</lemma>
            <CharacterOffsetBegin>561</CharacterOffsetBegin>
            <CharacterOffsetEnd>568</CharacterOffsetEnd>
            <POS>NN</POS>
            <NER>O</NER>
            <Speaker>PER0</Speaker>
          </token>
          <token id="3">
            <word>OMITTED</word>
            <lemma>omit</lemma>
            <CharacterOffsetBegin>569</CharacterOffsetBegin>
            <CharacterOffsetEnd>576</CharacterOffsetEnd>
            <POS>VBN</POS>
            <NER>O</NER>
            <Speaker>PER0</Speaker>
          </token>
          <token id="4">
            <word>-RSB-</word>
            <lemma>-rsb-</lemma>
            <CharacterOffsetBegin>576</CharacterOffsetBegin>
            <CharacterOffsetEnd>577</CharacterOffsetEnd>
            <POS>-RRB-</POS>
            <NER>O</NER>
            <Speaker>PER0</Speaker>
          </token>
        </tokens>
        <parse>(ROOT (S (NP (-LRB- -LSB-) (NN PASSAGE)) (VP (VBN OMITTED)) (-RRB- -RSB-))) </parse>
        <dependencies type="basic-dependencies">
          <dep type="root">
            <governor idx="0">ROOT</governor>
            <dependent idx="3">OMITTED</dependent>
          </dep>
          <dep type="nsubj">
            <governor idx="3">OMITTED</governor>
            <dependent idx="2">PASSAGE</dependent>
          </dep>
        </dependencies>
        <dependencies type="collapsed-dependencies">
          <dep type="root">
            <governor idx="0">ROOT</governor>
            <dependent idx="3">OMITTED</dependent>
          </dep>
          <dep type="nsubj">
            <governor idx="3">OMITTED</governor>
            <dependent idx="2">PASSAGE</dependent>
          </dep>
        </dependencies>
        <dependencies type="collapsed-ccprocessed-dependencies">
          <dep type="root">
            <governor idx="0">ROOT</governor>
            <dependent idx="3">OMITTED</dependent>
          </dep>
          <dep type="nsubj">
            <governor idx="3">OMITTED</governor>
            <dependent idx="2">PASSAGE</dependent>
          </dep>
        </dependencies>
      </sentence>
    </sentences>
    <coreference>
      <coreference>
        <mention representative="true">
          <sentence>1</sentence>
          <start>31</start>
          <end>33</end>
          <head>32</head>
          <text>HECTOR MUSIO</text>
        </mention>
        <mention>
          <sentence>3</sentence>
          <start>1</start>
          <end>2</end>
          <head>1</head>
          <text>MUSIO</text>
        </mention>
      </coreference>
      <coreference>
        <mention representative="true">
          <sentence>1</sentence>
          <start>1</start>
          <end>33</end>
          <head>1</head>
          <text>DEV-MUC3-0048 -LRB- NOSC -RRB- BUENOS AIRES , 26 JAN 89 -- -LSB- EXCERPT -RSB- THE NEW SECOND IN COMMAND OF THE 3D INFANTRY REGIMENT BASED AT LA TABLADA , MAJOR HECTOR MUSIO</text>
        </mention>
        <mention>
          <sentence>2</sentence>
          <start>1</start>
          <end>2</end>
          <head>1</head>
          <text>HE</text>
        </mention>
      </coreference>
      <coreference>
        <mention representative="true">
          <sentence>1</sentence>
          <start>8</start>
          <end>33</end>
          <head>8</head>
          <text>26 JAN 89 -- -LSB- EXCERPT -RSB- THE NEW SECOND IN COMMAND OF THE 3D INFANTRY REGIMENT BASED AT LA TABLADA , MAJOR HECTOR MUSIO</text>
        </mention>
        <mention>
          <sentence>1</sentence>
          <start>1</start>
          <end>7</end>
          <head>1</head>
          <text>DEV-MUC3-0048 -LRB- NOSC -RRB- BUENOS AIRES</text>
        </mention>
      </coreference>
      <coreference>
        <mention representative="true">
          <sentence>2</sentence>
          <start>18</start>
          <end>19</end>
          <head>18</head>
          <text>23</text>
        </mention>
        <mention>
          <sentence>3</sentence>
          <start>15</start>
          <end>16</end>
          <head>15</head>
          <text>23</text>
        </mention>
      </coreference>
      <coreference>
        <mention representative="true">
          <sentence>2</sentence>
          <start>19</start>
          <end>20</end>
          <head>19</head>
          <text>JANUARY</text>
        </mention>
        <mention>
          <sentence>3</sentence>
          <start>16</start>
          <end>17</end>
          <head>16</head>
          <text>JANUARY</text>
        </mention>
      </coreference>
    </coreference>
  </document>
</root>
