<?xml version="1.0" encoding="ASCII"?>
<?xml-stylesheet href="CoreNLP-to-HTML.xsl" type="text/xsl"?>
<root>
  <document>
    <sentences>
      <sentence id="1">
        <tokens>
          <token id="1">
            <word>DEV-MUC3-0051</word>
            <lemma>dev-muc3-0051</lemma>
            <CharacterOffsetBegin>0</CharacterOffsetBegin>
            <CharacterOffsetEnd>13</CharacterOffsetEnd>
            <POS>NN</POS>
            <NER>O</NER>
            <Speaker>PER0</Speaker>
          </token>
          <token id="2">
            <word>-LRB-</word>
            <lemma>-lrb-</lemma>
            <CharacterOffsetBegin>14</CharacterOffsetBegin>
            <CharacterOffsetEnd>15</CharacterOffsetEnd>
            <POS>-LRB-</POS>
            <NER>O</NER>
            <Speaker>PER0</Speaker>
          </token>
          <token id="3">
            <word>NOSC</word>
            <lemma>nosc</lemma>
            <CharacterOffsetBegin>15</CharacterOffsetBegin>
            <CharacterOffsetEnd>19</CharacterOffsetEnd>
            <POS>NN</POS>
            <NER>O</NER>
            <Speaker>PER0</Speaker>
          </token>
          <token id="4">
            <word>-RRB-</word>
            <lemma>-rrb-</lemma>
            <CharacterOffsetBegin>19</CharacterOffsetBegin>
            <CharacterOffsetEnd>20</CharacterOffsetEnd>
            <POS>-RRB-</POS>
            <NER>O</NER>
            <Speaker>PER0</Speaker>
          </token>
          <token id="5">
            <word>OSORNO</word>
            <lemma>osorno</lemma>
            <CharacterOffsetBegin>25</CharacterOffsetBegin>
            <CharacterOffsetEnd>31</CharacterOffsetEnd>
            <POS>NN</POS>
            <NER>O</NER>
            <Speaker>PER0</Speaker>
          </token>
          <token id="6">
            <word>,</word>
            <lemma>,</lemma>
            <CharacterOffsetBegin>31</CharacterOffsetBegin>
            <CharacterOffsetEnd>32</CharacterOffsetEnd>
            <POS>,</POS>
            <NER>O</NER>
            <Speaker>PER0</Speaker>
          </token>
          <token id="7">
            <word>18</word>
            <lemma>18</lemma>
            <CharacterOffsetBegin>33</CharacterOffsetBegin>
            <CharacterOffsetEnd>35</CharacterOffsetEnd>
            <POS>CD</POS>
            <NER>DATE</NER>
            <NormalizedNER>XXXX-01-18</NormalizedNER>
            <Speaker>PER0</Speaker>
            <Timex tid="t1" type="DATE">XXXX-01-18</Timex>
          </token>
          <token id="8">
            <word>JAN</word>
            <lemma>JAN</lemma>
            <CharacterOffsetBegin>36</CharacterOffsetBegin>
            <CharacterOffsetEnd>39</CharacterOffsetEnd>
            <POS>NNP</POS>
            <NER>DATE</NER>
            <NormalizedNER>XXXX-01-18</NormalizedNER>
            <Speaker>PER0</Speaker>
            <Timex tid="t1" type="DATE">XXXX-01-18</Timex>
          </token>
          <token id="9">
            <word>89</word>
            <lemma>89</lemma>
            <CharacterOffsetBegin>40</CharacterOffsetBegin>
            <CharacterOffsetEnd>42</CharacterOffsetEnd>
            <POS>CD</POS>
            <NER>NUMBER</NER>
            <NormalizedNER>89.0</NormalizedNER>
            <Speaker>PER0</Speaker>
          </token>
          <token id="10">
            <word>--</word>
            <lemma>--</lemma>
            <CharacterOffsetBegin>43</CharacterOffsetBegin>
            <CharacterOffsetEnd>45</CharacterOffsetEnd>
            <POS>:</POS>
            <NER>O</NER>
            <Speaker>PER0</Speaker>
          </token>
          <token id="11">
            <word>-LSB-</word>
            <lemma>-lsb-</lemma>
            <CharacterOffsetBegin>46</CharacterOffsetBegin>
            <CharacterOffsetEnd>47</CharacterOffsetEnd>
            <POS>-LRB-</POS>
            <NER>O</NER>
            <Speaker>PER0</Speaker>
          </token>
          <token id="12">
            <word>TEXT</word>
            <lemma>text</lemma>
            <CharacterOffsetBegin>47</CharacterOffsetBegin>
            <CharacterOffsetEnd>51</CharacterOffsetEnd>
            <POS>NN</POS>
            <NER>O</NER>
            <Speaker>PER0</Speaker>
          </token>
          <token id="13">
            <word>-RSB-</word>
            <lemma>-rsb-</lemma>
            <CharacterOffsetBegin>51</CharacterOffsetBegin>
            <CharacterOffsetEnd>52</CharacterOffsetEnd>
            <POS>-RRB-</POS>
            <NER>O</NER>
            <Speaker>PER0</Speaker>
          </token>
          <token id="14">
            <word>A</word>
            <lemma>a</lemma>
            <CharacterOffsetBegin>53</CharacterOffsetBegin>
            <CharacterOffsetEnd>54</CharacterOffsetEnd>
            <POS>DT</POS>
            <NER>O</NER>
            <Speaker>PER0</Speaker>
          </token>
          <token id="15">
            <word>BOMB</word>
            <lemma>bomb</lemma>
            <CharacterOffsetBegin>55</CharacterOffsetBegin>
            <CharacterOffsetEnd>59</CharacterOffsetEnd>
            <POS>NN</POS>
            <NER>O</NER>
            <Speaker>PER0</Speaker>
          </token>
          <token id="16">
            <word>EXPLODED</word>
            <lemma>explode</lemma>
            <CharacterOffsetBegin>60</CharacterOffsetBegin>
            <CharacterOffsetEnd>68</CharacterOffsetEnd>
            <POS>VBD</POS>
            <NER>O</NER>
            <Speaker>PER0</Speaker>
          </token>
          <token id="17">
            <word>IN</word>
            <lemma>in</lemma>
            <CharacterOffsetBegin>69</CharacterOffsetBegin>
            <CharacterOffsetEnd>71</CharacterOffsetEnd>
            <POS>IN</POS>
            <NER>O</NER>
            <Speaker>PER0</Speaker>
          </token>
          <token id="18">
            <word>A</word>
            <lemma>a</lemma>
            <CharacterOffsetBegin>72</CharacterOffsetBegin>
            <CharacterOffsetEnd>73</CharacterOffsetEnd>
            <POS>DT</POS>
            <NER>O</NER>
            <Speaker>PER0</Speaker>
          </token>
          <token id="19">
            <word>PILMAIQUEN</word>
            <lemma>pilmaiquen</lemma>
            <CharacterOffsetBegin>74</CharacterOffsetBegin>
            <CharacterOffsetEnd>84</CharacterOffsetEnd>
            <POS>NN</POS>
            <NER>O</NER>
            <Speaker>PER0</Speaker>
          </token>
          <token id="20">
            <word>ALLEY</word>
            <lemma>alley</lemma>
            <CharacterOffsetBegin>85</CharacterOffsetBegin>
            <CharacterOffsetEnd>90</CharacterOffsetEnd>
            <POS>NN</POS>
            <NER>O</NER>
            <Speaker>PER0</Speaker>
          </token>
          <token id="21">
            <word>DESTROYING</word>
            <lemma>destroy</lemma>
            <CharacterOffsetBegin>91</CharacterOffsetBegin>
            <CharacterOffsetEnd>101</CharacterOffsetEnd>
            <POS>VBG</POS>
            <NER>O</NER>
            <Speaker>PER0</Speaker>
          </token>
          <token id="22">
            <word>WINDOWS</word>
            <lemma>window</lemma>
            <CharacterOffsetBegin>102</CharacterOffsetBegin>
            <CharacterOffsetEnd>109</CharacterOffsetEnd>
            <POS>NNS</POS>
            <NER>O</NER>
            <Speaker>PER0</Speaker>
          </token>
          <token id="23">
            <word>AND</word>
            <lemma>and</lemma>
            <CharacterOffsetBegin>110</CharacterOffsetBegin>
            <CharacterOffsetEnd>113</CharacterOffsetEnd>
            <POS>CC</POS>
            <NER>O</NER>
            <Speaker>PER0</Speaker>
          </token>
          <token id="24">
            <word>WATER</word>
            <lemma>water</lemma>
            <CharacterOffsetBegin>114</CharacterOffsetBegin>
            <CharacterOffsetEnd>119</CharacterOffsetEnd>
            <POS>NN</POS>
            <NER>O</NER>
            <Speaker>PER0</Speaker>
          </token>
          <token id="25">
            <word>PIPES</word>
            <lemma>pipe</lemma>
            <CharacterOffsetBegin>120</CharacterOffsetBegin>
            <CharacterOffsetEnd>125</CharacterOffsetEnd>
            <POS>NNS</POS>
            <NER>O</NER>
            <Speaker>PER0</Speaker>
          </token>
          <token id="26">
            <word>.</word>
            <lemma>.</lemma>
            <CharacterOffsetBegin>125</CharacterOffsetBegin>
            <CharacterOffsetEnd>126</CharacterOffsetEnd>
            <POS>.</POS>
            <NER>O</NER>
            <Speaker>PER0</Speaker>
          </token>
        </tokens>
        <parse>(ROOT (S (NP (NP (NP (NN DEV-MUC3-0051)) (PRN (-LRB- -LRB-) (NP (NN NOSC)) (-RRB- -RRB-)) (NP (NN OSORNO))) (, ,) (NP (NP (CD 18)) (NP-TMP (NNP JAN) (CD 89))) (: --) (-LRB- -LSB-) (NP (NP (NN TEXT)) (PP (-RRB- -RSB-) (NP (DT A) (NN BOMB))))) (VP (VBD EXPLODED) (PP (IN IN) (NP (DT A) (NN PILMAIQUEN) (NN ALLEY))) (S (VP (VBG DESTROYING) (NP (NNS WINDOWS) (CC AND) (NN WATER) (NNS PIPES))))) (. .))) </parse>
        <dependencies type="basic-dependencies">
          <dep type="root">
            <governor idx="0">ROOT</governor>
            <dependent idx="16">EXPLODED</dependent>
          </dep>
          <dep type="nsubj">
            <governor idx="16">EXPLODED</governor>
            <dependent idx="1">DEV-MUC3-0051</dependent>
          </dep>
          <dep type="appos">
            <governor idx="1">DEV-MUC3-0051</governor>
            <dependent idx="3">NOSC</dependent>
          </dep>
          <dep type="dep">
            <governor idx="1">DEV-MUC3-0051</governor>
            <dependent idx="5">OSORNO</dependent>
          </dep>
          <dep type="appos">
            <governor idx="1">DEV-MUC3-0051</governor>
            <dependent idx="7">18</dependent>
          </dep>
          <dep type="nmod:tmod">
            <governor idx="7">18</governor>
            <dependent idx="8">JAN</dependent>
          </dep>
          <dep type="nummod">
            <governor idx="8">JAN</governor>
            <dependent idx="9">89</dependent>
          </dep>
          <dep type="dep">
            <governor idx="1">DEV-MUC3-0051</governor>
            <dependent idx="12">TEXT</dependent>
          </dep>
          <dep type="det">
            <governor idx="15">BOMB</governor>
            <dependent idx="14">A</dependent>
          </dep>
          <dep type="nmod">
            <governor idx="12">TEXT</governor>
            <dependent idx="15">BOMB</dependent>
          </dep>
          <dep type="case">
            <governor idx="20">ALLEY</governor>
            <dependent idx="17">IN</dependent>
          </dep>
          <dep type="det">
            <governor idx="20">ALLEY</governor>
            <dependent idx="18">A</dependent>
          </dep>
          <dep type="compound">
            <governor idx="20">ALLEY</governor>
            <dependent idx="19">PILMAIQUEN</dependent>
          </dep>
          <dep type="nmod">
            <governor idx="16">EXPLODED</governor>
            <dependent idx="20">ALLEY</dependent>
          </dep>
          <dep type="xcomp">
            <governor idx="16">EXPLODED</governor>
            <dependent idx="21">DESTROYING</dependent>
          </dep>
          <dep type="dobj">
            <governor idx="21">DESTROYING</governor>
            <dependent idx="22">WINDOWS</dependent>
          </dep>
          <dep type="cc">
            <governor idx="22">WINDOWS</governor>
            <dependent idx="23">AND</dependent>
          </dep>
          <dep type="compound">
            <governor idx="25">PIPES</governor>
            <dependent idx="24">WATER</dependent>
          </dep>
          <dep type="conj">
            <governor idx="22">WINDOWS</governor>
            <dependent idx="25">PIPES</dependent>
          </dep>
        </dependencies>
        <dependencies type="collapsed-dependencies">
          <dep type="root">
            <governor idx="0">ROOT</governor>
            <dependent idx="16">EXPLODED</dependent>
          </dep>
          <dep type="nsubj">
            <governor idx="16">EXPLODED</governor>
            <dependent idx="1">DEV-MUC3-0051</dependent>
          </dep>
          <dep type="appos">
            <governor idx="1">DEV-MUC3-0051</governor>
            <dependent idx="3">NOSC</dependent>
          </dep>
          <dep type="dep">
            <governor idx="1">DEV-MUC3-0051</governor>
            <dependent idx="5">OSORNO</dependent>
          </dep>
          <dep type="appos">
            <governor idx="1">DEV-MUC3-0051</governor>
            <dependent idx="7">18</dependent>
          </dep>
          <dep type="nmod:tmod">
            <governor idx="7">18</governor>
            <dependent idx="8">JAN</dependent>
          </dep>
          <dep type="nummod">
            <governor idx="8">JAN</governor>
            <dependent idx="9">89</dependent>
          </dep>
          <dep type="dep">
            <governor idx="1">DEV-MUC3-0051</governor>
            <dependent idx="12">TEXT</dependent>
          </dep>
          <dep type="det">
            <governor idx="15">BOMB</governor>
            <dependent idx="14">A</dependent>
          </dep>
          <dep type="nmod">
            <governor idx="12">TEXT</governor>
            <dependent idx="15">BOMB</dependent>
          </dep>
          <dep type="case">
            <governor idx="20">ALLEY</governor>
            <dependent idx="17">IN</dependent>
          </dep>
          <dep type="det">
            <governor idx="20">ALLEY</governor>
            <dependent idx="18">A</dependent>
          </dep>
          <dep type="compound">
            <governor idx="20">ALLEY</governor>
            <dependent idx="19">PILMAIQUEN</dependent>
          </dep>
          <dep type="nmod:in">
            <governor idx="16">EXPLODED</governor>
            <dependent idx="20">ALLEY</dependent>
          </dep>
          <dep type="xcomp">
            <governor idx="16">EXPLODED</governor>
            <dependent idx="21">DESTROYING</dependent>
          </dep>
          <dep type="dobj">
            <governor idx="21">DESTROYING</governor>
            <dependent idx="22">WINDOWS</dependent>
          </dep>
          <dep type="cc">
            <governor idx="22">WINDOWS</governor>
            <dependent idx="23">AND</dependent>
          </dep>
          <dep type="compound">
            <governor idx="25">PIPES</governor>
            <dependent idx="24">WATER</dependent>
          </dep>
          <dep type="conj:and">
            <governor idx="22">WINDOWS</governor>
            <dependent idx="25">PIPES</dependent>
          </dep>
        </dependencies>
        <dependencies type="collapsed-ccprocessed-dependencies">
          <dep type="root">
            <governor idx="0">ROOT</governor>
            <dependent idx="16">EXPLODED</dependent>
          </dep>
          <dep type="nsubj">
            <governor idx="16">EXPLODED</governor>
            <dependent idx="1">DEV-MUC3-0051</dependent>
          </dep>
          <dep type="appos">
            <governor idx="1">DEV-MUC3-0051</governor>
            <dependent idx="3">NOSC</dependent>
          </dep>
          <dep type="dep">
            <governor idx="1">DEV-MUC3-0051</governor>
            <dependent idx="5">OSORNO</dependent>
          </dep>
          <dep type="appos">
            <governor idx="1">DEV-MUC3-0051</governor>
            <dependent idx="7">18</dependent>
          </dep>
          <dep type="nmod:tmod">
            <governor idx="7">18</governor>
            <dependent idx="8">JAN</dependent>
          </dep>
          <dep type="nummod">
            <governor idx="8">JAN</governor>
            <dependent idx="9">89</dependent>
          </dep>
          <dep type="dep">
            <governor idx="1">DEV-MUC3-0051</governor>
            <dependent idx="12">TEXT</dependent>
          </dep>
          <dep type="det">
            <governor idx="15">BOMB</governor>
            <dependent idx="14">A</dependent>
          </dep>
          <dep type="nmod">
            <governor idx="12">TEXT</governor>
            <dependent idx="15">BOMB</dependent>
          </dep>
          <dep type="case">
            <governor idx="20">ALLEY</governor>
            <dependent idx="17">IN</dependent>
          </dep>
          <dep type="det">
            <governor idx="20">ALLEY</governor>
            <dependent idx="18">A</dependent>
          </dep>
          <dep type="compound">
            <governor idx="20">ALLEY</governor>
            <dependent idx="19">PILMAIQUEN</dependent>
          </dep>
          <dep type="nmod:in">
            <governor idx="16">EXPLODED</governor>
            <dependent idx="20">ALLEY</dependent>
          </dep>
          <dep type="xcomp">
            <governor idx="16">EXPLODED</governor>
            <dependent idx="21">DESTROYING</dependent>
          </dep>
          <dep type="dobj">
            <governor idx="21">DESTROYING</governor>
            <dependent idx="22">WINDOWS</dependent>
          </dep>
          <dep type="cc">
            <governor idx="22">WINDOWS</governor>
            <dependent idx="23">AND</dependent>
          </dep>
          <dep type="compound">
            <governor idx="25">PIPES</governor>
            <dependent idx="24">WATER</dependent>
          </dep>
          <dep type="dobj" extra="true">
            <governor idx="21">DESTROYING</governor>
            <dependent idx="25">PIPES</dependent>
          </dep>
          <dep type="conj:and">
            <governor idx="22">WINDOWS</governor>
            <dependent idx="25">PIPES</dependent>
          </dep>
        </dependencies>
      </sentence>
      <sentence id="2">
        <tokens>
          <token id="1">
            <word>ACCORDING</word>
            <lemma>accord</lemma>
            <CharacterOffsetBegin>131</CharacterOffsetBegin>
            <CharacterOffsetEnd>140</CharacterOffsetEnd>
            <POS>VBG</POS>
            <NER>O</NER>
            <Speaker>PER0</Speaker>
          </token>
          <token id="2">
            <word>TO</word>
            <lemma>to</lemma>
            <CharacterOffsetBegin>141</CharacterOffsetBegin>
            <CharacterOffsetEnd>143</CharacterOffsetEnd>
            <POS>TO</POS>
            <NER>O</NER>
            <Speaker>PER0</Speaker>
          </token>
          <token id="3">
            <word>UNOFFICIAL</word>
            <lemma>unofficial</lemma>
            <CharacterOffsetBegin>144</CharacterOffsetBegin>
            <CharacterOffsetEnd>154</CharacterOffsetEnd>
            <POS>JJ</POS>
            <NER>O</NER>
            <Speaker>PER0</Speaker>
          </token>
          <token id="4">
            <word>REPORTS</word>
            <lemma>report</lemma>
            <CharacterOffsetBegin>155</CharacterOffsetBegin>
            <CharacterOffsetEnd>162</CharacterOffsetEnd>
            <POS>NNS</POS>
            <NER>O</NER>
            <Speaker>PER0</Speaker>
          </token>
          <token id="5">
            <word>,</word>
            <lemma>,</lemma>
            <CharacterOffsetBegin>162</CharacterOffsetBegin>
            <CharacterOffsetEnd>163</CharacterOffsetEnd>
            <POS>,</POS>
            <NER>O</NER>
            <Speaker>PER0</Speaker>
          </token>
          <token id="6">
            <word>THE</word>
            <lemma>the</lemma>
            <CharacterOffsetBegin>164</CharacterOffsetBegin>
            <CharacterOffsetEnd>167</CharacterOffsetEnd>
            <POS>DT</POS>
            <NER>O</NER>
            <Speaker>PER0</Speaker>
          </token>
          <token id="7">
            <word>BOMB</word>
            <lemma>bomb</lemma>
            <CharacterOffsetBegin>168</CharacterOffsetBegin>
            <CharacterOffsetEnd>172</CharacterOffsetEnd>
            <POS>NN</POS>
            <NER>O</NER>
            <Speaker>PER0</Speaker>
          </token>
          <token id="8">
            <word>CONTAINED</word>
            <lemma>contain</lemma>
            <CharacterOffsetBegin>173</CharacterOffsetBegin>
            <CharacterOffsetEnd>182</CharacterOffsetEnd>
            <POS>VBD</POS>
            <NER>O</NER>
            <Speaker>PER0</Speaker>
          </token>
          <token id="9">
            <word>125</word>
            <lemma>125</lemma>
            <CharacterOffsetBegin>183</CharacterOffsetBegin>
            <CharacterOffsetEnd>186</CharacterOffsetEnd>
            <POS>CD</POS>
            <NER>NUMBER</NER>
            <NormalizedNER>125.0</NormalizedNER>
            <Speaker>PER0</Speaker>
          </token>
          <token id="10">
            <word>TO</word>
            <lemma>to</lemma>
            <CharacterOffsetBegin>187</CharacterOffsetBegin>
            <CharacterOffsetEnd>189</CharacterOffsetEnd>
            <POS>TO</POS>
            <NER>O</NER>
            <Speaker>PER0</Speaker>
          </token>
          <token id="11">
            <word>150</word>
            <lemma>150</lemma>
            <CharacterOffsetBegin>190</CharacterOffsetBegin>
            <CharacterOffsetEnd>193</CharacterOffsetEnd>
            <POS>CD</POS>
            <NER>NUMBER</NER>
            <NormalizedNER>150.0</NormalizedNER>
            <Speaker>PER0</Speaker>
          </token>
          <token id="12">
            <word>GRAMS</word>
            <lemma>gram</lemma>
            <CharacterOffsetBegin>194</CharacterOffsetBegin>
            <CharacterOffsetEnd>199</CharacterOffsetEnd>
            <POS>NNS</POS>
            <NER>O</NER>
            <Speaker>PER0</Speaker>
          </token>
          <token id="13">
            <word>OF</word>
            <lemma>of</lemma>
            <CharacterOffsetBegin>200</CharacterOffsetBegin>
            <CharacterOffsetEnd>202</CharacterOffsetEnd>
            <POS>IN</POS>
            <NER>O</NER>
            <Speaker>PER0</Speaker>
          </token>
          <token id="14">
            <word>TNT</word>
            <lemma>TNT</lemma>
            <CharacterOffsetBegin>203</CharacterOffsetBegin>
            <CharacterOffsetEnd>206</CharacterOffsetEnd>
            <POS>NNP</POS>
            <NER>ORGANIZATION</NER>
            <Speaker>PER0</Speaker>
          </token>
          <token id="15">
            <word>AND</word>
            <lemma>and</lemma>
            <CharacterOffsetBegin>207</CharacterOffsetBegin>
            <CharacterOffsetEnd>210</CharacterOffsetEnd>
            <POS>CC</POS>
            <NER>O</NER>
            <Speaker>PER0</Speaker>
          </token>
          <token id="16">
            <word>WAS</word>
            <lemma>be</lemma>
            <CharacterOffsetBegin>211</CharacterOffsetBegin>
            <CharacterOffsetEnd>214</CharacterOffsetEnd>
            <POS>VBD</POS>
            <NER>O</NER>
            <Speaker>PER0</Speaker>
          </token>
          <token id="17">
            <word>PLACED</word>
            <lemma>place</lemma>
            <CharacterOffsetBegin>215</CharacterOffsetBegin>
            <CharacterOffsetEnd>221</CharacterOffsetEnd>
            <POS>VBN</POS>
            <NER>O</NER>
            <Speaker>PER0</Speaker>
          </token>
          <token id="18">
            <word>IN</word>
            <lemma>in</lemma>
            <CharacterOffsetBegin>222</CharacterOffsetBegin>
            <CharacterOffsetEnd>224</CharacterOffsetEnd>
            <POS>IN</POS>
            <NER>O</NER>
            <Speaker>PER0</Speaker>
          </token>
          <token id="19">
            <word>THE</word>
            <lemma>the</lemma>
            <CharacterOffsetBegin>225</CharacterOffsetBegin>
            <CharacterOffsetEnd>228</CharacterOffsetEnd>
            <POS>DT</POS>
            <NER>O</NER>
            <Speaker>PER0</Speaker>
          </token>
          <token id="20">
            <word>BACK</word>
            <lemma>back</lemma>
            <CharacterOffsetBegin>229</CharacterOffsetBegin>
            <CharacterOffsetEnd>233</CharacterOffsetEnd>
            <POS>NN</POS>
            <NER>O</NER>
            <Speaker>PER0</Speaker>
          </token>
          <token id="21">
            <word>OF</word>
            <lemma>of</lemma>
            <CharacterOffsetBegin>234</CharacterOffsetBegin>
            <CharacterOffsetEnd>236</CharacterOffsetEnd>
            <POS>IN</POS>
            <NER>O</NER>
            <Speaker>PER0</Speaker>
          </token>
          <token id="22">
            <word>THE</word>
            <lemma>the</lemma>
            <CharacterOffsetBegin>237</CharacterOffsetBegin>
            <CharacterOffsetEnd>240</CharacterOffsetEnd>
            <POS>DT</POS>
            <NER>O</NER>
            <Speaker>PER0</Speaker>
          </token>
          <token id="23">
            <word>PILMAIQUEN</word>
            <lemma>PILMAIQUEN</lemma>
            <CharacterOffsetBegin>241</CharacterOffsetBegin>
            <CharacterOffsetEnd>251</CharacterOffsetEnd>
            <POS>NNP</POS>
            <NER>O</NER>
            <Speaker>PER0</Speaker>
          </token>
          <token id="24">
            <word>TELEPHONE</word>
            <lemma>telephone</lemma>
            <CharacterOffsetBegin>252</CharacterOffsetBegin>
            <CharacterOffsetEnd>261</CharacterOffsetEnd>
            <POS>NN</POS>
            <NER>O</NER>
            <Speaker>PER0</Speaker>
          </token>
          <token id="25">
            <word>COMPANY</word>
            <lemma>company</lemma>
            <CharacterOffsetBegin>262</CharacterOffsetBegin>
            <CharacterOffsetEnd>269</CharacterOffsetEnd>
            <POS>NN</POS>
            <NER>O</NER>
            <Speaker>PER0</Speaker>
          </token>
          <token id="26">
            <word>BUILDING</word>
            <lemma>building</lemma>
            <CharacterOffsetBegin>270</CharacterOffsetBegin>
            <CharacterOffsetEnd>278</CharacterOffsetEnd>
            <POS>NN</POS>
            <NER>O</NER>
            <Speaker>PER0</Speaker>
          </token>
          <token id="27">
            <word>.</word>
            <lemma>.</lemma>
            <CharacterOffsetBegin>278</CharacterOffsetBegin>
            <CharacterOffsetEnd>279</CharacterOffsetEnd>
            <POS>.</POS>
            <NER>O</NER>
            <Speaker>PER0</Speaker>
          </token>
        </tokens>
        <parse>(ROOT (S (PP (VBG ACCORDING) (PP (TO TO) (NP (JJ UNOFFICIAL) (NNS REPORTS)))) (, ,) (NP (DT THE) (NN BOMB)) (VP (VP (VBD CONTAINED) (NP (NP (QP (CD 125) (TO TO) (CD 150)) (NNS GRAMS)) (PP (IN OF) (NP (NNP TNT))))) (CC AND) (VP (VBD WAS) (VP (VBN PLACED) (PP (IN IN) (NP (NP (DT THE) (NN BACK)) (PP (IN OF) (NP (DT THE) (NNP PILMAIQUEN) (NN TELEPHONE) (NN COMPANY) (NN BUILDING)))))))) (. .))) </parse>
        <dependencies type="basic-dependencies">
          <dep type="root">
            <governor idx="0">ROOT</governor>
            <dependent idx="8">CONTAINED</dependent>
          </dep>
          <dep type="case">
            <governor idx="4">REPORTS</governor>
            <dependent idx="1">ACCORDING</dependent>
          </dep>
          <dep type="case">
            <governor idx="4">REPORTS</governor>
            <dependent idx="2">TO</dependent>
          </dep>
          <dep type="amod">
            <governor idx="4">REPORTS</governor>
            <dependent idx="3">UNOFFICIAL</dependent>
          </dep>
          <dep type="advcl">
            <governor idx="8">CONTAINED</governor>
            <dependent idx="4">REPORTS</dependent>
          </dep>
          <dep type="det">
            <governor idx="7">BOMB</governor>
            <dependent idx="6">THE</dependent>
          </dep>
          <dep type="nsubj">
            <governor idx="8">CONTAINED</governor>
            <dependent idx="7">BOMB</dependent>
          </dep>
          <dep type="compound">
            <governor idx="11">150</governor>
            <dependent idx="9">125</dependent>
          </dep>
          <dep type="dep">
            <governor idx="11">150</governor>
            <dependent idx="10">TO</dependent>
          </dep>
          <dep type="nummod">
            <governor idx="12">GRAMS</governor>
            <dependent idx="11">150</dependent>
          </dep>
          <dep type="dobj">
            <governor idx="8">CONTAINED</governor>
            <dependent idx="12">GRAMS</dependent>
          </dep>
          <dep type="case">
            <governor idx="14">TNT</governor>
            <dependent idx="13">OF</dependent>
          </dep>
          <dep type="nmod">
            <governor idx="12">GRAMS</governor>
            <dependent idx="14">TNT</dependent>
          </dep>
          <dep type="cc">
            <governor idx="8">CONTAINED</governor>
            <dependent idx="15">AND</dependent>
          </dep>
          <dep type="auxpass">
            <governor idx="17">PLACED</governor>
            <dependent idx="16">WAS</dependent>
          </dep>
          <dep type="conj">
            <governor idx="8">CONTAINED</governor>
            <dependent idx="17">PLACED</dependent>
          </dep>
          <dep type="case">
            <governor idx="20">BACK</governor>
            <dependent idx="18">IN</dependent>
          </dep>
          <dep type="det">
            <governor idx="20">BACK</governor>
            <dependent idx="19">THE</dependent>
          </dep>
          <dep type="nmod">
            <governor idx="17">PLACED</governor>
            <dependent idx="20">BACK</dependent>
          </dep>
          <dep type="case">
            <governor idx="26">BUILDING</governor>
            <dependent idx="21">OF</dependent>
          </dep>
          <dep type="det">
            <governor idx="26">BUILDING</governor>
            <dependent idx="22">THE</dependent>
          </dep>
          <dep type="compound">
            <governor idx="26">BUILDING</governor>
            <dependent idx="23">PILMAIQUEN</dependent>
          </dep>
          <dep type="compound">
            <governor idx="26">BUILDING</governor>
            <dependent idx="24">TELEPHONE</dependent>
          </dep>
          <dep type="compound">
            <governor idx="26">BUILDING</governor>
            <dependent idx="25">COMPANY</dependent>
          </dep>
          <dep type="nmod">
            <governor idx="20">BACK</governor>
            <dependent idx="26">BUILDING</dependent>
          </dep>
        </dependencies>
        <dependencies type="collapsed-dependencies">
          <dep type="root">
            <governor idx="0">ROOT</governor>
            <dependent idx="8">CONTAINED</dependent>
          </dep>
          <dep type="case">
            <governor idx="4">REPORTS</governor>
            <dependent idx="1">ACCORDING</dependent>
          </dep>
          <dep type="mwe">
            <governor idx="1">ACCORDING</governor>
            <dependent idx="2">TO</dependent>
          </dep>
          <dep type="amod">
            <governor idx="4">REPORTS</governor>
            <dependent idx="3">UNOFFICIAL</dependent>
          </dep>
          <dep type="advcl:according_to">
            <governor idx="8">CONTAINED</governor>
            <dependent idx="4">REPORTS</dependent>
          </dep>
          <dep type="det">
            <governor idx="7">BOMB</governor>
            <dependent idx="6">THE</dependent>
          </dep>
          <dep type="nsubj">
            <governor idx="8">CONTAINED</governor>
            <dependent idx="7">BOMB</dependent>
          </dep>
          <dep type="compound">
            <governor idx="11">150</governor>
            <dependent idx="9">125</dependent>
          </dep>
          <dep type="dep">
            <governor idx="11">150</governor>
            <dependent idx="10">TO</dependent>
          </dep>
          <dep type="nummod">
            <governor idx="12">GRAMS</governor>
            <dependent idx="11">150</dependent>
          </dep>
          <dep type="dobj">
            <governor idx="8">CONTAINED</governor>
            <dependent idx="12">GRAMS</dependent>
          </dep>
          <dep type="case">
            <governor idx="14">TNT</governor>
            <dependent idx="13">OF</dependent>
          </dep>
          <dep type="nmod:of">
            <governor idx="12">GRAMS</governor>
            <dependent idx="14">TNT</dependent>
          </dep>
          <dep type="cc">
            <governor idx="8">CONTAINED</governor>
            <dependent idx="15">AND</dependent>
          </dep>
          <dep type="auxpass">
            <governor idx="17">PLACED</governor>
            <dependent idx="16">WAS</dependent>
          </dep>
          <dep type="conj:and">
            <governor idx="8">CONTAINED</governor>
            <dependent idx="17">PLACED</dependent>
          </dep>
          <dep type="case">
            <governor idx="20">BACK</governor>
            <dependent idx="18">IN</dependent>
          </dep>
          <dep type="det">
            <governor idx="20">BACK</governor>
            <dependent idx="19">THE</dependent>
          </dep>
          <dep type="nmod:in">
            <governor idx="17">PLACED</governor>
            <dependent idx="20">BACK</dependent>
          </dep>
          <dep type="case">
            <governor idx="26">BUILDING</governor>
            <dependent idx="21">OF</dependent>
          </dep>
          <dep type="det">
            <governor idx="26">BUILDING</governor>
            <dependent idx="22">THE</dependent>
          </dep>
          <dep type="compound">
            <governor idx="26">BUILDING</governor>
            <dependent idx="23">PILMAIQUEN</dependent>
          </dep>
          <dep type="compound">
            <governor idx="26">BUILDING</governor>
            <dependent idx="24">TELEPHONE</dependent>
          </dep>
          <dep type="compound">
            <governor idx="26">BUILDING</governor>
            <dependent idx="25">COMPANY</dependent>
          </dep>
          <dep type="nmod:of">
            <governor idx="20">BACK</governor>
            <dependent idx="26">BUILDING</dependent>
          </dep>
        </dependencies>
        <dependencies type="collapsed-ccprocessed-dependencies">
          <dep type="root">
            <governor idx="0">ROOT</governor>
            <dependent idx="8">CONTAINED</dependent>
          </dep>
          <dep type="case">
            <governor idx="4">REPORTS</governor>
            <dependent idx="1">ACCORDING</dependent>
          </dep>
          <dep type="mwe">
            <governor idx="1">ACCORDING</governor>
            <dependent idx="2">TO</dependent>
          </dep>
          <dep type="amod">
            <governor idx="4">REPORTS</governor>
            <dependent idx="3">UNOFFICIAL</dependent>
          </dep>
          <dep type="advcl:according_to">
            <governor idx="8">CONTAINED</governor>
            <dependent idx="4">REPORTS</dependent>
          </dep>
          <dep type="det">
            <governor idx="7">BOMB</governor>
            <dependent idx="6">THE</dependent>
          </dep>
          <dep type="nsubj">
            <governor idx="8">CONTAINED</governor>
            <dependent idx="7">BOMB</dependent>
          </dep>
          <dep type="nsubjpass" extra="true">
            <governor idx="17">PLACED</governor>
            <dependent idx="7">BOMB</dependent>
          </dep>
          <dep type="compound">
            <governor idx="11">150</governor>
            <dependent idx="9">125</dependent>
          </dep>
          <dep type="dep">
            <governor idx="11">150</governor>
            <dependent idx="10">TO</dependent>
          </dep>
          <dep type="nummod">
            <governor idx="12">GRAMS</governor>
            <dependent idx="11">150</dependent>
          </dep>
          <dep type="dobj">
            <governor idx="8">CONTAINED</governor>
            <dependent idx="12">GRAMS</dependent>
          </dep>
          <dep type="case">
            <governor idx="14">TNT</governor>
            <dependent idx="13">OF</dependent>
          </dep>
          <dep type="nmod:of">
            <governor idx="12">GRAMS</governor>
            <dependent idx="14">TNT</dependent>
          </dep>
          <dep type="cc">
            <governor idx="8">CONTAINED</governor>
            <dependent idx="15">AND</dependent>
          </dep>
          <dep type="auxpass">
            <governor idx="17">PLACED</governor>
            <dependent idx="16">WAS</dependent>
          </dep>
          <dep type="conj:and">
            <governor idx="8">CONTAINED</governor>
            <dependent idx="17">PLACED</dependent>
          </dep>
          <dep type="case">
            <governor idx="20">BACK</governor>
            <dependent idx="18">IN</dependent>
          </dep>
          <dep type="det">
            <governor idx="20">BACK</governor>
            <dependent idx="19">THE</dependent>
          </dep>
          <dep type="nmod:in">
            <governor idx="17">PLACED</governor>
            <dependent idx="20">BACK</dependent>
          </dep>
          <dep type="case">
            <governor idx="26">BUILDING</governor>
            <dependent idx="21">OF</dependent>
          </dep>
          <dep type="det">
            <governor idx="26">BUILDING</governor>
            <dependent idx="22">THE</dependent>
          </dep>
          <dep type="compound">
            <governor idx="26">BUILDING</governor>
            <dependent idx="23">PILMAIQUEN</dependent>
          </dep>
          <dep type="compound">
            <governor idx="26">BUILDING</governor>
            <dependent idx="24">TELEPHONE</dependent>
          </dep>
          <dep type="compound">
            <governor idx="26">BUILDING</governor>
            <dependent idx="25">COMPANY</dependent>
          </dep>
          <dep type="nmod:of">
            <governor idx="20">BACK</governor>
            <dependent idx="26">BUILDING</dependent>
          </dep>
        </dependencies>
      </sentence>
      <sentence id="3">
        <tokens>
          <token id="1">
            <word>THE</word>
            <lemma>the</lemma>
            <CharacterOffsetBegin>284</CharacterOffsetBegin>
            <CharacterOffsetEnd>287</CharacterOffsetEnd>
            <POS>DT</POS>
            <NER>O</NER>
            <Speaker>PER0</Speaker>
          </token>
          <token id="2">
            <word>EXPLOSION</word>
            <lemma>explosion</lemma>
            <CharacterOffsetBegin>288</CharacterOffsetBegin>
            <CharacterOffsetEnd>297</CharacterOffsetEnd>
            <POS>NN</POS>
            <NER>O</NER>
            <Speaker>PER0</Speaker>
          </token>
          <token id="3">
            <word>OCCURRED</word>
            <lemma>occur</lemma>
            <CharacterOffsetBegin>298</CharacterOffsetBegin>
            <CharacterOffsetEnd>306</CharacterOffsetEnd>
            <POS>VBD</POS>
            <NER>O</NER>
            <Speaker>PER0</Speaker>
          </token>
          <token id="4">
            <word>AT</word>
            <lemma>at</lemma>
            <CharacterOffsetBegin>307</CharacterOffsetBegin>
            <CharacterOffsetEnd>309</CharacterOffsetEnd>
            <POS>IN</POS>
            <NER>O</NER>
            <Speaker>PER0</Speaker>
          </token>
          <token id="5">
            <word>2350</word>
            <lemma>2350</lemma>
            <CharacterOffsetBegin>310</CharacterOffsetBegin>
            <CharacterOffsetEnd>314</CharacterOffsetEnd>
            <POS>CD</POS>
            <NER>DATE</NER>
            <NormalizedNER>2350</NormalizedNER>
            <Speaker>PER0</Speaker>
            <Timex tid="t2" type="DATE">2350</Timex>
          </token>
          <token id="6">
            <word>ON</word>
            <lemma>on</lemma>
            <CharacterOffsetBegin>315</CharacterOffsetBegin>
            <CharacterOffsetEnd>317</CharacterOffsetEnd>
            <POS>IN</POS>
            <NER>O</NER>
            <Speaker>PER0</Speaker>
          </token>
          <token id="7">
            <word>16</word>
            <lemma>16</lemma>
            <CharacterOffsetBegin>318</CharacterOffsetBegin>
            <CharacterOffsetEnd>320</CharacterOffsetEnd>
            <POS>CD</POS>
            <NER>DATE</NER>
            <NormalizedNER>XXXX-01-16</NormalizedNER>
            <Speaker>PER0</Speaker>
            <Timex tid="t3" type="DATE">XXXX-01-16</Timex>
          </token>
          <token id="8">
            <word>JANUARY</word>
            <lemma>JANUARY</lemma>
            <CharacterOffsetBegin>321</CharacterOffsetBegin>
            <CharacterOffsetEnd>328</CharacterOffsetEnd>
            <POS>NNP</POS>
            <NER>DATE</NER>
            <NormalizedNER>XXXX-01-16</NormalizedNER>
            <Speaker>PER0</Speaker>
            <Timex tid="t3" type="DATE">XXXX-01-16</Timex>
          </token>
          <token id="9">
            <word>,</word>
            <lemma>,</lemma>
            <CharacterOffsetBegin>328</CharacterOffsetBegin>
            <CharacterOffsetEnd>329</CharacterOffsetEnd>
            <POS>,</POS>
            <NER>O</NER>
            <Speaker>PER0</Speaker>
          </token>
          <token id="10">
            <word>CAUSING</word>
            <lemma>cause</lemma>
            <CharacterOffsetBegin>330</CharacterOffsetBegin>
            <CharacterOffsetEnd>337</CharacterOffsetEnd>
            <POS>VBG</POS>
            <NER>O</NER>
            <Speaker>PER0</Speaker>
          </token>
          <token id="11">
            <word>PANIC</word>
            <lemma>panic</lemma>
            <CharacterOffsetBegin>338</CharacterOffsetBegin>
            <CharacterOffsetEnd>343</CharacterOffsetEnd>
            <POS>NN</POS>
            <NER>O</NER>
            <Speaker>PER0</Speaker>
          </token>
          <token id="12">
            <word>BUT</word>
            <lemma>but</lemma>
            <CharacterOffsetBegin>344</CharacterOffsetBegin>
            <CharacterOffsetEnd>347</CharacterOffsetEnd>
            <POS>CC</POS>
            <NER>O</NER>
            <Speaker>PER0</Speaker>
          </token>
          <token id="13">
            <word>NO</word>
            <lemma>no</lemma>
            <CharacterOffsetBegin>348</CharacterOffsetBegin>
            <CharacterOffsetEnd>350</CharacterOffsetEnd>
            <POS>DT</POS>
            <NER>O</NER>
            <Speaker>PER0</Speaker>
          </token>
          <token id="14">
            <word>CASUALTIES</word>
            <lemma>casualty</lemma>
            <CharacterOffsetBegin>351</CharacterOffsetBegin>
            <CharacterOffsetEnd>361</CharacterOffsetEnd>
            <POS>NNS</POS>
            <NER>O</NER>
            <Speaker>PER0</Speaker>
          </token>
          <token id="15">
            <word>.</word>
            <lemma>.</lemma>
            <CharacterOffsetBegin>361</CharacterOffsetBegin>
            <CharacterOffsetEnd>362</CharacterOffsetEnd>
            <POS>.</POS>
            <NER>O</NER>
            <Speaker>PER0</Speaker>
          </token>
        </tokens>
        <parse>(ROOT (S (NP (DT THE) (NN EXPLOSION)) (VP (VBD OCCURRED) (PP (IN AT) (NP (CD 2350))) (PP (IN ON) (NP (CD 16))) (NP-TMP (NNP JANUARY)) (, ,) (S (VP (VBG CAUSING) (NP (NP (NN PANIC)) (PP (CC BUT) (NP (DT NO) (NNS CASUALTIES))))))) (. .))) </parse>
        <dependencies type="basic-dependencies">
          <dep type="root">
            <governor idx="0">ROOT</governor>
            <dependent idx="3">OCCURRED</dependent>
          </dep>
          <dep type="det">
            <governor idx="2">EXPLOSION</governor>
            <dependent idx="1">THE</dependent>
          </dep>
          <dep type="nsubj">
            <governor idx="3">OCCURRED</governor>
            <dependent idx="2">EXPLOSION</dependent>
          </dep>
          <dep type="case">
            <governor idx="5">2350</governor>
            <dependent idx="4">AT</dependent>
          </dep>
          <dep type="nmod">
            <governor idx="3">OCCURRED</governor>
            <dependent idx="5">2350</dependent>
          </dep>
          <dep type="case">
            <governor idx="7">16</governor>
            <dependent idx="6">ON</dependent>
          </dep>
          <dep type="nmod">
            <governor idx="3">OCCURRED</governor>
            <dependent idx="7">16</dependent>
          </dep>
          <dep type="nmod:tmod">
            <governor idx="3">OCCURRED</governor>
            <dependent idx="8">JANUARY</dependent>
          </dep>
          <dep type="advcl">
            <governor idx="3">OCCURRED</governor>
            <dependent idx="10">CAUSING</dependent>
          </dep>
          <dep type="dobj">
            <governor idx="10">CAUSING</governor>
            <dependent idx="11">PANIC</dependent>
          </dep>
          <dep type="case">
            <governor idx="14">CASUALTIES</governor>
            <dependent idx="12">BUT</dependent>
          </dep>
          <dep type="neg">
            <governor idx="14">CASUALTIES</governor>
            <dependent idx="13">NO</dependent>
          </dep>
          <dep type="nmod">
            <governor idx="11">PANIC</governor>
            <dependent idx="14">CASUALTIES</dependent>
          </dep>
        </dependencies>
        <dependencies type="collapsed-dependencies">
          <dep type="root">
            <governor idx="0">ROOT</governor>
            <dependent idx="3">OCCURRED</dependent>
          </dep>
          <dep type="det">
            <governor idx="2">EXPLOSION</governor>
            <dependent idx="1">THE</dependent>
          </dep>
          <dep type="nsubj">
            <governor idx="3">OCCURRED</governor>
            <dependent idx="2">EXPLOSION</dependent>
          </dep>
          <dep type="case">
            <governor idx="5">2350</governor>
            <dependent idx="4">AT</dependent>
          </dep>
          <dep type="nmod:at">
            <governor idx="3">OCCURRED</governor>
            <dependent idx="5">2350</dependent>
          </dep>
          <dep type="case">
            <governor idx="7">16</governor>
            <dependent idx="6">ON</dependent>
          </dep>
          <dep type="nmod:on">
            <governor idx="3">OCCURRED</governor>
            <dependent idx="7">16</dependent>
          </dep>
          <dep type="nmod:tmod">
            <governor idx="3">OCCURRED</governor>
            <dependent idx="8">JANUARY</dependent>
          </dep>
          <dep type="advcl">
            <governor idx="3">OCCURRED</governor>
            <dependent idx="10">CAUSING</dependent>
          </dep>
          <dep type="dobj">
            <governor idx="10">CAUSING</governor>
            <dependent idx="11">PANIC</dependent>
          </dep>
          <dep type="case">
            <governor idx="14">CASUALTIES</governor>
            <dependent idx="12">BUT</dependent>
          </dep>
          <dep type="neg">
            <governor idx="14">CASUALTIES</governor>
            <dependent idx="13">NO</dependent>
          </dep>
          <dep type="nmod:but">
            <governor idx="11">PANIC</governor>
            <dependent idx="14">CASUALTIES</dependent>
          </dep>
        </dependencies>
        <dependencies type="collapsed-ccprocessed-dependencies">
          <dep type="root">
            <governor idx="0">ROOT</governor>
            <dependent idx="3">OCCURRED</dependent>
          </dep>
          <dep type="det">
            <governor idx="2">EXPLOSION</governor>
            <dependent idx="1">THE</dependent>
          </dep>
          <dep type="nsubj">
            <governor idx="3">OCCURRED</governor>
            <dependent idx="2">EXPLOSION</dependent>
          </dep>
          <dep type="case">
            <governor idx="5">2350</governor>
            <dependent idx="4">AT</dependent>
          </dep>
          <dep type="nmod:at">
            <governor idx="3">OCCURRED</governor>
            <dependent idx="5">2350</dependent>
          </dep>
          <dep type="case">
            <governor idx="7">16</governor>
            <dependent idx="6">ON</dependent>
          </dep>
          <dep type="nmod:on">
            <governor idx="3">OCCURRED</governor>
            <dependent idx="7">16</dependent>
          </dep>
          <dep type="nmod:tmod">
            <governor idx="3">OCCURRED</governor>
            <dependent idx="8">JANUARY</dependent>
          </dep>
          <dep type="advcl">
            <governor idx="3">OCCURRED</governor>
            <dependent idx="10">CAUSING</dependent>
          </dep>
          <dep type="dobj">
            <governor idx="10">CAUSING</governor>
            <dependent idx="11">PANIC</dependent>
          </dep>
          <dep type="case">
            <governor idx="14">CASUALTIES</governor>
            <dependent idx="12">BUT</dependent>
          </dep>
          <dep type="neg">
            <governor idx="14">CASUALTIES</governor>
            <dependent idx="13">NO</dependent>
          </dep>
          <dep type="nmod:but">
            <governor idx="11">PANIC</governor>
            <dependent idx="14">CASUALTIES</dependent>
          </dep>
        </dependencies>
      </sentence>
      <sentence id="4">
        <tokens>
          <token id="1">
            <word>THE</word>
            <lemma>the</lemma>
            <CharacterOffsetBegin>367</CharacterOffsetBegin>
            <CharacterOffsetEnd>370</CharacterOffsetEnd>
            <POS>DT</POS>
            <NER>O</NER>
            <Speaker>PER0</Speaker>
          </token>
          <token id="2">
            <word>EXPLOSION</word>
            <lemma>explosion</lemma>
            <CharacterOffsetBegin>371</CharacterOffsetBegin>
            <CharacterOffsetEnd>380</CharacterOffsetEnd>
            <POS>NN</POS>
            <NER>O</NER>
            <Speaker>PER0</Speaker>
          </token>
          <token id="3">
            <word>BROKE</word>
            <lemma>break</lemma>
            <CharacterOffsetBegin>381</CharacterOffsetBegin>
            <CharacterOffsetEnd>386</CharacterOffsetEnd>
            <POS>VBD</POS>
            <NER>O</NER>
            <Speaker>PER0</Speaker>
          </token>
          <token id="4">
            <word>WINDOWS</word>
            <lemma>window</lemma>
            <CharacterOffsetBegin>387</CharacterOffsetBegin>
            <CharacterOffsetEnd>394</CharacterOffsetEnd>
            <POS>NNS</POS>
            <NER>O</NER>
            <Speaker>PER0</Speaker>
          </token>
          <token id="5">
            <word>OF</word>
            <lemma>of</lemma>
            <CharacterOffsetBegin>395</CharacterOffsetBegin>
            <CharacterOffsetEnd>397</CharacterOffsetEnd>
            <POS>IN</POS>
            <NER>O</NER>
            <Speaker>PER0</Speaker>
          </token>
          <token id="6">
            <word>THE</word>
            <lemma>the</lemma>
            <CharacterOffsetBegin>398</CharacterOffsetBegin>
            <CharacterOffsetEnd>401</CharacterOffsetEnd>
            <POS>DT</POS>
            <NER>O</NER>
            <Speaker>PER0</Speaker>
          </token>
          <token id="7">
            <word>TELEPHONE</word>
            <lemma>telephone</lemma>
            <CharacterOffsetBegin>402</CharacterOffsetBegin>
            <CharacterOffsetEnd>411</CharacterOffsetEnd>
            <POS>NN</POS>
            <NER>O</NER>
            <Speaker>PER0</Speaker>
          </token>
          <token id="8">
            <word>COMPANY</word>
            <lemma>company</lemma>
            <CharacterOffsetBegin>412</CharacterOffsetBegin>
            <CharacterOffsetEnd>419</CharacterOffsetEnd>
            <POS>NN</POS>
            <NER>O</NER>
            <Speaker>PER0</Speaker>
          </token>
          <token id="9">
            <word>OFFICES</word>
            <lemma>office</lemma>
            <CharacterOffsetBegin>420</CharacterOffsetBegin>
            <CharacterOffsetEnd>427</CharacterOffsetEnd>
            <POS>NNS</POS>
            <NER>O</NER>
            <Speaker>PER0</Speaker>
          </token>
          <token id="10">
            <word>.</word>
            <lemma>.</lemma>
            <CharacterOffsetBegin>427</CharacterOffsetBegin>
            <CharacterOffsetEnd>428</CharacterOffsetEnd>
            <POS>.</POS>
            <NER>O</NER>
            <Speaker>PER0</Speaker>
          </token>
        </tokens>
        <parse>(ROOT (S (NP (DT THE) (NN EXPLOSION)) (VP (VBD BROKE) (NP (NP (NNS WINDOWS)) (PP (IN OF) (NP (DT THE) (NN TELEPHONE) (NN COMPANY) (NNS OFFICES))))) (. .))) </parse>
        <dependencies type="basic-dependencies">
          <dep type="root">
            <governor idx="0">ROOT</governor>
            <dependent idx="3">BROKE</dependent>
          </dep>
          <dep type="det">
            <governor idx="2">EXPLOSION</governor>
            <dependent idx="1">THE</dependent>
          </dep>
          <dep type="nsubj">
            <governor idx="3">BROKE</governor>
            <dependent idx="2">EXPLOSION</dependent>
          </dep>
          <dep type="dobj">
            <governor idx="3">BROKE</governor>
            <dependent idx="4">WINDOWS</dependent>
          </dep>
          <dep type="case">
            <governor idx="9">OFFICES</governor>
            <dependent idx="5">OF</dependent>
          </dep>
          <dep type="det">
            <governor idx="9">OFFICES</governor>
            <dependent idx="6">THE</dependent>
          </dep>
          <dep type="compound">
            <governor idx="9">OFFICES</governor>
            <dependent idx="7">TELEPHONE</dependent>
          </dep>
          <dep type="compound">
            <governor idx="9">OFFICES</governor>
            <dependent idx="8">COMPANY</dependent>
          </dep>
          <dep type="nmod">
            <governor idx="4">WINDOWS</governor>
            <dependent idx="9">OFFICES</dependent>
          </dep>
        </dependencies>
        <dependencies type="collapsed-dependencies">
          <dep type="root">
            <governor idx="0">ROOT</governor>
            <dependent idx="3">BROKE</dependent>
          </dep>
          <dep type="det">
            <governor idx="2">EXPLOSION</governor>
            <dependent idx="1">THE</dependent>
          </dep>
          <dep type="nsubj">
            <governor idx="3">BROKE</governor>
            <dependent idx="2">EXPLOSION</dependent>
          </dep>
          <dep type="dobj">
            <governor idx="3">BROKE</governor>
            <dependent idx="4">WINDOWS</dependent>
          </dep>
          <dep type="case">
            <governor idx="9">OFFICES</governor>
            <dependent idx="5">OF</dependent>
          </dep>
          <dep type="det">
            <governor idx="9">OFFICES</governor>
            <dependent idx="6">THE</dependent>
          </dep>
          <dep type="compound">
            <governor idx="9">OFFICES</governor>
            <dependent idx="7">TELEPHONE</dependent>
          </dep>
          <dep type="compound">
            <governor idx="9">OFFICES</governor>
            <dependent idx="8">COMPANY</dependent>
          </dep>
          <dep type="nmod:of">
            <governor idx="4">WINDOWS</governor>
            <dependent idx="9">OFFICES</dependent>
          </dep>
        </dependencies>
        <dependencies type="collapsed-ccprocessed-dependencies">
          <dep type="root">
            <governor idx="0">ROOT</governor>
            <dependent idx="3">BROKE</dependent>
          </dep>
          <dep type="det">
            <governor idx="2">EXPLOSION</governor>
            <dependent idx="1">THE</dependent>
          </dep>
          <dep type="nsubj">
            <governor idx="3">BROKE</governor>
            <dependent idx="2">EXPLOSION</dependent>
          </dep>
          <dep type="dobj">
            <governor idx="3">BROKE</governor>
            <dependent idx="4">WINDOWS</dependent>
          </dep>
          <dep type="case">
            <governor idx="9">OFFICES</governor>
            <dependent idx="5">OF</dependent>
          </dep>
          <dep type="det">
            <governor idx="9">OFFICES</governor>
            <dependent idx="6">THE</dependent>
          </dep>
          <dep type="compound">
            <governor idx="9">OFFICES</governor>
            <dependent idx="7">TELEPHONE</dependent>
          </dep>
          <dep type="compound">
            <governor idx="9">OFFICES</governor>
            <dependent idx="8">COMPANY</dependent>
          </dep>
          <dep type="nmod:of">
            <governor idx="4">WINDOWS</governor>
            <dependent idx="9">OFFICES</dependent>
          </dep>
        </dependencies>
      </sentence>
      <sentence id="5">
        <tokens>
          <token id="1">
            <word>IT</word>
            <lemma>it</lemma>
            <CharacterOffsetBegin>430</CharacterOffsetBegin>
            <CharacterOffsetEnd>432</CharacterOffsetEnd>
            <POS>PRP</POS>
            <NER>O</NER>
            <Speaker>PER0</Speaker>
          </token>
          <token id="2">
            <word>ALSO</word>
            <lemma>also</lemma>
            <CharacterOffsetBegin>433</CharacterOffsetBegin>
            <CharacterOffsetEnd>437</CharacterOffsetEnd>
            <POS>RB</POS>
            <NER>O</NER>
            <Speaker>PER0</Speaker>
          </token>
          <token id="3">
            <word>DESTROYED</word>
            <lemma>destroy</lemma>
            <CharacterOffsetBegin>438</CharacterOffsetBegin>
            <CharacterOffsetEnd>447</CharacterOffsetEnd>
            <POS>VBD</POS>
            <NER>O</NER>
            <Speaker>PER0</Speaker>
          </token>
          <token id="4">
            <word>A</word>
            <lemma>a</lemma>
            <CharacterOffsetBegin>448</CharacterOffsetBegin>
            <CharacterOffsetEnd>449</CharacterOffsetEnd>
            <POS>DT</POS>
            <NER>O</NER>
            <Speaker>PER0</Speaker>
          </token>
          <token id="5">
            <word>PUBLIC</word>
            <lemma>public</lemma>
            <CharacterOffsetBegin>450</CharacterOffsetBegin>
            <CharacterOffsetEnd>456</CharacterOffsetEnd>
            <POS>JJ</POS>
            <NER>O</NER>
            <Speaker>PER0</Speaker>
          </token>
          <token id="6">
            <word>TELEPHONE</word>
            <lemma>telephone</lemma>
            <CharacterOffsetBegin>457</CharacterOffsetBegin>
            <CharacterOffsetEnd>466</CharacterOffsetEnd>
            <POS>NN</POS>
            <NER>O</NER>
            <Speaker>PER0</Speaker>
          </token>
          <token id="7">
            <word>BOOTH</word>
            <lemma>booth</lemma>
            <CharacterOffsetBegin>467</CharacterOffsetBegin>
            <CharacterOffsetEnd>472</CharacterOffsetEnd>
            <POS>NN</POS>
            <NER>O</NER>
            <Speaker>PER0</Speaker>
          </token>
          <token id="8">
            <word>AND</word>
            <lemma>and</lemma>
            <CharacterOffsetBegin>473</CharacterOffsetBegin>
            <CharacterOffsetEnd>476</CharacterOffsetEnd>
            <POS>CC</POS>
            <NER>O</NER>
            <Speaker>PER0</Speaker>
          </token>
          <token id="9">
            <word>WATER</word>
            <lemma>water</lemma>
            <CharacterOffsetBegin>477</CharacterOffsetBegin>
            <CharacterOffsetEnd>482</CharacterOffsetEnd>
            <POS>NN</POS>
            <NER>O</NER>
            <Speaker>PER0</Speaker>
          </token>
          <token id="10">
            <word>PIPES</word>
            <lemma>pipe</lemma>
            <CharacterOffsetBegin>483</CharacterOffsetBegin>
            <CharacterOffsetEnd>488</CharacterOffsetEnd>
            <POS>NNS</POS>
            <NER>O</NER>
            <Speaker>PER0</Speaker>
          </token>
          <token id="11">
            <word>.</word>
            <lemma>.</lemma>
            <CharacterOffsetBegin>488</CharacterOffsetBegin>
            <CharacterOffsetEnd>489</CharacterOffsetEnd>
            <POS>.</POS>
            <NER>O</NER>
            <Speaker>PER0</Speaker>
          </token>
        </tokens>
        <parse>(ROOT (S (NP (PRP IT)) (ADVP (RB ALSO)) (VP (VBD DESTROYED) (NP (NP (DT A) (JJ PUBLIC) (NN TELEPHONE) (NN BOOTH)) (CC AND) (NP (NN WATER) (NNS PIPES)))) (. .))) </parse>
        <dependencies type="basic-dependencies">
          <dep type="root">
            <governor idx="0">ROOT</governor>
            <dependent idx="3">DESTROYED</dependent>
          </dep>
          <dep type="nsubj">
            <governor idx="3">DESTROYED</governor>
            <dependent idx="1">IT</dependent>
          </dep>
          <dep type="advmod">
            <governor idx="3">DESTROYED</governor>
            <dependent idx="2">ALSO</dependent>
          </dep>
          <dep type="det">
            <governor idx="7">BOOTH</governor>
            <dependent idx="4">A</dependent>
          </dep>
          <dep type="amod">
            <governor idx="7">BOOTH</governor>
            <dependent idx="5">PUBLIC</dependent>
          </dep>
          <dep type="compound">
            <governor idx="7">BOOTH</governor>
            <dependent idx="6">TELEPHONE</dependent>
          </dep>
          <dep type="dobj">
            <governor idx="3">DESTROYED</governor>
            <dependent idx="7">BOOTH</dependent>
          </dep>
          <dep type="cc">
            <governor idx="7">BOOTH</governor>
            <dependent idx="8">AND</dependent>
          </dep>
          <dep type="compound">
            <governor idx="10">PIPES</governor>
            <dependent idx="9">WATER</dependent>
          </dep>
          <dep type="conj">
            <governor idx="7">BOOTH</governor>
            <dependent idx="10">PIPES</dependent>
          </dep>
        </dependencies>
        <dependencies type="collapsed-dependencies">
          <dep type="root">
            <governor idx="0">ROOT</governor>
            <dependent idx="3">DESTROYED</dependent>
          </dep>
          <dep type="nsubj">
            <governor idx="3">DESTROYED</governor>
            <dependent idx="1">IT</dependent>
          </dep>
          <dep type="advmod">
            <governor idx="3">DESTROYED</governor>
            <dependent idx="2">ALSO</dependent>
          </dep>
          <dep type="det">
            <governor idx="7">BOOTH</governor>
            <dependent idx="4">A</dependent>
          </dep>
          <dep type="amod">
            <governor idx="7">BOOTH</governor>
            <dependent idx="5">PUBLIC</dependent>
          </dep>
          <dep type="compound">
            <governor idx="7">BOOTH</governor>
            <dependent idx="6">TELEPHONE</dependent>
          </dep>
          <dep type="dobj">
            <governor idx="3">DESTROYED</governor>
            <dependent idx="7">BOOTH</dependent>
          </dep>
          <dep type="cc">
            <governor idx="7">BOOTH</governor>
            <dependent idx="8">AND</dependent>
          </dep>
          <dep type="compound">
            <governor idx="10">PIPES</governor>
            <dependent idx="9">WATER</dependent>
          </dep>
          <dep type="conj:and">
            <governor idx="7">BOOTH</governor>
            <dependent idx="10">PIPES</dependent>
          </dep>
        </dependencies>
        <dependencies type="collapsed-ccprocessed-dependencies">
          <dep type="root">
            <governor idx="0">ROOT</governor>
            <dependent idx="3">DESTROYED</dependent>
          </dep>
          <dep type="nsubj">
            <governor idx="3">DESTROYED</governor>
            <dependent idx="1">IT</dependent>
          </dep>
          <dep type="advmod">
            <governor idx="3">DESTROYED</governor>
            <dependent idx="2">ALSO</dependent>
          </dep>
          <dep type="det">
            <governor idx="7">BOOTH</governor>
            <dependent idx="4">A</dependent>
          </dep>
          <dep type="amod">
            <governor idx="7">BOOTH</governor>
            <dependent idx="5">PUBLIC</dependent>
          </dep>
          <dep type="compound">
            <governor idx="7">BOOTH</governor>
            <dependent idx="6">TELEPHONE</dependent>
          </dep>
          <dep type="dobj">
            <governor idx="3">DESTROYED</governor>
            <dependent idx="7">BOOTH</dependent>
          </dep>
          <dep type="cc">
            <governor idx="7">BOOTH</governor>
            <dependent idx="8">AND</dependent>
          </dep>
          <dep type="compound">
            <governor idx="10">PIPES</governor>
            <dependent idx="9">WATER</dependent>
          </dep>
          <dep type="dobj" extra="true">
            <governor idx="3">DESTROYED</governor>
            <dependent idx="10">PIPES</dependent>
          </dep>
          <dep type="conj:and">
            <governor idx="7">BOOTH</governor>
            <dependent idx="10">PIPES</dependent>
          </dep>
        </dependencies>
      </sentence>
      <sentence id="6">
        <tokens>
          <token id="1">
            <word>WITNESSES</word>
            <lemma>witness</lemma>
            <CharacterOffsetBegin>494</CharacterOffsetBegin>
            <CharacterOffsetEnd>503</CharacterOffsetEnd>
            <POS>NNS</POS>
            <NER>O</NER>
            <Speaker>PER0</Speaker>
          </token>
          <token id="2">
            <word>REPORTED</word>
            <lemma>report</lemma>
            <CharacterOffsetBegin>504</CharacterOffsetBegin>
            <CharacterOffsetEnd>512</CharacterOffsetEnd>
            <POS>VBD</POS>
            <NER>O</NER>
            <Speaker>PER0</Speaker>
          </token>
          <token id="3">
            <word>THAT</word>
            <lemma>that</lemma>
            <CharacterOffsetBegin>513</CharacterOffsetBegin>
            <CharacterOffsetEnd>517</CharacterOffsetEnd>
            <POS>IN</POS>
            <NER>O</NER>
            <Speaker>PER0</Speaker>
          </token>
          <token id="4">
            <word>THE</word>
            <lemma>the</lemma>
            <CharacterOffsetBegin>518</CharacterOffsetBegin>
            <CharacterOffsetEnd>521</CharacterOffsetEnd>
            <POS>DT</POS>
            <NER>O</NER>
            <Speaker>PER0</Speaker>
          </token>
          <token id="5">
            <word>BOMB</word>
            <lemma>bomb</lemma>
            <CharacterOffsetBegin>522</CharacterOffsetBegin>
            <CharacterOffsetEnd>526</CharacterOffsetEnd>
            <POS>NN</POS>
            <NER>O</NER>
            <Speaker>PER0</Speaker>
          </token>
          <token id="6">
            <word>WAS</word>
            <lemma>be</lemma>
            <CharacterOffsetBegin>527</CharacterOffsetBegin>
            <CharacterOffsetEnd>530</CharacterOffsetEnd>
            <POS>VBD</POS>
            <NER>O</NER>
            <Speaker>PER0</Speaker>
          </token>
          <token id="7">
            <word>PLANTED</word>
            <lemma>plant</lemma>
            <CharacterOffsetBegin>531</CharacterOffsetBegin>
            <CharacterOffsetEnd>538</CharacterOffsetEnd>
            <POS>VBN</POS>
            <NER>O</NER>
            <Speaker>PER0</Speaker>
          </token>
          <token id="8">
            <word>BY</word>
            <lemma>by</lemma>
            <CharacterOffsetBegin>539</CharacterOffsetBegin>
            <CharacterOffsetEnd>541</CharacterOffsetEnd>
            <POS>IN</POS>
            <NER>O</NER>
            <Speaker>PER0</Speaker>
          </token>
          <token id="9">
            <word>TWO</word>
            <lemma>two</lemma>
            <CharacterOffsetBegin>542</CharacterOffsetBegin>
            <CharacterOffsetEnd>545</CharacterOffsetEnd>
            <POS>CD</POS>
            <NER>NUMBER</NER>
            <NormalizedNER>2.0</NormalizedNER>
            <Speaker>PER0</Speaker>
          </token>
          <token id="10">
            <word>INDIVIDUALS</word>
            <lemma>individual</lemma>
            <CharacterOffsetBegin>546</CharacterOffsetBegin>
            <CharacterOffsetEnd>557</CharacterOffsetEnd>
            <POS>NNS</POS>
            <NER>O</NER>
            <Speaker>PER0</Speaker>
          </token>
          <token id="11">
            <word>WEARING</word>
            <lemma>wear</lemma>
            <CharacterOffsetBegin>558</CharacterOffsetBegin>
            <CharacterOffsetEnd>565</CharacterOffsetEnd>
            <POS>VBG</POS>
            <NER>O</NER>
            <Speaker>PER0</Speaker>
          </token>
          <token id="12">
            <word>SPORTS</word>
            <lemma>sport</lemma>
            <CharacterOffsetBegin>566</CharacterOffsetBegin>
            <CharacterOffsetEnd>572</CharacterOffsetEnd>
            <POS>NNS</POS>
            <NER>O</NER>
            <Speaker>PER0</Speaker>
          </token>
          <token id="13">
            <word>CLOTHES</word>
            <lemma>clothes</lemma>
            <CharacterOffsetBegin>573</CharacterOffsetBegin>
            <CharacterOffsetEnd>580</CharacterOffsetEnd>
            <POS>NNS</POS>
            <NER>O</NER>
            <Speaker>PER0</Speaker>
          </token>
          <token id="14">
            <word>,</word>
            <lemma>,</lemma>
            <CharacterOffsetBegin>580</CharacterOffsetBegin>
            <CharacterOffsetEnd>581</CharacterOffsetEnd>
            <POS>,</POS>
            <NER>O</NER>
            <Speaker>PER0</Speaker>
          </token>
          <token id="15">
            <word>WHO</word>
            <lemma>who</lemma>
            <CharacterOffsetBegin>582</CharacterOffsetBegin>
            <CharacterOffsetEnd>585</CharacterOffsetEnd>
            <POS>WP</POS>
            <NER>O</NER>
            <Speaker>PER0</Speaker>
          </token>
          <token id="16">
            <word>ESCAPED</word>
            <lemma>escape</lemma>
            <CharacterOffsetBegin>586</CharacterOffsetBegin>
            <CharacterOffsetEnd>593</CharacterOffsetEnd>
            <POS>VBD</POS>
            <NER>O</NER>
            <Speaker>PER0</Speaker>
          </token>
          <token id="17">
            <word>INTO</word>
            <lemma>into</lemma>
            <CharacterOffsetBegin>594</CharacterOffsetBegin>
            <CharacterOffsetEnd>598</CharacterOffsetEnd>
            <POS>IN</POS>
            <NER>O</NER>
            <Speaker>PER0</Speaker>
          </token>
          <token id="18">
            <word>THE</word>
            <lemma>the</lemma>
            <CharacterOffsetBegin>599</CharacterOffsetBegin>
            <CharacterOffsetEnd>602</CharacterOffsetEnd>
            <POS>DT</POS>
            <NER>O</NER>
            <Speaker>PER0</Speaker>
          </token>
          <token id="19">
            <word>NIGHT</word>
            <lemma>night</lemma>
            <CharacterOffsetBegin>603</CharacterOffsetBegin>
            <CharacterOffsetEnd>608</CharacterOffsetEnd>
            <POS>NN</POS>
            <NER>TIME</NER>
            <NormalizedNER>TNI</NormalizedNER>
            <Speaker>PER0</Speaker>
            <Timex tid="t4" type="TIME">TNI</Timex>
          </token>
          <token id="20">
            <word>.</word>
            <lemma>.</lemma>
            <CharacterOffsetBegin>608</CharacterOffsetBegin>
            <CharacterOffsetEnd>609</CharacterOffsetEnd>
            <POS>.</POS>
            <NER>O</NER>
            <Speaker>PER0</Speaker>
          </token>
        </tokens>
        <parse>(ROOT (S (NP (NNS WITNESSES)) (VP (VBD REPORTED) (SBAR (IN THAT) (S (NP (DT THE) (NN BOMB)) (VP (VBD WAS) (VP (VBN PLANTED) (PP (IN BY) (NP (NP (CD TWO) (NNS INDIVIDUALS)) (VP (VBG WEARING) (NP (NP (NNS SPORTS) (NNS CLOTHES)) (, ,) (SBAR (WHNP (WP WHO)) (S (VP (VBD ESCAPED) (PP (IN INTO) (NP (DT THE) (NN NIGHT))))))))))))))) (. .))) </parse>
        <dependencies type="basic-dependencies">
          <dep type="root">
            <governor idx="0">ROOT</governor>
            <dependent idx="2">REPORTED</dependent>
          </dep>
          <dep type="nsubj">
            <governor idx="2">REPORTED</governor>
            <dependent idx="1">WITNESSES</dependent>
          </dep>
          <dep type="mark">
            <governor idx="7">PLANTED</governor>
            <dependent idx="3">THAT</dependent>
          </dep>
          <dep type="det">
            <governor idx="5">BOMB</governor>
            <dependent idx="4">THE</dependent>
          </dep>
          <dep type="nsubjpass">
            <governor idx="7">PLANTED</governor>
            <dependent idx="5">BOMB</dependent>
          </dep>
          <dep type="auxpass">
            <governor idx="7">PLANTED</governor>
            <dependent idx="6">WAS</dependent>
          </dep>
          <dep type="ccomp">
            <governor idx="2">REPORTED</governor>
            <dependent idx="7">PLANTED</dependent>
          </dep>
          <dep type="case">
            <governor idx="10">INDIVIDUALS</governor>
            <dependent idx="8">BY</dependent>
          </dep>
          <dep type="nummod">
            <governor idx="10">INDIVIDUALS</governor>
            <dependent idx="9">TWO</dependent>
          </dep>
          <dep type="nmod">
            <governor idx="7">PLANTED</governor>
            <dependent idx="10">INDIVIDUALS</dependent>
          </dep>
          <dep type="acl">
            <governor idx="10">INDIVIDUALS</governor>
            <dependent idx="11">WEARING</dependent>
          </dep>
          <dep type="compound">
            <governor idx="13">CLOTHES</governor>
            <dependent idx="12">SPORTS</dependent>
          </dep>
          <dep type="dobj">
            <governor idx="11">WEARING</governor>
            <dependent idx="13">CLOTHES</dependent>
          </dep>
          <dep type="nsubj">
            <governor idx="16">ESCAPED</governor>
            <dependent idx="15">WHO</dependent>
          </dep>
          <dep type="acl:relcl">
            <governor idx="13">CLOTHES</governor>
            <dependent idx="16">ESCAPED</dependent>
          </dep>
          <dep type="case">
            <governor idx="19">NIGHT</governor>
            <dependent idx="17">INTO</dependent>
          </dep>
          <dep type="det">
            <governor idx="19">NIGHT</governor>
            <dependent idx="18">THE</dependent>
          </dep>
          <dep type="nmod">
            <governor idx="16">ESCAPED</governor>
            <dependent idx="19">NIGHT</dependent>
          </dep>
        </dependencies>
        <dependencies type="collapsed-dependencies">
          <dep type="root">
            <governor idx="0">ROOT</governor>
            <dependent idx="2">REPORTED</dependent>
          </dep>
          <dep type="nsubj">
            <governor idx="2">REPORTED</governor>
            <dependent idx="1">WITNESSES</dependent>
          </dep>
          <dep type="mark">
            <governor idx="7">PLANTED</governor>
            <dependent idx="3">THAT</dependent>
          </dep>
          <dep type="det">
            <governor idx="5">BOMB</governor>
            <dependent idx="4">THE</dependent>
          </dep>
          <dep type="nsubjpass">
            <governor idx="7">PLANTED</governor>
            <dependent idx="5">BOMB</dependent>
          </dep>
          <dep type="auxpass">
            <governor idx="7">PLANTED</governor>
            <dependent idx="6">WAS</dependent>
          </dep>
          <dep type="ccomp">
            <governor idx="2">REPORTED</governor>
            <dependent idx="7">PLANTED</dependent>
          </dep>
          <dep type="case">
            <governor idx="10">INDIVIDUALS</governor>
            <dependent idx="8">BY</dependent>
          </dep>
          <dep type="nummod">
            <governor idx="10">INDIVIDUALS</governor>
            <dependent idx="9">TWO</dependent>
          </dep>
          <dep type="nmod:agent">
            <governor idx="7">PLANTED</governor>
            <dependent idx="10">INDIVIDUALS</dependent>
          </dep>
          <dep type="acl">
            <governor idx="10">INDIVIDUALS</governor>
            <dependent idx="11">WEARING</dependent>
          </dep>
          <dep type="compound">
            <governor idx="13">CLOTHES</governor>
            <dependent idx="12">SPORTS</dependent>
          </dep>
          <dep type="dobj">
            <governor idx="11">WEARING</governor>
            <dependent idx="13">CLOTHES</dependent>
          </dep>
          <dep type="nsubj">
            <governor idx="16">ESCAPED</governor>
            <dependent idx="15">WHO</dependent>
          </dep>
          <dep type="acl:relcl">
            <governor idx="13">CLOTHES</governor>
            <dependent idx="16">ESCAPED</dependent>
          </dep>
          <dep type="case">
            <governor idx="19">NIGHT</governor>
            <dependent idx="17">INTO</dependent>
          </dep>
          <dep type="det">
            <governor idx="19">NIGHT</governor>
            <dependent idx="18">THE</dependent>
          </dep>
          <dep type="nmod:into">
            <governor idx="16">ESCAPED</governor>
            <dependent idx="19">NIGHT</dependent>
          </dep>
        </dependencies>
        <dependencies type="collapsed-ccprocessed-dependencies">
          <dep type="root">
            <governor idx="0">ROOT</governor>
            <dependent idx="2">REPORTED</dependent>
          </dep>
          <dep type="nsubj">
            <governor idx="2">REPORTED</governor>
            <dependent idx="1">WITNESSES</dependent>
          </dep>
          <dep type="mark">
            <governor idx="7">PLANTED</governor>
            <dependent idx="3">THAT</dependent>
          </dep>
          <dep type="det">
            <governor idx="5">BOMB</governor>
            <dependent idx="4">THE</dependent>
          </dep>
          <dep type="nsubjpass">
            <governor idx="7">PLANTED</governor>
            <dependent idx="5">BOMB</dependent>
          </dep>
          <dep type="auxpass">
            <governor idx="7">PLANTED</governor>
            <dependent idx="6">WAS</dependent>
          </dep>
          <dep type="ccomp">
            <governor idx="2">REPORTED</governor>
            <dependent idx="7">PLANTED</dependent>
          </dep>
          <dep type="case">
            <governor idx="10">INDIVIDUALS</governor>
            <dependent idx="8">BY</dependent>
          </dep>
          <dep type="nummod">
            <governor idx="10">INDIVIDUALS</governor>
            <dependent idx="9">TWO</dependent>
          </dep>
          <dep type="nmod:agent">
            <governor idx="7">PLANTED</governor>
            <dependent idx="10">INDIVIDUALS</dependent>
          </dep>
          <dep type="acl">
            <governor idx="10">INDIVIDUALS</governor>
            <dependent idx="11">WEARING</dependent>
          </dep>
          <dep type="compound">
            <governor idx="13">CLOTHES</governor>
            <dependent idx="12">SPORTS</dependent>
          </dep>
          <dep type="dobj">
            <governor idx="11">WEARING</governor>
            <dependent idx="13">CLOTHES</dependent>
          </dep>
          <dep type="nsubj">
            <governor idx="16">ESCAPED</governor>
            <dependent idx="15">WHO</dependent>
          </dep>
          <dep type="acl:relcl">
            <governor idx="13">CLOTHES</governor>
            <dependent idx="16">ESCAPED</dependent>
          </dep>
          <dep type="case">
            <governor idx="19">NIGHT</governor>
            <dependent idx="17">INTO</dependent>
          </dep>
          <dep type="det">
            <governor idx="19">NIGHT</governor>
            <dependent idx="18">THE</dependent>
          </dep>
          <dep type="nmod:into">
            <governor idx="16">ESCAPED</governor>
            <dependent idx="19">NIGHT</dependent>
          </dep>
        </dependencies>
      </sentence>
      <sentence id="7">
        <tokens>
          <token id="1">
            <word>SECURITY</word>
            <lemma>security</lemma>
            <CharacterOffsetBegin>611</CharacterOffsetBegin>
            <CharacterOffsetEnd>619</CharacterOffsetEnd>
            <POS>NN</POS>
            <NER>O</NER>
            <Speaker>PER0</Speaker>
          </token>
          <token id="2">
            <word>PERSONNEL</word>
            <lemma>personnel</lemma>
            <CharacterOffsetBegin>620</CharacterOffsetBegin>
            <CharacterOffsetEnd>629</CharacterOffsetEnd>
            <POS>NNS</POS>
            <NER>O</NER>
            <Speaker>PER0</Speaker>
          </token>
          <token id="3">
            <word>ARE</word>
            <lemma>be</lemma>
            <CharacterOffsetBegin>630</CharacterOffsetBegin>
            <CharacterOffsetEnd>633</CharacterOffsetEnd>
            <POS>VBP</POS>
            <NER>O</NER>
            <Speaker>PER0</Speaker>
          </token>
          <token id="4">
            <word>PREPARING</word>
            <lemma>prepare</lemma>
            <CharacterOffsetBegin>634</CharacterOffsetBegin>
            <CharacterOffsetEnd>643</CharacterOffsetEnd>
            <POS>VBG</POS>
            <NER>O</NER>
            <Speaker>PER0</Speaker>
          </token>
          <token id="5">
            <word>SKETCHES</word>
            <lemma>sketch</lemma>
            <CharacterOffsetBegin>644</CharacterOffsetBegin>
            <CharacterOffsetEnd>652</CharacterOffsetEnd>
            <POS>NNS</POS>
            <NER>O</NER>
            <Speaker>PER0</Speaker>
          </token>
          <token id="6">
            <word>OF</word>
            <lemma>of</lemma>
            <CharacterOffsetBegin>653</CharacterOffsetBegin>
            <CharacterOffsetEnd>655</CharacterOffsetEnd>
            <POS>IN</POS>
            <NER>O</NER>
            <Speaker>PER0</Speaker>
          </token>
          <token id="7">
            <word>THE</word>
            <lemma>the</lemma>
            <CharacterOffsetBegin>656</CharacterOffsetBegin>
            <CharacterOffsetEnd>659</CharacterOffsetEnd>
            <POS>DT</POS>
            <NER>O</NER>
            <Speaker>PER0</Speaker>
          </token>
          <token id="8">
            <word>SUSPECTS</word>
            <lemma>suspect</lemma>
            <CharacterOffsetBegin>660</CharacterOffsetBegin>
            <CharacterOffsetEnd>668</CharacterOffsetEnd>
            <POS>NNS</POS>
            <NER>O</NER>
            <Speaker>PER0</Speaker>
          </token>
          <token id="9">
            <word>BASED</word>
            <lemma>base</lemma>
            <CharacterOffsetBegin>669</CharacterOffsetBegin>
            <CharacterOffsetEnd>674</CharacterOffsetEnd>
            <POS>VBN</POS>
            <NER>O</NER>
            <Speaker>PER0</Speaker>
          </token>
          <token id="10">
            <word>ON</word>
            <lemma>on</lemma>
            <CharacterOffsetBegin>675</CharacterOffsetBegin>
            <CharacterOffsetEnd>677</CharacterOffsetEnd>
            <POS>IN</POS>
            <NER>O</NER>
            <Speaker>PER0</Speaker>
          </token>
          <token id="11">
            <word>EYEWITNESS</word>
            <lemma>eyewitness</lemma>
            <CharacterOffsetBegin>678</CharacterOffsetBegin>
            <CharacterOffsetEnd>688</CharacterOffsetEnd>
            <POS>NN</POS>
            <NER>O</NER>
            <Speaker>PER0</Speaker>
          </token>
          <token id="12">
            <word>DESCRIPTIONS</word>
            <lemma>description</lemma>
            <CharacterOffsetBegin>689</CharacterOffsetBegin>
            <CharacterOffsetEnd>701</CharacterOffsetEnd>
            <POS>NNS</POS>
            <NER>O</NER>
            <Speaker>PER0</Speaker>
          </token>
          <token id="13">
            <word>.</word>
            <lemma>.</lemma>
            <CharacterOffsetBegin>701</CharacterOffsetBegin>
            <CharacterOffsetEnd>702</CharacterOffsetEnd>
            <POS>.</POS>
            <NER>O</NER>
            <Speaker>PER0</Speaker>
          </token>
        </tokens>
        <parse>(ROOT (S (NP (NN SECURITY) (NNS PERSONNEL)) (VP (VBP ARE) (VP (VBG PREPARING) (NP (NP (NNS SKETCHES)) (PP (IN OF) (NP (DT THE) (NNS SUSPECTS)))) (PP (VBN BASED) (PP (IN ON) (NP (NN EYEWITNESS) (NNS DESCRIPTIONS)))))) (. .))) </parse>
        <dependencies type="basic-dependencies">
          <dep type="root">
            <governor idx="0">ROOT</governor>
            <dependent idx="4">PREPARING</dependent>
          </dep>
          <dep type="compound">
            <governor idx="2">PERSONNEL</governor>
            <dependent idx="1">SECURITY</dependent>
          </dep>
          <dep type="nsubj">
            <governor idx="4">PREPARING</governor>
            <dependent idx="2">PERSONNEL</dependent>
          </dep>
          <dep type="aux">
            <governor idx="4">PREPARING</governor>
            <dependent idx="3">ARE</dependent>
          </dep>
          <dep type="dobj">
            <governor idx="4">PREPARING</governor>
            <dependent idx="5">SKETCHES</dependent>
          </dep>
          <dep type="case">
            <governor idx="8">SUSPECTS</governor>
            <dependent idx="6">OF</dependent>
          </dep>
          <dep type="det">
            <governor idx="8">SUSPECTS</governor>
            <dependent idx="7">THE</dependent>
          </dep>
          <dep type="nmod">
            <governor idx="5">SKETCHES</governor>
            <dependent idx="8">SUSPECTS</dependent>
          </dep>
          <dep type="case">
            <governor idx="12">DESCRIPTIONS</governor>
            <dependent idx="9">BASED</dependent>
          </dep>
          <dep type="case">
            <governor idx="12">DESCRIPTIONS</governor>
            <dependent idx="10">ON</dependent>
          </dep>
          <dep type="compound">
            <governor idx="12">DESCRIPTIONS</governor>
            <dependent idx="11">EYEWITNESS</dependent>
          </dep>
          <dep type="advcl">
            <governor idx="4">PREPARING</governor>
            <dependent idx="12">DESCRIPTIONS</dependent>
          </dep>
        </dependencies>
        <dependencies type="collapsed-dependencies">
          <dep type="root">
            <governor idx="0">ROOT</governor>
            <dependent idx="4">PREPARING</dependent>
          </dep>
          <dep type="compound">
            <governor idx="2">PERSONNEL</governor>
            <dependent idx="1">SECURITY</dependent>
          </dep>
          <dep type="nsubj">
            <governor idx="4">PREPARING</governor>
            <dependent idx="2">PERSONNEL</dependent>
          </dep>
          <dep type="aux">
            <governor idx="4">PREPARING</governor>
            <dependent idx="3">ARE</dependent>
          </dep>
          <dep type="dobj">
            <governor idx="4">PREPARING</governor>
            <dependent idx="5">SKETCHES</dependent>
          </dep>
          <dep type="case">
            <governor idx="8">SUSPECTS</governor>
            <dependent idx="6">OF</dependent>
          </dep>
          <dep type="det">
            <governor idx="8">SUSPECTS</governor>
            <dependent idx="7">THE</dependent>
          </dep>
          <dep type="nmod:of">
            <governor idx="5">SKETCHES</governor>
            <dependent idx="8">SUSPECTS</dependent>
          </dep>
          <dep type="case">
            <governor idx="12">DESCRIPTIONS</governor>
            <dependent idx="9">BASED</dependent>
          </dep>
          <dep type="mwe">
            <governor idx="9">BASED</governor>
            <dependent idx="10">ON</dependent>
          </dep>
          <dep type="compound">
            <governor idx="12">DESCRIPTIONS</governor>
            <dependent idx="11">EYEWITNESS</dependent>
          </dep>
          <dep type="advcl:based_on">
            <governor idx="4">PREPARING</governor>
            <dependent idx="12">DESCRIPTIONS</dependent>
          </dep>
        </dependencies>
        <dependencies type="collapsed-ccprocessed-dependencies">
          <dep type="root">
            <governor idx="0">ROOT</governor>
            <dependent idx="4">PREPARING</dependent>
          </dep>
          <dep type="compound">
            <governor idx="2">PERSONNEL</governor>
            <dependent idx="1">SECURITY</dependent>
          </dep>
          <dep type="nsubj">
            <governor idx="4">PREPARING</governor>
            <dependent idx="2">PERSONNEL</dependent>
          </dep>
          <dep type="aux">
            <governor idx="4">PREPARING</governor>
            <dependent idx="3">ARE</dependent>
          </dep>
          <dep type="dobj">
            <governor idx="4">PREPARING</governor>
            <dependent idx="5">SKETCHES</dependent>
          </dep>
          <dep type="case">
            <governor idx="8">SUSPECTS</governor>
            <dependent idx="6">OF</dependent>
          </dep>
          <dep type="det">
            <governor idx="8">SUSPECTS</governor>
            <dependent idx="7">THE</dependent>
          </dep>
          <dep type="nmod:of">
            <governor idx="5">SKETCHES</governor>
            <dependent idx="8">SUSPECTS</dependent>
          </dep>
          <dep type="case">
            <governor idx="12">DESCRIPTIONS</governor>
            <dependent idx="9">BASED</dependent>
          </dep>
          <dep type="mwe">
            <governor idx="9">BASED</governor>
            <dependent idx="10">ON</dependent>
          </dep>
          <dep type="compound">
            <governor idx="12">DESCRIPTIONS</governor>
            <dependent idx="11">EYEWITNESS</dependent>
          </dep>
          <dep type="advcl:based_on">
            <governor idx="4">PREPARING</governor>
            <dependent idx="12">DESCRIPTIONS</dependent>
          </dep>
        </dependencies>
      </sentence>
    </sentences>
    <coreference>
      <coreference>
        <mention representative="true">
          <sentence>1</sentence>
          <start>7</start>
          <end>10</end>
          <head>7</head>
          <text>18 JAN 89</text>
        </mention>
        <mention>
          <sentence>1</sentence>
          <start>1</start>
          <end>6</end>
          <head>1</head>
          <text>DEV-MUC3-0051 -LRB- NOSC -RRB- OSORNO</text>
        </mention>
        <mention>
          <sentence>1</sentence>
          <start>12</start>
          <end>16</end>
          <head>12</head>
          <text>TEXT -RSB- A BOMB</text>
        </mention>
      </coreference>
      <coreference>
        <mention representative="true">
          <sentence>1</sentence>
          <start>14</start>
          <end>16</end>
          <head>15</head>
          <text>A BOMB</text>
        </mention>
        <mention>
          <sentence>2</sentence>
          <start>6</start>
          <end>8</end>
          <head>7</head>
          <text>THE BOMB</text>
        </mention>
        <mention>
          <sentence>6</sentence>
          <start>4</start>
          <end>6</end>
          <head>5</head>
          <text>THE BOMB</text>
        </mention>
      </coreference>
      <coreference>
        <mention representative="true">
          <sentence>1</sentence>
          <start>22</start>
          <end>26</end>
          <head>25</head>
          <text>WINDOWS AND WATER PIPES</text>
        </mention>
        <mention>
          <sentence>5</sentence>
          <start>9</start>
          <end>11</end>
          <head>10</head>
          <text>WATER PIPES</text>
        </mention>
      </coreference>
      <coreference>
        <mention representative="true">
          <sentence>3</sentence>
          <start>1</start>
          <end>3</end>
          <head>2</head>
          <text>THE EXPLOSION</text>
        </mention>
        <mention>
          <sentence>4</sentence>
          <start>1</start>
          <end>3</end>
          <head>2</head>
          <text>THE EXPLOSION</text>
        </mention>
        <mention>
          <sentence>5</sentence>
          <start>1</start>
          <end>2</end>
          <head>1</head>
          <text>IT</text>
        </mention>
      </coreference>
    </coreference>
  </document>
</root>
