<?xml version="1.0" encoding="ASCII"?>
<?xml-stylesheet href="CoreNLP-to-HTML.xsl" type="text/xsl"?>
<root>
  <document>
    <sentences>
      <sentence id="1">
        <tokens>
          <token id="1">
            <word>DEV-MUC3-0055</word>
            <lemma>dev-muc3-0055</lemma>
            <CharacterOffsetBegin>0</CharacterOffsetBegin>
            <CharacterOffsetEnd>13</CharacterOffsetEnd>
            <POS>NN</POS>
            <NER>O</NER>
            <Speaker>PER0</Speaker>
          </token>
          <token id="2">
            <word>-LRB-</word>
            <lemma>-lrb-</lemma>
            <CharacterOffsetBegin>14</CharacterOffsetBegin>
            <CharacterOffsetEnd>15</CharacterOffsetEnd>
            <POS>-LRB-</POS>
            <NER>O</NER>
            <Speaker>PER0</Speaker>
          </token>
          <token id="3">
            <word>NOSC</word>
            <lemma>nosc</lemma>
            <CharacterOffsetBegin>15</CharacterOffsetBegin>
            <CharacterOffsetEnd>19</CharacterOffsetEnd>
            <POS>NN</POS>
            <NER>ORGANIZATION</NER>
            <Speaker>PER0</Speaker>
          </token>
          <token id="4">
            <word>-RRB-</word>
            <lemma>-rrb-</lemma>
            <CharacterOffsetBegin>19</CharacterOffsetBegin>
            <CharacterOffsetEnd>20</CharacterOffsetEnd>
            <POS>-RRB-</POS>
            <NER>O</NER>
            <Speaker>PER0</Speaker>
          </token>
          <token id="5">
            <word>BOGOTA</word>
            <lemma>BOGOTA</lemma>
            <CharacterOffsetBegin>25</CharacterOffsetBegin>
            <CharacterOffsetEnd>31</CharacterOffsetEnd>
            <POS>NNP</POS>
            <NER>LOCATION</NER>
            <Speaker>PER0</Speaker>
          </token>
          <token id="6">
            <word>,</word>
            <lemma>,</lemma>
            <CharacterOffsetBegin>31</CharacterOffsetBegin>
            <CharacterOffsetEnd>32</CharacterOffsetEnd>
            <POS>,</POS>
            <NER>O</NER>
            <Speaker>PER0</Speaker>
          </token>
          <token id="7">
            <word>25</word>
            <lemma>25</lemma>
            <CharacterOffsetBegin>33</CharacterOffsetBegin>
            <CharacterOffsetEnd>35</CharacterOffsetEnd>
            <POS>CD</POS>
            <NER>DATE</NER>
            <NormalizedNER>XXXX-01-25</NormalizedNER>
            <Speaker>PER0</Speaker>
            <Timex tid="t1" type="DATE">XXXX-01-25</Timex>
          </token>
          <token id="8">
            <word>JAN</word>
            <lemma>JAN</lemma>
            <CharacterOffsetBegin>36</CharacterOffsetBegin>
            <CharacterOffsetEnd>39</CharacterOffsetEnd>
            <POS>NNP</POS>
            <NER>DATE</NER>
            <NormalizedNER>XXXX-01-25</NormalizedNER>
            <Speaker>PER0</Speaker>
            <Timex tid="t1" type="DATE">XXXX-01-25</Timex>
          </token>
          <token id="9">
            <word>89</word>
            <lemma>89</lemma>
            <CharacterOffsetBegin>40</CharacterOffsetBegin>
            <CharacterOffsetEnd>42</CharacterOffsetEnd>
            <POS>CD</POS>
            <NER>NUMBER</NER>
            <NormalizedNER>89.0</NormalizedNER>
            <Speaker>PER0</Speaker>
          </token>
          <token id="10">
            <word>--</word>
            <lemma>--</lemma>
            <CharacterOffsetBegin>43</CharacterOffsetBegin>
            <CharacterOffsetEnd>45</CharacterOffsetEnd>
            <POS>:</POS>
            <NER>O</NER>
            <Speaker>PER0</Speaker>
          </token>
          <token id="11">
            <word>-LSB-</word>
            <lemma>-lsb-</lemma>
            <CharacterOffsetBegin>46</CharacterOffsetBegin>
            <CharacterOffsetEnd>47</CharacterOffsetEnd>
            <POS>-LRB-</POS>
            <NER>O</NER>
            <Speaker>PER0</Speaker>
          </token>
          <token id="12">
            <word>TEXT</word>
            <lemma>text</lemma>
            <CharacterOffsetBegin>47</CharacterOffsetBegin>
            <CharacterOffsetEnd>51</CharacterOffsetEnd>
            <POS>NN</POS>
            <NER>O</NER>
            <Speaker>PER0</Speaker>
          </token>
          <token id="13">
            <word>-RSB-</word>
            <lemma>-rsb-</lemma>
            <CharacterOffsetBegin>51</CharacterOffsetBegin>
            <CharacterOffsetEnd>52</CharacterOffsetEnd>
            <POS>-RRB-</POS>
            <NER>O</NER>
            <Speaker>PER0</Speaker>
          </token>
          <token id="14">
            <word>A</word>
            <lemma>a</lemma>
            <CharacterOffsetBegin>53</CharacterOffsetBegin>
            <CharacterOffsetEnd>54</CharacterOffsetEnd>
            <POS>DT</POS>
            <NER>O</NER>
            <Speaker>PER0</Speaker>
          </token>
          <token id="15">
            <word>SEARCH</word>
            <lemma>search</lemma>
            <CharacterOffsetBegin>55</CharacterOffsetBegin>
            <CharacterOffsetEnd>61</CharacterOffsetEnd>
            <POS>NN</POS>
            <NER>O</NER>
            <Speaker>PER0</Speaker>
          </token>
          <token id="16">
            <word>IS</word>
            <lemma>be</lemma>
            <CharacterOffsetBegin>62</CharacterOffsetBegin>
            <CharacterOffsetEnd>64</CharacterOffsetEnd>
            <POS>VBZ</POS>
            <NER>O</NER>
            <Speaker>PER0</Speaker>
          </token>
          <token id="17">
            <word>ON</word>
            <lemma>on</lemma>
            <CharacterOffsetBegin>65</CharacterOffsetBegin>
            <CharacterOffsetEnd>67</CharacterOffsetEnd>
            <POS>IN</POS>
            <NER>O</NER>
            <Speaker>PER0</Speaker>
          </token>
          <token id="18">
            <word>FOR</word>
            <lemma>for</lemma>
            <CharacterOffsetBegin>68</CharacterOffsetBegin>
            <CharacterOffsetEnd>71</CharacterOffsetEnd>
            <POS>IN</POS>
            <NER>O</NER>
            <Speaker>PER0</Speaker>
          </token>
          <token id="19">
            <word>AN</word>
            <lemma>a</lemma>
            <CharacterOffsetBegin>72</CharacterOffsetBegin>
            <CharacterOffsetEnd>74</CharacterOffsetEnd>
            <POS>DT</POS>
            <NER>O</NER>
            <Speaker>PER0</Speaker>
          </token>
          <token id="20">
            <word>EPL</word>
            <lemma>epl</lemma>
            <CharacterOffsetBegin>75</CharacterOffsetBegin>
            <CharacterOffsetEnd>78</CharacterOffsetEnd>
            <POS>NN</POS>
            <NER>ORGANIZATION</NER>
            <Speaker>PER0</Speaker>
          </token>
          <token id="21">
            <word>-LSB-</word>
            <lemma>-lsb-</lemma>
            <CharacterOffsetBegin>79</CharacterOffsetBegin>
            <CharacterOffsetEnd>80</CharacterOffsetEnd>
            <POS>-LRB-</POS>
            <NER>O</NER>
            <Speaker>PER0</Speaker>
          </token>
          <token id="22">
            <word>POPULAR</word>
            <lemma>popular</lemma>
            <CharacterOffsetBegin>80</CharacterOffsetBegin>
            <CharacterOffsetEnd>87</CharacterOffsetEnd>
            <POS>JJ</POS>
            <NER>ORGANIZATION</NER>
            <Speaker>PER0</Speaker>
          </token>
          <token id="23">
            <word>LIBERATION</word>
            <lemma>liberation</lemma>
            <CharacterOffsetBegin>88</CharacterOffsetBegin>
            <CharacterOffsetEnd>98</CharacterOffsetEnd>
            <POS>NN</POS>
            <NER>ORGANIZATION</NER>
            <Speaker>PER0</Speaker>
          </token>
          <token id="24">
            <word>ARMY</word>
            <lemma>army</lemma>
            <CharacterOffsetBegin>99</CharacterOffsetBegin>
            <CharacterOffsetEnd>103</CharacterOffsetEnd>
            <POS>NN</POS>
            <NER>ORGANIZATION</NER>
            <Speaker>PER0</Speaker>
          </token>
          <token id="25">
            <word>-RSB-</word>
            <lemma>-rsb-</lemma>
            <CharacterOffsetBegin>103</CharacterOffsetBegin>
            <CharacterOffsetEnd>104</CharacterOffsetEnd>
            <POS>-RRB-</POS>
            <NER>O</NER>
            <Speaker>PER0</Speaker>
          </token>
          <token id="26">
            <word>UNIT</word>
            <lemma>unit</lemma>
            <CharacterOffsetBegin>105</CharacterOffsetBegin>
            <CharacterOffsetEnd>109</CharacterOffsetEnd>
            <POS>NN</POS>
            <NER>O</NER>
            <Speaker>PER0</Speaker>
          </token>
          <token id="27">
            <word>THAT</word>
            <lemma>that</lemma>
            <CharacterOffsetBegin>110</CharacterOffsetBegin>
            <CharacterOffsetEnd>114</CharacterOffsetEnd>
            <POS>IN</POS>
            <NER>O</NER>
            <Speaker>PER0</Speaker>
          </token>
          <token id="28">
            <word>YESTERDAY</word>
            <lemma>yesterday</lemma>
            <CharacterOffsetBegin>115</CharacterOffsetBegin>
            <CharacterOffsetEnd>124</CharacterOffsetEnd>
            <POS>NN</POS>
            <NER>DATE</NER>
            <NormalizedNER>OFFSET P-1D</NormalizedNER>
            <Speaker>PER0</Speaker>
            <Timex tid="t2" type="DATE"/>
          </token>
          <token id="29">
            <word>INCINERATED</word>
            <lemma>incinerate</lemma>
            <CharacterOffsetBegin>125</CharacterOffsetBegin>
            <CharacterOffsetEnd>136</CharacterOffsetEnd>
            <POS>VBD</POS>
            <NER>O</NER>
            <Speaker>PER0</Speaker>
          </token>
          <token id="30">
            <word>FIVE</word>
            <lemma>five</lemma>
            <CharacterOffsetBegin>137</CharacterOffsetBegin>
            <CharacterOffsetEnd>141</CharacterOffsetEnd>
            <POS>CD</POS>
            <NER>NUMBER</NER>
            <NormalizedNER>5.0</NormalizedNER>
            <Speaker>PER0</Speaker>
          </token>
          <token id="31">
            <word>MEMBERS</word>
            <lemma>member</lemma>
            <CharacterOffsetBegin>142</CharacterOffsetBegin>
            <CharacterOffsetEnd>149</CharacterOffsetEnd>
            <POS>NNS</POS>
            <NER>O</NER>
            <Speaker>PER0</Speaker>
          </token>
          <token id="32">
            <word>OF</word>
            <lemma>of</lemma>
            <CharacterOffsetBegin>150</CharacterOffsetBegin>
            <CharacterOffsetEnd>152</CharacterOffsetEnd>
            <POS>IN</POS>
            <NER>O</NER>
            <Speaker>PER0</Speaker>
          </token>
          <token id="33">
            <word>A</word>
            <lemma>a</lemma>
            <CharacterOffsetBegin>153</CharacterOffsetBegin>
            <CharacterOffsetEnd>154</CharacterOffsetEnd>
            <POS>DT</POS>
            <NER>O</NER>
            <Speaker>PER0</Speaker>
          </token>
          <token id="34">
            <word>NATIONAL</word>
            <lemma>national</lemma>
            <CharacterOffsetBegin>155</CharacterOffsetBegin>
            <CharacterOffsetEnd>163</CharacterOffsetEnd>
            <POS>JJ</POS>
            <NER>O</NER>
            <Speaker>PER0</Speaker>
          </token>
          <token id="35">
            <word>POLICE</word>
            <lemma>police</lemma>
            <CharacterOffsetBegin>164</CharacterOffsetBegin>
            <CharacterOffsetEnd>170</CharacterOffsetEnd>
            <POS>NN</POS>
            <NER>O</NER>
            <Speaker>PER0</Speaker>
          </token>
          <token id="36">
            <word>PATROL</word>
            <lemma>patrol</lemma>
            <CharacterOffsetBegin>171</CharacterOffsetBegin>
            <CharacterOffsetEnd>177</CharacterOffsetEnd>
            <POS>NN</POS>
            <NER>O</NER>
            <Speaker>PER0</Speaker>
          </token>
          <token id="37">
            <word>IN</word>
            <lemma>in</lemma>
            <CharacterOffsetBegin>178</CharacterOffsetBegin>
            <CharacterOffsetEnd>180</CharacterOffsetEnd>
            <POS>IN</POS>
            <NER>O</NER>
            <Speaker>PER0</Speaker>
          </token>
          <token id="38">
            <word>-LSB-</word>
            <lemma>-lsb-</lemma>
            <CharacterOffsetBegin>181</CharacterOffsetBegin>
            <CharacterOffsetEnd>182</CharacterOffsetEnd>
            <POS>-LRB-</POS>
            <NER>O</NER>
            <Speaker>PER0</Speaker>
          </token>
          <token id="39">
            <word>WORD</word>
            <lemma>word</lemma>
            <CharacterOffsetBegin>182</CharacterOffsetBegin>
            <CharacterOffsetEnd>186</CharacterOffsetEnd>
            <POS>NN</POS>
            <NER>O</NER>
            <Speaker>PER0</Speaker>
          </token>
          <token id="40">
            <word>INDISTINCT</word>
            <lemma>indistinct</lemma>
            <CharacterOffsetBegin>187</CharacterOffsetBegin>
            <CharacterOffsetEnd>197</CharacterOffsetEnd>
            <POS>JJ</POS>
            <NER>O</NER>
            <Speaker>PER0</Speaker>
          </token>
          <token id="41">
            <word>-RSB-</word>
            <lemma>-rsb-</lemma>
            <CharacterOffsetBegin>197</CharacterOffsetBegin>
            <CharacterOffsetEnd>198</CharacterOffsetEnd>
            <POS>-RRB-</POS>
            <NER>O</NER>
            <Speaker>PER0</Speaker>
          </token>
          <token id="42">
            <word>,</word>
            <lemma>,</lemma>
            <CharacterOffsetBegin>198</CharacterOffsetBegin>
            <CharacterOffsetEnd>199</CharacterOffsetEnd>
            <POS>,</POS>
            <NER>O</NER>
            <Speaker>PER0</Speaker>
          </token>
          <token id="43">
            <word>RISARALDA</word>
            <lemma>RISARALDA</lemma>
            <CharacterOffsetBegin>200</CharacterOffsetBegin>
            <CharacterOffsetEnd>209</CharacterOffsetEnd>
            <POS>NNP</POS>
            <NER>LOCATION</NER>
            <Speaker>PER0</Speaker>
          </token>
          <token id="44">
            <word>DEPARTMENT</word>
            <lemma>DEPARTMENT</lemma>
            <CharacterOffsetBegin>210</CharacterOffsetBegin>
            <CharacterOffsetEnd>220</CharacterOffsetEnd>
            <POS>NNP</POS>
            <NER>O</NER>
            <Speaker>PER0</Speaker>
          </token>
          <token id="45">
            <word>.</word>
            <lemma>.</lemma>
            <CharacterOffsetBegin>220</CharacterOffsetBegin>
            <CharacterOffsetEnd>221</CharacterOffsetEnd>
            <POS>.</POS>
            <NER>O</NER>
            <Speaker>PER0</Speaker>
          </token>
        </tokens>
        <parse>(ROOT (S (NP (NP (NP (NN DEV-MUC3-0055)) (PRN (-LRB- -LRB-) (NP (NN NOSC)) (-RRB- -RRB-)) (NP (NNP BOGOTA))) (, ,) (NP (NP (CD 25)) (NP-TMP (NNP JAN) (CD 89))) (: --) (-LRB- -LSB-) (NP (NP (NN TEXT)) (PP (-RRB- -RSB-) (NP (DT A) (NN SEARCH))))) (VP (VBZ IS) (PP (IN ON) (IN FOR) (NP (NP (NP (DT AN) (NN EPL) (-LRB- -LSB-)) (JJ POPULAR) (NN LIBERATION) (NN ARMY)) (PP (-RRB- -RSB-) (NP (NN UNIT))))) (SBAR (IN THAT) (S (NP-TMP (NN YESTERDAY)) (VP (VBD INCINERATED) (NP (NP (CD FIVE) (NNS MEMBERS)) (PP (IN OF) (NP (DT A) (JJ NATIONAL) (NN POLICE) (NN PATROL)))) (PP (IN IN) (NP (NP (-LRB- -LSB-) (NN WORD) (JJ INDISTINCT) (-RRB- -RSB-)) (, ,) (NP (NNP RISARALDA) (NNP DEPARTMENT)))))))) (. .))) </parse>
        <dependencies type="basic-dependencies">
          <dep type="root">
            <governor idx="0">ROOT</governor>
            <dependent idx="24">ARMY</dependent>
          </dep>
          <dep type="nsubj">
            <governor idx="24">ARMY</governor>
            <dependent idx="1">DEV-MUC3-0055</dependent>
          </dep>
          <dep type="appos">
            <governor idx="1">DEV-MUC3-0055</governor>
            <dependent idx="3">NOSC</dependent>
          </dep>
          <dep type="dep">
            <governor idx="1">DEV-MUC3-0055</governor>
            <dependent idx="5">BOGOTA</dependent>
          </dep>
          <dep type="appos">
            <governor idx="1">DEV-MUC3-0055</governor>
            <dependent idx="7">25</dependent>
          </dep>
          <dep type="nmod:tmod">
            <governor idx="7">25</governor>
            <dependent idx="8">JAN</dependent>
          </dep>
          <dep type="nummod">
            <governor idx="8">JAN</governor>
            <dependent idx="9">89</dependent>
          </dep>
          <dep type="dep">
            <governor idx="1">DEV-MUC3-0055</governor>
            <dependent idx="12">TEXT</dependent>
          </dep>
          <dep type="det">
            <governor idx="15">SEARCH</governor>
            <dependent idx="14">A</dependent>
          </dep>
          <dep type="nmod">
            <governor idx="12">TEXT</governor>
            <dependent idx="15">SEARCH</dependent>
          </dep>
          <dep type="cop">
            <governor idx="24">ARMY</governor>
            <dependent idx="16">IS</dependent>
          </dep>
          <dep type="case">
            <governor idx="24">ARMY</governor>
            <dependent idx="17">ON</dependent>
          </dep>
          <dep type="case">
            <governor idx="24">ARMY</governor>
            <dependent idx="18">FOR</dependent>
          </dep>
          <dep type="det">
            <governor idx="20">EPL</governor>
            <dependent idx="19">AN</dependent>
          </dep>
          <dep type="compound">
            <governor idx="24">ARMY</governor>
            <dependent idx="20">EPL</dependent>
          </dep>
          <dep type="amod">
            <governor idx="24">ARMY</governor>
            <dependent idx="22">POPULAR</dependent>
          </dep>
          <dep type="compound">
            <governor idx="24">ARMY</governor>
            <dependent idx="23">LIBERATION</dependent>
          </dep>
          <dep type="nmod">
            <governor idx="24">ARMY</governor>
            <dependent idx="26">UNIT</dependent>
          </dep>
          <dep type="mark">
            <governor idx="29">INCINERATED</governor>
            <dependent idx="27">THAT</dependent>
          </dep>
          <dep type="dep">
            <governor idx="29">INCINERATED</governor>
            <dependent idx="28">YESTERDAY</dependent>
          </dep>
          <dep type="ccomp">
            <governor idx="24">ARMY</governor>
            <dependent idx="29">INCINERATED</dependent>
          </dep>
          <dep type="nummod">
            <governor idx="31">MEMBERS</governor>
            <dependent idx="30">FIVE</dependent>
          </dep>
          <dep type="dobj">
            <governor idx="29">INCINERATED</governor>
            <dependent idx="31">MEMBERS</dependent>
          </dep>
          <dep type="case">
            <governor idx="36">PATROL</governor>
            <dependent idx="32">OF</dependent>
          </dep>
          <dep type="det">
            <governor idx="36">PATROL</governor>
            <dependent idx="33">A</dependent>
          </dep>
          <dep type="amod">
            <governor idx="36">PATROL</governor>
            <dependent idx="34">NATIONAL</dependent>
          </dep>
          <dep type="compound">
            <governor idx="36">PATROL</governor>
            <dependent idx="35">POLICE</dependent>
          </dep>
          <dep type="nmod">
            <governor idx="31">MEMBERS</governor>
            <dependent idx="36">PATROL</dependent>
          </dep>
          <dep type="case">
            <governor idx="39">WORD</governor>
            <dependent idx="37">IN</dependent>
          </dep>
          <dep type="nmod">
            <governor idx="29">INCINERATED</governor>
            <dependent idx="39">WORD</dependent>
          </dep>
          <dep type="amod">
            <governor idx="39">WORD</governor>
            <dependent idx="40">INDISTINCT</dependent>
          </dep>
          <dep type="compound">
            <governor idx="44">DEPARTMENT</governor>
            <dependent idx="43">RISARALDA</dependent>
          </dep>
          <dep type="appos">
            <governor idx="39">WORD</governor>
            <dependent idx="44">DEPARTMENT</dependent>
          </dep>
        </dependencies>
        <dependencies type="collapsed-dependencies">
          <dep type="root">
            <governor idx="0">ROOT</governor>
            <dependent idx="24">ARMY</dependent>
          </dep>
          <dep type="nsubj">
            <governor idx="24">ARMY</governor>
            <dependent idx="1">DEV-MUC3-0055</dependent>
          </dep>
          <dep type="appos">
            <governor idx="1">DEV-MUC3-0055</governor>
            <dependent idx="3">NOSC</dependent>
          </dep>
          <dep type="dep">
            <governor idx="1">DEV-MUC3-0055</governor>
            <dependent idx="5">BOGOTA</dependent>
          </dep>
          <dep type="appos">
            <governor idx="1">DEV-MUC3-0055</governor>
            <dependent idx="7">25</dependent>
          </dep>
          <dep type="nmod:tmod">
            <governor idx="7">25</governor>
            <dependent idx="8">JAN</dependent>
          </dep>
          <dep type="nummod">
            <governor idx="8">JAN</governor>
            <dependent idx="9">89</dependent>
          </dep>
          <dep type="dep">
            <governor idx="1">DEV-MUC3-0055</governor>
            <dependent idx="12">TEXT</dependent>
          </dep>
          <dep type="det">
            <governor idx="15">SEARCH</governor>
            <dependent idx="14">A</dependent>
          </dep>
          <dep type="nmod">
            <governor idx="12">TEXT</governor>
            <dependent idx="15">SEARCH</dependent>
          </dep>
          <dep type="cop">
            <governor idx="24">ARMY</governor>
            <dependent idx="16">IS</dependent>
          </dep>
          <dep type="case">
            <governor idx="24">ARMY</governor>
            <dependent idx="17">ON</dependent>
          </dep>
          <dep type="case">
            <governor idx="24">ARMY</governor>
            <dependent idx="18">FOR</dependent>
          </dep>
          <dep type="det">
            <governor idx="20">EPL</governor>
            <dependent idx="19">AN</dependent>
          </dep>
          <dep type="compound">
            <governor idx="24">ARMY</governor>
            <dependent idx="20">EPL</dependent>
          </dep>
          <dep type="amod">
            <governor idx="24">ARMY</governor>
            <dependent idx="22">POPULAR</dependent>
          </dep>
          <dep type="compound">
            <governor idx="24">ARMY</governor>
            <dependent idx="23">LIBERATION</dependent>
          </dep>
          <dep type="nmod">
            <governor idx="24">ARMY</governor>
            <dependent idx="26">UNIT</dependent>
          </dep>
          <dep type="mark">
            <governor idx="29">INCINERATED</governor>
            <dependent idx="27">THAT</dependent>
          </dep>
          <dep type="dep">
            <governor idx="29">INCINERATED</governor>
            <dependent idx="28">YESTERDAY</dependent>
          </dep>
          <dep type="ccomp">
            <governor idx="24">ARMY</governor>
            <dependent idx="29">INCINERATED</dependent>
          </dep>
          <dep type="nummod">
            <governor idx="31">MEMBERS</governor>
            <dependent idx="30">FIVE</dependent>
          </dep>
          <dep type="dobj">
            <governor idx="29">INCINERATED</governor>
            <dependent idx="31">MEMBERS</dependent>
          </dep>
          <dep type="case">
            <governor idx="36">PATROL</governor>
            <dependent idx="32">OF</dependent>
          </dep>
          <dep type="det">
            <governor idx="36">PATROL</governor>
            <dependent idx="33">A</dependent>
          </dep>
          <dep type="amod">
            <governor idx="36">PATROL</governor>
            <dependent idx="34">NATIONAL</dependent>
          </dep>
          <dep type="compound">
            <governor idx="36">PATROL</governor>
            <dependent idx="35">POLICE</dependent>
          </dep>
          <dep type="nmod:of">
            <governor idx="31">MEMBERS</governor>
            <dependent idx="36">PATROL</dependent>
          </dep>
          <dep type="case">
            <governor idx="39">WORD</governor>
            <dependent idx="37">IN</dependent>
          </dep>
          <dep type="nmod:in">
            <governor idx="29">INCINERATED</governor>
            <dependent idx="39">WORD</dependent>
          </dep>
          <dep type="amod">
            <governor idx="39">WORD</governor>
            <dependent idx="40">INDISTINCT</dependent>
          </dep>
          <dep type="compound">
            <governor idx="44">DEPARTMENT</governor>
            <dependent idx="43">RISARALDA</dependent>
          </dep>
          <dep type="appos">
            <governor idx="39">WORD</governor>
            <dependent idx="44">DEPARTMENT</dependent>
          </dep>
        </dependencies>
        <dependencies type="collapsed-ccprocessed-dependencies">
          <dep type="root">
            <governor idx="0">ROOT</governor>
            <dependent idx="24">ARMY</dependent>
          </dep>
          <dep type="nsubj">
            <governor idx="24">ARMY</governor>
            <dependent idx="1">DEV-MUC3-0055</dependent>
          </dep>
          <dep type="appos">
            <governor idx="1">DEV-MUC3-0055</governor>
            <dependent idx="3">NOSC</dependent>
          </dep>
          <dep type="dep">
            <governor idx="1">DEV-MUC3-0055</governor>
            <dependent idx="5">BOGOTA</dependent>
          </dep>
          <dep type="appos">
            <governor idx="1">DEV-MUC3-0055</governor>
            <dependent idx="7">25</dependent>
          </dep>
          <dep type="nmod:tmod">
            <governor idx="7">25</governor>
            <dependent idx="8">JAN</dependent>
          </dep>
          <dep type="nummod">
            <governor idx="8">JAN</governor>
            <dependent idx="9">89</dependent>
          </dep>
          <dep type="dep">
            <governor idx="1">DEV-MUC3-0055</governor>
            <dependent idx="12">TEXT</dependent>
          </dep>
          <dep type="det">
            <governor idx="15">SEARCH</governor>
            <dependent idx="14">A</dependent>
          </dep>
          <dep type="nmod">
            <governor idx="12">TEXT</governor>
            <dependent idx="15">SEARCH</dependent>
          </dep>
          <dep type="cop">
            <governor idx="24">ARMY</governor>
            <dependent idx="16">IS</dependent>
          </dep>
          <dep type="case">
            <governor idx="24">ARMY</governor>
            <dependent idx="17">ON</dependent>
          </dep>
          <dep type="case">
            <governor idx="24">ARMY</governor>
            <dependent idx="18">FOR</dependent>
          </dep>
          <dep type="det">
            <governor idx="20">EPL</governor>
            <dependent idx="19">AN</dependent>
          </dep>
          <dep type="compound">
            <governor idx="24">ARMY</governor>
            <dependent idx="20">EPL</dependent>
          </dep>
          <dep type="amod">
            <governor idx="24">ARMY</governor>
            <dependent idx="22">POPULAR</dependent>
          </dep>
          <dep type="compound">
            <governor idx="24">ARMY</governor>
            <dependent idx="23">LIBERATION</dependent>
          </dep>
          <dep type="nmod">
            <governor idx="24">ARMY</governor>
            <dependent idx="26">UNIT</dependent>
          </dep>
          <dep type="mark">
            <governor idx="29">INCINERATED</governor>
            <dependent idx="27">THAT</dependent>
          </dep>
          <dep type="dep">
            <governor idx="29">INCINERATED</governor>
            <dependent idx="28">YESTERDAY</dependent>
          </dep>
          <dep type="ccomp">
            <governor idx="24">ARMY</governor>
            <dependent idx="29">INCINERATED</dependent>
          </dep>
          <dep type="nummod">
            <governor idx="31">MEMBERS</governor>
            <dependent idx="30">FIVE</dependent>
          </dep>
          <dep type="dobj">
            <governor idx="29">INCINERATED</governor>
            <dependent idx="31">MEMBERS</dependent>
          </dep>
          <dep type="case">
            <governor idx="36">PATROL</governor>
            <dependent idx="32">OF</dependent>
          </dep>
          <dep type="det">
            <governor idx="36">PATROL</governor>
            <dependent idx="33">A</dependent>
          </dep>
          <dep type="amod">
            <governor idx="36">PATROL</governor>
            <dependent idx="34">NATIONAL</dependent>
          </dep>
          <dep type="compound">
            <governor idx="36">PATROL</governor>
            <dependent idx="35">POLICE</dependent>
          </dep>
          <dep type="nmod:of">
            <governor idx="31">MEMBERS</governor>
            <dependent idx="36">PATROL</dependent>
          </dep>
          <dep type="case">
            <governor idx="39">WORD</governor>
            <dependent idx="37">IN</dependent>
          </dep>
          <dep type="nmod:in">
            <governor idx="29">INCINERATED</governor>
            <dependent idx="39">WORD</dependent>
          </dep>
          <dep type="amod">
            <governor idx="39">WORD</governor>
            <dependent idx="40">INDISTINCT</dependent>
          </dep>
          <dep type="compound">
            <governor idx="44">DEPARTMENT</governor>
            <dependent idx="43">RISARALDA</dependent>
          </dep>
          <dep type="appos">
            <governor idx="39">WORD</governor>
            <dependent idx="44">DEPARTMENT</dependent>
          </dep>
        </dependencies>
      </sentence>
      <sentence id="2">
        <tokens>
          <token id="1">
            <word>THE</word>
            <lemma>the</lemma>
            <CharacterOffsetBegin>223</CharacterOffsetBegin>
            <CharacterOffsetEnd>226</CharacterOffsetEnd>
            <POS>DT</POS>
            <NER>O</NER>
            <Speaker>PER0</Speaker>
          </token>
          <token id="2">
            <word>POLICEMEN</word>
            <lemma>policeman</lemma>
            <CharacterOffsetBegin>227</CharacterOffsetBegin>
            <CharacterOffsetEnd>236</CharacterOffsetEnd>
            <POS>NNS</POS>
            <NER>O</NER>
            <Speaker>PER0</Speaker>
          </token>
          <token id="3">
            <word>BURNED</word>
            <lemma>burn</lemma>
            <CharacterOffsetBegin>237</CharacterOffsetBegin>
            <CharacterOffsetEnd>243</CharacterOffsetEnd>
            <POS>VBN</POS>
            <NER>O</NER>
            <Speaker>PER0</Speaker>
          </token>
          <token id="4">
            <word>TO</word>
            <lemma>to</lemma>
            <CharacterOffsetBegin>244</CharacterOffsetBegin>
            <CharacterOffsetEnd>246</CharacterOffsetEnd>
            <POS>TO</POS>
            <NER>O</NER>
            <Speaker>PER0</Speaker>
          </token>
          <token id="5">
            <word>DEATH</word>
            <lemma>death</lemma>
            <CharacterOffsetBegin>247</CharacterOffsetBegin>
            <CharacterOffsetEnd>252</CharacterOffsetEnd>
            <POS>NN</POS>
            <NER>O</NER>
            <Speaker>PER0</Speaker>
          </token>
          <token id="6">
            <word>INSIDE</word>
            <lemma>inside</lemma>
            <CharacterOffsetBegin>253</CharacterOffsetBegin>
            <CharacterOffsetEnd>259</CharacterOffsetEnd>
            <POS>IN</POS>
            <NER>O</NER>
            <Speaker>PER0</Speaker>
          </token>
          <token id="7">
            <word>THEIR</word>
            <lemma>they</lemma>
            <CharacterOffsetBegin>260</CharacterOffsetBegin>
            <CharacterOffsetEnd>265</CharacterOffsetEnd>
            <POS>PRP$</POS>
            <NER>O</NER>
            <Speaker>PER0</Speaker>
          </token>
          <token id="8">
            <word>VEHICLE</word>
            <lemma>vehicle</lemma>
            <CharacterOffsetBegin>266</CharacterOffsetBegin>
            <CharacterOffsetEnd>273</CharacterOffsetEnd>
            <POS>NN</POS>
            <NER>O</NER>
            <Speaker>PER0</Speaker>
          </token>
          <token id="9">
            <word>IN</word>
            <lemma>in</lemma>
            <CharacterOffsetBegin>274</CharacterOffsetBegin>
            <CharacterOffsetEnd>276</CharacterOffsetEnd>
            <POS>IN</POS>
            <NER>O</NER>
            <Speaker>PER0</Speaker>
          </token>
          <token id="10">
            <word>LA</word>
            <lemma>LA</lemma>
            <CharacterOffsetBegin>277</CharacterOffsetBegin>
            <CharacterOffsetEnd>279</CharacterOffsetEnd>
            <POS>NNP</POS>
            <NER>LOCATION</NER>
            <Speaker>PER0</Speaker>
          </token>
          <token id="11">
            <word>SELVA</word>
            <lemma>SELVA</lemma>
            <CharacterOffsetBegin>280</CharacterOffsetBegin>
            <CharacterOffsetEnd>285</CharacterOffsetEnd>
            <POS>NNP</POS>
            <NER>LOCATION</NER>
            <Speaker>PER0</Speaker>
          </token>
          <token id="12">
            <word>,</word>
            <lemma>,</lemma>
            <CharacterOffsetBegin>285</CharacterOffsetBegin>
            <CharacterOffsetEnd>286</CharacterOffsetEnd>
            <POS>,</POS>
            <NER>O</NER>
            <Speaker>PER0</Speaker>
          </token>
          <token id="13">
            <word>A</word>
            <lemma>a</lemma>
            <CharacterOffsetBegin>287</CharacterOffsetBegin>
            <CharacterOffsetEnd>288</CharacterOffsetEnd>
            <POS>DT</POS>
            <NER>O</NER>
            <Speaker>PER0</Speaker>
          </token>
          <token id="14">
            <word>FEW</word>
            <lemma>few</lemma>
            <CharacterOffsetBegin>289</CharacterOffsetBegin>
            <CharacterOffsetEnd>292</CharacterOffsetEnd>
            <POS>JJ</POS>
            <NER>O</NER>
            <Speaker>PER0</Speaker>
          </token>
          <token id="15">
            <word>KILOMETERS</word>
            <lemma>kilometer</lemma>
            <CharacterOffsetBegin>293</CharacterOffsetBegin>
            <CharacterOffsetEnd>303</CharacterOffsetEnd>
            <POS>NNS</POS>
            <NER>O</NER>
            <Speaker>PER0</Speaker>
          </token>
          <token id="16">
            <word>FROM</word>
            <lemma>from</lemma>
            <CharacterOffsetBegin>304</CharacterOffsetBegin>
            <CharacterOffsetEnd>308</CharacterOffsetEnd>
            <POS>IN</POS>
            <NER>O</NER>
            <Speaker>PER0</Speaker>
          </token>
          <token id="17">
            <word>CHINCHILLA</word>
            <lemma>CHINCHILLA</lemma>
            <CharacterOffsetBegin>309</CharacterOffsetBegin>
            <CharacterOffsetEnd>319</CharacterOffsetEnd>
            <POS>NNP</POS>
            <NER>O</NER>
            <Speaker>PER0</Speaker>
          </token>
          <token id="18">
            <word>.</word>
            <lemma>.</lemma>
            <CharacterOffsetBegin>319</CharacterOffsetBegin>
            <CharacterOffsetEnd>320</CharacterOffsetEnd>
            <POS>.</POS>
            <NER>O</NER>
            <Speaker>PER0</Speaker>
          </token>
        </tokens>
        <parse>(ROOT (S (NP (DT THE) (NNS POLICEMEN)) (VP (VBN BURNED) (PP (TO TO) (NP (NP (NN DEATH)) (PP (IN INSIDE) (NP (PRP$ THEIR) (NN VEHICLE))))) (PP (IN IN) (NP (NP (NNP LA) (NNP SELVA)) (, ,) (NP (DT A) (JJ FEW) (NNS KILOMETERS)))) (PP (IN FROM) (NP (NNP CHINCHILLA)))) (. .))) </parse>
        <dependencies type="basic-dependencies">
          <dep type="root">
            <governor idx="0">ROOT</governor>
            <dependent idx="3">BURNED</dependent>
          </dep>
          <dep type="det">
            <governor idx="2">POLICEMEN</governor>
            <dependent idx="1">THE</dependent>
          </dep>
          <dep type="nsubj">
            <governor idx="3">BURNED</governor>
            <dependent idx="2">POLICEMEN</dependent>
          </dep>
          <dep type="case">
            <governor idx="5">DEATH</governor>
            <dependent idx="4">TO</dependent>
          </dep>
          <dep type="nmod">
            <governor idx="3">BURNED</governor>
            <dependent idx="5">DEATH</dependent>
          </dep>
          <dep type="case">
            <governor idx="8">VEHICLE</governor>
            <dependent idx="6">INSIDE</dependent>
          </dep>
          <dep type="nmod:poss">
            <governor idx="8">VEHICLE</governor>
            <dependent idx="7">THEIR</dependent>
          </dep>
          <dep type="nmod">
            <governor idx="5">DEATH</governor>
            <dependent idx="8">VEHICLE</dependent>
          </dep>
          <dep type="case">
            <governor idx="11">SELVA</governor>
            <dependent idx="9">IN</dependent>
          </dep>
          <dep type="compound">
            <governor idx="11">SELVA</governor>
            <dependent idx="10">LA</dependent>
          </dep>
          <dep type="nmod">
            <governor idx="3">BURNED</governor>
            <dependent idx="11">SELVA</dependent>
          </dep>
          <dep type="det">
            <governor idx="15">KILOMETERS</governor>
            <dependent idx="13">A</dependent>
          </dep>
          <dep type="amod">
            <governor idx="15">KILOMETERS</governor>
            <dependent idx="14">FEW</dependent>
          </dep>
          <dep type="appos">
            <governor idx="11">SELVA</governor>
            <dependent idx="15">KILOMETERS</dependent>
          </dep>
          <dep type="case">
            <governor idx="17">CHINCHILLA</governor>
            <dependent idx="16">FROM</dependent>
          </dep>
          <dep type="nmod">
            <governor idx="3">BURNED</governor>
            <dependent idx="17">CHINCHILLA</dependent>
          </dep>
        </dependencies>
        <dependencies type="collapsed-dependencies">
          <dep type="root">
            <governor idx="0">ROOT</governor>
            <dependent idx="3">BURNED</dependent>
          </dep>
          <dep type="det">
            <governor idx="2">POLICEMEN</governor>
            <dependent idx="1">THE</dependent>
          </dep>
          <dep type="nsubj">
            <governor idx="3">BURNED</governor>
            <dependent idx="2">POLICEMEN</dependent>
          </dep>
          <dep type="case">
            <governor idx="5">DEATH</governor>
            <dependent idx="4">TO</dependent>
          </dep>
          <dep type="nmod:to">
            <governor idx="3">BURNED</governor>
            <dependent idx="5">DEATH</dependent>
          </dep>
          <dep type="case">
            <governor idx="8">VEHICLE</governor>
            <dependent idx="6">INSIDE</dependent>
          </dep>
          <dep type="nmod:poss">
            <governor idx="8">VEHICLE</governor>
            <dependent idx="7">THEIR</dependent>
          </dep>
          <dep type="nmod:inside">
            <governor idx="5">DEATH</governor>
            <dependent idx="8">VEHICLE</dependent>
          </dep>
          <dep type="case">
            <governor idx="11">SELVA</governor>
            <dependent idx="9">IN</dependent>
          </dep>
          <dep type="compound">
            <governor idx="11">SELVA</governor>
            <dependent idx="10">LA</dependent>
          </dep>
          <dep type="nmod:in">
            <governor idx="3">BURNED</governor>
            <dependent idx="11">SELVA</dependent>
          </dep>
          <dep type="det">
            <governor idx="15">KILOMETERS</governor>
            <dependent idx="13">A</dependent>
          </dep>
          <dep type="amod">
            <governor idx="15">KILOMETERS</governor>
            <dependent idx="14">FEW</dependent>
          </dep>
          <dep type="appos">
            <governor idx="11">SELVA</governor>
            <dependent idx="15">KILOMETERS</dependent>
          </dep>
          <dep type="case">
            <governor idx="17">CHINCHILLA</governor>
            <dependent idx="16">FROM</dependent>
          </dep>
          <dep type="nmod:from">
            <governor idx="3">BURNED</governor>
            <dependent idx="17">CHINCHILLA</dependent>
          </dep>
        </dependencies>
        <dependencies type="collapsed-ccprocessed-dependencies">
          <dep type="root">
            <governor idx="0">ROOT</governor>
            <dependent idx="3">BURNED</dependent>
          </dep>
          <dep type="det">
            <governor idx="2">POLICEMEN</governor>
            <dependent idx="1">THE</dependent>
          </dep>
          <dep type="nsubj">
            <governor idx="3">BURNED</governor>
            <dependent idx="2">POLICEMEN</dependent>
          </dep>
          <dep type="case">
            <governor idx="5">DEATH</governor>
            <dependent idx="4">TO</dependent>
          </dep>
          <dep type="nmod:to">
            <governor idx="3">BURNED</governor>
            <dependent idx="5">DEATH</dependent>
          </dep>
          <dep type="case">
            <governor idx="8">VEHICLE</governor>
            <dependent idx="6">INSIDE</dependent>
          </dep>
          <dep type="nmod:poss">
            <governor idx="8">VEHICLE</governor>
            <dependent idx="7">THEIR</dependent>
          </dep>
          <dep type="nmod:inside">
            <governor idx="5">DEATH</governor>
            <dependent idx="8">VEHICLE</dependent>
          </dep>
          <dep type="case">
            <governor idx="11">SELVA</governor>
            <dependent idx="9">IN</dependent>
          </dep>
          <dep type="compound">
            <governor idx="11">SELVA</governor>
            <dependent idx="10">LA</dependent>
          </dep>
          <dep type="nmod:in">
            <governor idx="3">BURNED</governor>
            <dependent idx="11">SELVA</dependent>
          </dep>
          <dep type="det">
            <governor idx="15">KILOMETERS</governor>
            <dependent idx="13">A</dependent>
          </dep>
          <dep type="amod">
            <governor idx="15">KILOMETERS</governor>
            <dependent idx="14">FEW</dependent>
          </dep>
          <dep type="appos">
            <governor idx="11">SELVA</governor>
            <dependent idx="15">KILOMETERS</dependent>
          </dep>
          <dep type="case">
            <governor idx="17">CHINCHILLA</governor>
            <dependent idx="16">FROM</dependent>
          </dep>
          <dep type="nmod:from">
            <governor idx="3">BURNED</governor>
            <dependent idx="17">CHINCHILLA</dependent>
          </dep>
        </dependencies>
      </sentence>
      <sentence id="3">
        <tokens>
          <token id="1">
            <word>THE</word>
            <lemma>the</lemma>
            <CharacterOffsetBegin>325</CharacterOffsetBegin>
            <CharacterOffsetEnd>328</CharacterOffsetEnd>
            <POS>DT</POS>
            <NER>O</NER>
            <Speaker>PER0</Speaker>
          </token>
          <token id="2">
            <word>POLICEMEN</word>
            <lemma>policeman</lemma>
            <CharacterOffsetBegin>329</CharacterOffsetBegin>
            <CharacterOffsetEnd>338</CharacterOffsetEnd>
            <POS>NNS</POS>
            <NER>O</NER>
            <Speaker>PER0</Speaker>
          </token>
          <token id="3">
            <word>,</word>
            <lemma>,</lemma>
            <CharacterOffsetBegin>338</CharacterOffsetBegin>
            <CharacterOffsetEnd>339</CharacterOffsetEnd>
            <POS>,</POS>
            <NER>O</NER>
            <Speaker>PER0</Speaker>
          </token>
          <token id="4">
            <word>WHO</word>
            <lemma>who</lemma>
            <CharacterOffsetBegin>340</CharacterOffsetBegin>
            <CharacterOffsetEnd>343</CharacterOffsetEnd>
            <POS>WP</POS>
            <NER>O</NER>
            <Speaker>PER0</Speaker>
          </token>
          <token id="5">
            <word>WILL</word>
            <lemma>will</lemma>
            <CharacterOffsetBegin>344</CharacterOffsetBegin>
            <CharacterOffsetEnd>348</CharacterOffsetEnd>
            <POS>MD</POS>
            <NER>O</NER>
            <Speaker>PER0</Speaker>
          </token>
          <token id="6">
            <word>BE</word>
            <lemma>be</lemma>
            <CharacterOffsetBegin>349</CharacterOffsetBegin>
            <CharacterOffsetEnd>351</CharacterOffsetEnd>
            <POS>VB</POS>
            <NER>O</NER>
            <Speaker>PER0</Speaker>
          </token>
          <token id="7">
            <word>BURIED</word>
            <lemma>bury</lemma>
            <CharacterOffsetBegin>352</CharacterOffsetBegin>
            <CharacterOffsetEnd>358</CharacterOffsetEnd>
            <POS>VBN</POS>
            <NER>O</NER>
            <Speaker>PER0</Speaker>
          </token>
          <token id="8">
            <word>TODAY</word>
            <lemma>today</lemma>
            <CharacterOffsetBegin>359</CharacterOffsetBegin>
            <CharacterOffsetEnd>364</CharacterOffsetEnd>
            <POS>NN</POS>
            <NER>DATE</NER>
            <NormalizedNER>THIS P1D</NormalizedNER>
            <Speaker>PER0</Speaker>
            <Timex tid="t3" type="DATE"/>
          </token>
          <token id="9">
            <word>,</word>
            <lemma>,</lemma>
            <CharacterOffsetBegin>364</CharacterOffsetBegin>
            <CharacterOffsetEnd>365</CharacterOffsetEnd>
            <POS>,</POS>
            <NER>O</NER>
            <Speaker>PER0</Speaker>
          </token>
          <token id="10">
            <word>WERE</word>
            <lemma>be</lemma>
            <CharacterOffsetBegin>366</CharacterOffsetBegin>
            <CharacterOffsetEnd>370</CharacterOffsetEnd>
            <POS>VBD</POS>
            <NER>O</NER>
            <Speaker>PER0</Speaker>
          </token>
          <token id="11">
            <word>LIEUTENANT</word>
            <lemma>lieutenant</lemma>
            <CharacterOffsetBegin>371</CharacterOffsetBegin>
            <CharacterOffsetEnd>381</CharacterOffsetEnd>
            <POS>NN</POS>
            <NER>O</NER>
            <Speaker>PER0</Speaker>
          </token>
          <token id="12">
            <word>JESUS</word>
            <lemma>JESUS</lemma>
            <CharacterOffsetBegin>382</CharacterOffsetBegin>
            <CharacterOffsetEnd>387</CharacterOffsetEnd>
            <POS>NNP</POS>
            <NER>PERSON</NER>
            <Speaker>PER0</Speaker>
          </token>
          <token id="13">
            <word>ANTONIO</word>
            <lemma>ANTONIO</lemma>
            <CharacterOffsetBegin>388</CharacterOffsetBegin>
            <CharacterOffsetEnd>395</CharacterOffsetEnd>
            <POS>NNP</POS>
            <NER>PERSON</NER>
            <Speaker>PER0</Speaker>
          </token>
          <token id="14">
            <word>CORDOBA</word>
            <lemma>CORDOBA</lemma>
            <CharacterOffsetBegin>396</CharacterOffsetBegin>
            <CharacterOffsetEnd>403</CharacterOffsetEnd>
            <POS>NNP</POS>
            <NER>PERSON</NER>
            <Speaker>PER0</Speaker>
          </token>
          <token id="15">
            <word>,</word>
            <lemma>,</lemma>
            <CharacterOffsetBegin>403</CharacterOffsetBegin>
            <CharacterOffsetEnd>404</CharacterOffsetEnd>
            <POS>,</POS>
            <NER>O</NER>
            <Speaker>PER0</Speaker>
          </token>
          <token id="16">
            <word>ANTONIO</word>
            <lemma>ANTONIO</lemma>
            <CharacterOffsetBegin>405</CharacterOffsetBegin>
            <CharacterOffsetEnd>412</CharacterOffsetEnd>
            <POS>NNP</POS>
            <NER>PERSON</NER>
            <Speaker>PER0</Speaker>
          </token>
          <token id="17">
            <word>GUILLEN</word>
            <lemma>GUILLEN</lemma>
            <CharacterOffsetBegin>413</CharacterOffsetBegin>
            <CharacterOffsetEnd>420</CharacterOffsetEnd>
            <POS>NNP</POS>
            <NER>PERSON</NER>
            <Speaker>PER0</Speaker>
          </token>
          <token id="18">
            <word>,</word>
            <lemma>,</lemma>
            <CharacterOffsetBegin>420</CharacterOffsetBegin>
            <CharacterOffsetEnd>421</CharacterOffsetEnd>
            <POS>,</POS>
            <NER>O</NER>
            <Speaker>PER0</Speaker>
          </token>
          <token id="19">
            <word>RUBIANO</word>
            <lemma>RUBIANO</lemma>
            <CharacterOffsetBegin>422</CharacterOffsetBegin>
            <CharacterOffsetEnd>429</CharacterOffsetEnd>
            <POS>NNP</POS>
            <NER>PERSON</NER>
            <Speaker>PER0</Speaker>
          </token>
          <token id="20">
            <word>WAPAXMAYO</word>
            <lemma>WAPAXMAYO</lemma>
            <CharacterOffsetBegin>430</CharacterOffsetBegin>
            <CharacterOffsetEnd>439</CharacterOffsetEnd>
            <POS>NNP</POS>
            <NER>PERSON</NER>
            <Speaker>PER0</Speaker>
          </token>
          <token id="21">
            <word>,</word>
            <lemma>,</lemma>
            <CharacterOffsetBegin>439</CharacterOffsetBegin>
            <CharacterOffsetEnd>440</CharacterOffsetEnd>
            <POS>,</POS>
            <NER>O</NER>
            <Speaker>PER0</Speaker>
          </token>
          <token id="22">
            <word>JORGE</word>
            <lemma>JORGE</lemma>
            <CharacterOffsetBegin>441</CharacterOffsetBegin>
            <CharacterOffsetEnd>446</CharacterOffsetEnd>
            <POS>NNP</POS>
            <NER>PERSON</NER>
            <Speaker>PER0</Speaker>
          </token>
          <token id="23">
            <word>PEREZ</word>
            <lemma>PEREZ</lemma>
            <CharacterOffsetBegin>447</CharacterOffsetBegin>
            <CharacterOffsetEnd>452</CharacterOffsetEnd>
            <POS>NNP</POS>
            <NER>PERSON</NER>
            <Speaker>PER0</Speaker>
          </token>
          <token id="24">
            <word>GALLEGOS</word>
            <lemma>GALLEGOS</lemma>
            <CharacterOffsetBegin>453</CharacterOffsetBegin>
            <CharacterOffsetEnd>461</CharacterOffsetEnd>
            <POS>NNP</POS>
            <NER>PERSON</NER>
            <Speaker>PER0</Speaker>
          </token>
          <token id="25">
            <word>,</word>
            <lemma>,</lemma>
            <CharacterOffsetBegin>461</CharacterOffsetBegin>
            <CharacterOffsetEnd>462</CharacterOffsetEnd>
            <POS>,</POS>
            <NER>O</NER>
            <Speaker>PER0</Speaker>
          </token>
          <token id="26">
            <word>AND</word>
            <lemma>and</lemma>
            <CharacterOffsetBegin>463</CharacterOffsetBegin>
            <CharacterOffsetEnd>466</CharacterOffsetEnd>
            <POS>CC</POS>
            <NER>O</NER>
            <Speaker>PER0</Speaker>
          </token>
          <token id="27">
            <word>OSCAR</word>
            <lemma>OSCAR</lemma>
            <CharacterOffsetBegin>467</CharacterOffsetBegin>
            <CharacterOffsetEnd>472</CharacterOffsetEnd>
            <POS>NNP</POS>
            <NER>PERSON</NER>
            <Speaker>PER0</Speaker>
          </token>
          <token id="28">
            <word>CASTANO</word>
            <lemma>CASTANO</lemma>
            <CharacterOffsetBegin>473</CharacterOffsetBegin>
            <CharacterOffsetEnd>480</CharacterOffsetEnd>
            <POS>NNP</POS>
            <NER>PERSON</NER>
            <Speaker>PER0</Speaker>
          </token>
          <token id="29">
            <word>TAMAYO</word>
            <lemma>TAMAYO</lemma>
            <CharacterOffsetBegin>481</CharacterOffsetBegin>
            <CharacterOffsetEnd>487</CharacterOffsetEnd>
            <POS>NNP</POS>
            <NER>PERSON</NER>
            <Speaker>PER0</Speaker>
          </token>
          <token id="30">
            <word>.</word>
            <lemma>.</lemma>
            <CharacterOffsetBegin>487</CharacterOffsetBegin>
            <CharacterOffsetEnd>488</CharacterOffsetEnd>
            <POS>.</POS>
            <NER>O</NER>
            <Speaker>PER0</Speaker>
          </token>
        </tokens>
        <parse>(ROOT (S (NP (NP (DT THE) (NNS POLICEMEN)) (, ,) (SBAR (WHNP (WP WHO)) (S (VP (MD WILL) (VP (VB BE) (VP (VBN BURIED) (NP-TMP (NN TODAY))))))) (, ,)) (VP (VBD WERE) (NP (NP (NN LIEUTENANT) (NNP JESUS) (NNP ANTONIO) (NNP CORDOBA)) (, ,) (NP (NNP ANTONIO) (NNP GUILLEN)) (, ,) (NP (NNP RUBIANO) (NNP WAPAXMAYO)) (, ,) (NP (NNP JORGE) (NNP PEREZ) (NNP GALLEGOS)) (, ,) (CC AND) (NP (NNP OSCAR) (NNP CASTANO) (NNP TAMAYO)))) (. .))) </parse>
        <dependencies type="basic-dependencies">
          <dep type="root">
            <governor idx="0">ROOT</governor>
            <dependent idx="14">CORDOBA</dependent>
          </dep>
          <dep type="det">
            <governor idx="2">POLICEMEN</governor>
            <dependent idx="1">THE</dependent>
          </dep>
          <dep type="nsubj">
            <governor idx="14">CORDOBA</governor>
            <dependent idx="2">POLICEMEN</dependent>
          </dep>
          <dep type="nsubjpass">
            <governor idx="7">BURIED</governor>
            <dependent idx="4">WHO</dependent>
          </dep>
          <dep type="aux">
            <governor idx="7">BURIED</governor>
            <dependent idx="5">WILL</dependent>
          </dep>
          <dep type="auxpass">
            <governor idx="7">BURIED</governor>
            <dependent idx="6">BE</dependent>
          </dep>
          <dep type="acl:relcl">
            <governor idx="2">POLICEMEN</governor>
            <dependent idx="7">BURIED</dependent>
          </dep>
          <dep type="nmod:tmod">
            <governor idx="7">BURIED</governor>
            <dependent idx="8">TODAY</dependent>
          </dep>
          <dep type="cop">
            <governor idx="14">CORDOBA</governor>
            <dependent idx="10">WERE</dependent>
          </dep>
          <dep type="compound">
            <governor idx="14">CORDOBA</governor>
            <dependent idx="11">LIEUTENANT</dependent>
          </dep>
          <dep type="compound">
            <governor idx="14">CORDOBA</governor>
            <dependent idx="12">JESUS</dependent>
          </dep>
          <dep type="compound">
            <governor idx="14">CORDOBA</governor>
            <dependent idx="13">ANTONIO</dependent>
          </dep>
          <dep type="compound">
            <governor idx="17">GUILLEN</governor>
            <dependent idx="16">ANTONIO</dependent>
          </dep>
          <dep type="conj">
            <governor idx="14">CORDOBA</governor>
            <dependent idx="17">GUILLEN</dependent>
          </dep>
          <dep type="compound">
            <governor idx="20">WAPAXMAYO</governor>
            <dependent idx="19">RUBIANO</dependent>
          </dep>
          <dep type="conj">
            <governor idx="14">CORDOBA</governor>
            <dependent idx="20">WAPAXMAYO</dependent>
          </dep>
          <dep type="compound">
            <governor idx="24">GALLEGOS</governor>
            <dependent idx="22">JORGE</dependent>
          </dep>
          <dep type="compound">
            <governor idx="24">GALLEGOS</governor>
            <dependent idx="23">PEREZ</dependent>
          </dep>
          <dep type="conj">
            <governor idx="14">CORDOBA</governor>
            <dependent idx="24">GALLEGOS</dependent>
          </dep>
          <dep type="cc">
            <governor idx="14">CORDOBA</governor>
            <dependent idx="26">AND</dependent>
          </dep>
          <dep type="compound">
            <governor idx="29">TAMAYO</governor>
            <dependent idx="27">OSCAR</dependent>
          </dep>
          <dep type="compound">
            <governor idx="29">TAMAYO</governor>
            <dependent idx="28">CASTANO</dependent>
          </dep>
          <dep type="conj">
            <governor idx="14">CORDOBA</governor>
            <dependent idx="29">TAMAYO</dependent>
          </dep>
        </dependencies>
        <dependencies type="collapsed-dependencies">
          <dep type="root">
            <governor idx="0">ROOT</governor>
            <dependent idx="14">CORDOBA</dependent>
          </dep>
          <dep type="det">
            <governor idx="2">POLICEMEN</governor>
            <dependent idx="1">THE</dependent>
          </dep>
          <dep type="nsubj">
            <governor idx="14">CORDOBA</governor>
            <dependent idx="2">POLICEMEN</dependent>
          </dep>
          <dep type="nsubjpass">
            <governor idx="7">BURIED</governor>
            <dependent idx="4">WHO</dependent>
          </dep>
          <dep type="aux">
            <governor idx="7">BURIED</governor>
            <dependent idx="5">WILL</dependent>
          </dep>
          <dep type="auxpass">
            <governor idx="7">BURIED</governor>
            <dependent idx="6">BE</dependent>
          </dep>
          <dep type="acl:relcl">
            <governor idx="2">POLICEMEN</governor>
            <dependent idx="7">BURIED</dependent>
          </dep>
          <dep type="nmod:tmod">
            <governor idx="7">BURIED</governor>
            <dependent idx="8">TODAY</dependent>
          </dep>
          <dep type="cop">
            <governor idx="14">CORDOBA</governor>
            <dependent idx="10">WERE</dependent>
          </dep>
          <dep type="compound">
            <governor idx="14">CORDOBA</governor>
            <dependent idx="11">LIEUTENANT</dependent>
          </dep>
          <dep type="compound">
            <governor idx="14">CORDOBA</governor>
            <dependent idx="12">JESUS</dependent>
          </dep>
          <dep type="compound">
            <governor idx="14">CORDOBA</governor>
            <dependent idx="13">ANTONIO</dependent>
          </dep>
          <dep type="compound">
            <governor idx="17">GUILLEN</governor>
            <dependent idx="16">ANTONIO</dependent>
          </dep>
          <dep type="conj:and">
            <governor idx="14">CORDOBA</governor>
            <dependent idx="17">GUILLEN</dependent>
          </dep>
          <dep type="compound">
            <governor idx="20">WAPAXMAYO</governor>
            <dependent idx="19">RUBIANO</dependent>
          </dep>
          <dep type="conj:and">
            <governor idx="14">CORDOBA</governor>
            <dependent idx="20">WAPAXMAYO</dependent>
          </dep>
          <dep type="compound">
            <governor idx="24">GALLEGOS</governor>
            <dependent idx="22">JORGE</dependent>
          </dep>
          <dep type="compound">
            <governor idx="24">GALLEGOS</governor>
            <dependent idx="23">PEREZ</dependent>
          </dep>
          <dep type="conj:and">
            <governor idx="14">CORDOBA</governor>
            <dependent idx="24">GALLEGOS</dependent>
          </dep>
          <dep type="cc">
            <governor idx="14">CORDOBA</governor>
            <dependent idx="26">AND</dependent>
          </dep>
          <dep type="compound">
            <governor idx="29">TAMAYO</governor>
            <dependent idx="27">OSCAR</dependent>
          </dep>
          <dep type="compound">
            <governor idx="29">TAMAYO</governor>
            <dependent idx="28">CASTANO</dependent>
          </dep>
          <dep type="conj:and">
            <governor idx="14">CORDOBA</governor>
            <dependent idx="29">TAMAYO</dependent>
          </dep>
        </dependencies>
        <dependencies type="collapsed-ccprocessed-dependencies">
          <dep type="root">
            <governor idx="0">ROOT</governor>
            <dependent idx="14">CORDOBA</dependent>
          </dep>
          <dep type="det">
            <governor idx="2">POLICEMEN</governor>
            <dependent idx="1">THE</dependent>
          </dep>
          <dep type="nsubj">
            <governor idx="14">CORDOBA</governor>
            <dependent idx="2">POLICEMEN</dependent>
          </dep>
          <dep type="nsubjpass">
            <governor idx="7">BURIED</governor>
            <dependent idx="4">WHO</dependent>
          </dep>
          <dep type="aux">
            <governor idx="7">BURIED</governor>
            <dependent idx="5">WILL</dependent>
          </dep>
          <dep type="auxpass">
            <governor idx="7">BURIED</governor>
            <dependent idx="6">BE</dependent>
          </dep>
          <dep type="acl:relcl">
            <governor idx="2">POLICEMEN</governor>
            <dependent idx="7">BURIED</dependent>
          </dep>
          <dep type="nmod:tmod">
            <governor idx="7">BURIED</governor>
            <dependent idx="8">TODAY</dependent>
          </dep>
          <dep type="cop">
            <governor idx="14">CORDOBA</governor>
            <dependent idx="10">WERE</dependent>
          </dep>
          <dep type="compound">
            <governor idx="14">CORDOBA</governor>
            <dependent idx="11">LIEUTENANT</dependent>
          </dep>
          <dep type="compound">
            <governor idx="14">CORDOBA</governor>
            <dependent idx="12">JESUS</dependent>
          </dep>
          <dep type="compound">
            <governor idx="14">CORDOBA</governor>
            <dependent idx="13">ANTONIO</dependent>
          </dep>
          <dep type="compound">
            <governor idx="17">GUILLEN</governor>
            <dependent idx="16">ANTONIO</dependent>
          </dep>
          <dep type="conj:and">
            <governor idx="14">CORDOBA</governor>
            <dependent idx="17">GUILLEN</dependent>
          </dep>
          <dep type="compound">
            <governor idx="20">WAPAXMAYO</governor>
            <dependent idx="19">RUBIANO</dependent>
          </dep>
          <dep type="conj:and">
            <governor idx="14">CORDOBA</governor>
            <dependent idx="20">WAPAXMAYO</dependent>
          </dep>
          <dep type="compound">
            <governor idx="24">GALLEGOS</governor>
            <dependent idx="22">JORGE</dependent>
          </dep>
          <dep type="compound">
            <governor idx="24">GALLEGOS</governor>
            <dependent idx="23">PEREZ</dependent>
          </dep>
          <dep type="conj:and">
            <governor idx="14">CORDOBA</governor>
            <dependent idx="24">GALLEGOS</dependent>
          </dep>
          <dep type="cc">
            <governor idx="14">CORDOBA</governor>
            <dependent idx="26">AND</dependent>
          </dep>
          <dep type="compound">
            <governor idx="29">TAMAYO</governor>
            <dependent idx="27">OSCAR</dependent>
          </dep>
          <dep type="compound">
            <governor idx="29">TAMAYO</governor>
            <dependent idx="28">CASTANO</dependent>
          </dep>
          <dep type="conj:and">
            <governor idx="14">CORDOBA</governor>
            <dependent idx="29">TAMAYO</dependent>
          </dep>
        </dependencies>
      </sentence>
    </sentences>
    <coreference>
      <coreference>
        <mention representative="true">
          <sentence>1</sentence>
          <start>7</start>
          <end>10</end>
          <head>7</head>
          <text>25 JAN 89</text>
        </mention>
        <mention>
          <sentence>1</sentence>
          <start>1</start>
          <end>6</end>
          <head>1</head>
          <text>DEV-MUC3-0055 -LRB- NOSC -RRB- BOGOTA</text>
        </mention>
        <mention>
          <sentence>1</sentence>
          <start>12</start>
          <end>16</end>
          <head>12</head>
          <text>TEXT -RSB- A SEARCH</text>
        </mention>
      </coreference>
      <coreference>
        <mention representative="true">
          <sentence>1</sentence>
          <start>43</start>
          <end>45</end>
          <head>44</head>
          <text>RISARALDA DEPARTMENT</text>
        </mention>
        <mention>
          <sentence>1</sentence>
          <start>38</start>
          <end>42</end>
          <head>39</head>
          <text>-LSB- WORD INDISTINCT -RSB-</text>
        </mention>
      </coreference>
      <coreference>
        <mention representative="true">
          <sentence>3</sentence>
          <start>1</start>
          <end>9</end>
          <head>2</head>
          <text>THE POLICEMEN , WHO WILL BE BURIED TODAY</text>
        </mention>
        <mention>
          <sentence>2</sentence>
          <start>1</start>
          <end>3</end>
          <head>2</head>
          <text>THE POLICEMEN</text>
        </mention>
        <mention>
          <sentence>2</sentence>
          <start>7</start>
          <end>8</end>
          <head>7</head>
          <text>THEIR</text>
        </mention>
        <mention>
          <sentence>3</sentence>
          <start>1</start>
          <end>3</end>
          <head>2</head>
          <text>THE POLICEMEN</text>
        </mention>
      </coreference>
    </coreference>
  </document>
</root>
