<?xml version="1.0" encoding="ASCII"?>
<?xml-stylesheet href="CoreNLP-to-HTML.xsl" type="text/xsl"?>
<root>
  <document>
    <sentences>
      <sentence id="1">
        <tokens>
          <token id="1">
            <word>DEV-MUC3-0056</word>
            <lemma>dev-muc3-0056</lemma>
            <CharacterOffsetBegin>0</CharacterOffsetBegin>
            <CharacterOffsetEnd>13</CharacterOffsetEnd>
            <POS>NN</POS>
            <NER>O</NER>
            <Speaker>PER0</Speaker>
          </token>
          <token id="2">
            <word>-LRB-</word>
            <lemma>-lrb-</lemma>
            <CharacterOffsetBegin>14</CharacterOffsetBegin>
            <CharacterOffsetEnd>15</CharacterOffsetEnd>
            <POS>-LRB-</POS>
            <NER>O</NER>
            <Speaker>PER0</Speaker>
          </token>
          <token id="3">
            <word>NOSC</word>
            <lemma>nosc</lemma>
            <CharacterOffsetBegin>15</CharacterOffsetBegin>
            <CharacterOffsetEnd>19</CharacterOffsetEnd>
            <POS>NN</POS>
            <NER>ORGANIZATION</NER>
            <Speaker>PER0</Speaker>
          </token>
          <token id="4">
            <word>-RRB-</word>
            <lemma>-rrb-</lemma>
            <CharacterOffsetBegin>19</CharacterOffsetBegin>
            <CharacterOffsetEnd>20</CharacterOffsetEnd>
            <POS>-RRB-</POS>
            <NER>O</NER>
            <Speaker>PER0</Speaker>
          </token>
          <token id="5">
            <word>BOGOTA</word>
            <lemma>BOGOTA</lemma>
            <CharacterOffsetBegin>25</CharacterOffsetBegin>
            <CharacterOffsetEnd>31</CharacterOffsetEnd>
            <POS>NNP</POS>
            <NER>LOCATION</NER>
            <Speaker>PER0</Speaker>
          </token>
          <token id="6">
            <word>,</word>
            <lemma>,</lemma>
            <CharacterOffsetBegin>31</CharacterOffsetBegin>
            <CharacterOffsetEnd>32</CharacterOffsetEnd>
            <POS>,</POS>
            <NER>O</NER>
            <Speaker>PER0</Speaker>
          </token>
          <token id="7">
            <word>21</word>
            <lemma>21</lemma>
            <CharacterOffsetBegin>33</CharacterOffsetBegin>
            <CharacterOffsetEnd>35</CharacterOffsetEnd>
            <POS>CD</POS>
            <NER>DATE</NER>
            <NormalizedNER>XXXX-01-21</NormalizedNER>
            <Speaker>PER0</Speaker>
            <Timex tid="t1" type="DATE">XXXX-01-21</Timex>
          </token>
          <token id="8">
            <word>JAN</word>
            <lemma>JAN</lemma>
            <CharacterOffsetBegin>36</CharacterOffsetBegin>
            <CharacterOffsetEnd>39</CharacterOffsetEnd>
            <POS>NNP</POS>
            <NER>DATE</NER>
            <NormalizedNER>XXXX-01-21</NormalizedNER>
            <Speaker>PER0</Speaker>
            <Timex tid="t1" type="DATE">XXXX-01-21</Timex>
          </token>
          <token id="9">
            <word>89</word>
            <lemma>89</lemma>
            <CharacterOffsetBegin>40</CharacterOffsetBegin>
            <CharacterOffsetEnd>42</CharacterOffsetEnd>
            <POS>CD</POS>
            <NER>NUMBER</NER>
            <NormalizedNER>89.0</NormalizedNER>
            <Speaker>PER0</Speaker>
          </token>
          <token id="10">
            <word>--</word>
            <lemma>--</lemma>
            <CharacterOffsetBegin>43</CharacterOffsetBegin>
            <CharacterOffsetEnd>45</CharacterOffsetEnd>
            <POS>:</POS>
            <NER>O</NER>
            <Speaker>PER0</Speaker>
          </token>
          <token id="11">
            <word>-LSB-</word>
            <lemma>-lsb-</lemma>
            <CharacterOffsetBegin>46</CharacterOffsetBegin>
            <CharacterOffsetEnd>47</CharacterOffsetEnd>
            <POS>-LRB-</POS>
            <NER>O</NER>
            <Speaker>PER0</Speaker>
          </token>
          <token id="12">
            <word>SUMMARY</word>
            <lemma>summary</lemma>
            <CharacterOffsetBegin>47</CharacterOffsetBegin>
            <CharacterOffsetEnd>54</CharacterOffsetEnd>
            <POS>NN</POS>
            <NER>O</NER>
            <Speaker>PER0</Speaker>
          </token>
          <token id="13">
            <word>-RSB-</word>
            <lemma>-rsb-</lemma>
            <CharacterOffsetBegin>54</CharacterOffsetBegin>
            <CharacterOffsetEnd>55</CharacterOffsetEnd>
            <POS>-RRB-</POS>
            <NER>O</NER>
            <Speaker>PER0</Speaker>
          </token>
          <token id="14">
            <word>EL</word>
            <lemma>EL</lemma>
            <CharacterOffsetBegin>56</CharacterOffsetBegin>
            <CharacterOffsetEnd>58</CharacterOffsetEnd>
            <POS>NNP</POS>
            <NER>LOCATION</NER>
            <Speaker>PER0</Speaker>
          </token>
          <token id="15">
            <word>TIEMPO</word>
            <lemma>TIEMPO</lemma>
            <CharacterOffsetBegin>59</CharacterOffsetBegin>
            <CharacterOffsetEnd>65</CharacterOffsetEnd>
            <POS>NNP</POS>
            <NER>LOCATION</NER>
            <Speaker>PER0</Speaker>
          </token>
          <token id="16">
            <word>HAS</word>
            <lemma>have</lemma>
            <CharacterOffsetBegin>66</CharacterOffsetBegin>
            <CharacterOffsetEnd>69</CharacterOffsetEnd>
            <POS>VBZ</POS>
            <NER>O</NER>
            <Speaker>PER0</Speaker>
          </token>
          <token id="17">
            <word>LEARNED</word>
            <lemma>learn</lemma>
            <CharacterOffsetBegin>70</CharacterOffsetBegin>
            <CharacterOffsetEnd>77</CharacterOffsetEnd>
            <POS>VBN</POS>
            <NER>O</NER>
            <Speaker>PER0</Speaker>
          </token>
          <token id="18">
            <word>THAT</word>
            <lemma>that</lemma>
            <CharacterOffsetBegin>78</CharacterOffsetBegin>
            <CharacterOffsetEnd>82</CharacterOffsetEnd>
            <POS>IN</POS>
            <NER>O</NER>
            <Speaker>PER0</Speaker>
          </token>
          <token id="19">
            <word>OIL</word>
            <lemma>oil</lemma>
            <CharacterOffsetBegin>83</CharacterOffsetBegin>
            <CharacterOffsetEnd>86</CharacterOffsetEnd>
            <POS>NN</POS>
            <NER>O</NER>
            <Speaker>PER0</Speaker>
          </token>
          <token id="20">
            <word>REVENUE</word>
            <lemma>revenue</lemma>
            <CharacterOffsetBegin>87</CharacterOffsetBegin>
            <CharacterOffsetEnd>94</CharacterOffsetEnd>
            <POS>NN</POS>
            <NER>O</NER>
            <Speaker>PER0</Speaker>
          </token>
          <token id="21">
            <word>DROPPED</word>
            <lemma>drop</lemma>
            <CharacterOffsetBegin>95</CharacterOffsetBegin>
            <CharacterOffsetEnd>102</CharacterOffsetEnd>
            <POS>VBN</POS>
            <NER>O</NER>
            <Speaker>PER0</Speaker>
          </token>
          <token id="22">
            <word>BY</word>
            <lemma>by</lemma>
            <CharacterOffsetBegin>103</CharacterOffsetBegin>
            <CharacterOffsetEnd>105</CharacterOffsetEnd>
            <POS>IN</POS>
            <NER>O</NER>
            <Speaker>PER0</Speaker>
          </token>
          <token id="23">
            <word>$</word>
            <lemma>$</lemma>
            <CharacterOffsetBegin>106</CharacterOffsetBegin>
            <CharacterOffsetEnd>107</CharacterOffsetEnd>
            <POS>$</POS>
            <NER>MONEY</NER>
            <NormalizedNER>$2.011E8</NormalizedNER>
            <Speaker>PER0</Speaker>
          </token>
          <token id="24">
            <word>201.1</word>
            <lemma>201.1</lemma>
            <CharacterOffsetBegin>107</CharacterOffsetBegin>
            <CharacterOffsetEnd>112</CharacterOffsetEnd>
            <POS>CD</POS>
            <NER>MONEY</NER>
            <NormalizedNER>$2.011E8</NormalizedNER>
            <Speaker>PER0</Speaker>
          </token>
          <token id="25">
            <word>MILLION</word>
            <lemma>million</lemma>
            <CharacterOffsetBegin>113</CharacterOffsetBegin>
            <CharacterOffsetEnd>120</CharacterOffsetEnd>
            <POS>CD</POS>
            <NER>MONEY</NER>
            <NormalizedNER>$2.011E8</NormalizedNER>
            <Speaker>PER0</Speaker>
          </token>
          <token id="26">
            <word>IN</word>
            <lemma>in</lemma>
            <CharacterOffsetBegin>121</CharacterOffsetBegin>
            <CharacterOffsetEnd>123</CharacterOffsetEnd>
            <POS>IN</POS>
            <NER>O</NER>
            <Speaker>PER0</Speaker>
          </token>
          <token id="27">
            <word>1988</word>
            <lemma>1988</lemma>
            <CharacterOffsetBegin>124</CharacterOffsetBegin>
            <CharacterOffsetEnd>128</CharacterOffsetEnd>
            <POS>CD</POS>
            <NER>DATE</NER>
            <NormalizedNER>1988</NormalizedNER>
            <Speaker>PER0</Speaker>
            <Timex tid="t2" type="DATE">1988</Timex>
          </token>
          <token id="28">
            <word>,</word>
            <lemma>,</lemma>
            <CharacterOffsetBegin>128</CharacterOffsetBegin>
            <CharacterOffsetEnd>129</CharacterOffsetEnd>
            <POS>,</POS>
            <NER>O</NER>
            <Speaker>PER0</Speaker>
          </token>
          <token id="29">
            <word>WHILE</word>
            <lemma>while</lemma>
            <CharacterOffsetBegin>130</CharacterOffsetBegin>
            <CharacterOffsetEnd>135</CharacterOffsetEnd>
            <POS>IN</POS>
            <NER>O</NER>
            <Speaker>PER0</Speaker>
          </token>
          <token id="30">
            <word>GASOLINE</word>
            <lemma>gasoline</lemma>
            <CharacterOffsetBegin>136</CharacterOffsetBegin>
            <CharacterOffsetEnd>144</CharacterOffsetEnd>
            <POS>NN</POS>
            <NER>O</NER>
            <Speaker>PER0</Speaker>
          </token>
          <token id="31">
            <word>IMPORTS</word>
            <lemma>import</lemma>
            <CharacterOffsetBegin>145</CharacterOffsetBegin>
            <CharacterOffsetEnd>152</CharacterOffsetEnd>
            <POS>NNS</POS>
            <NER>O</NER>
            <Speaker>PER0</Speaker>
          </token>
          <token id="32">
            <word>JUMPED</word>
            <lemma>jump</lemma>
            <CharacterOffsetBegin>153</CharacterOffsetBegin>
            <CharacterOffsetEnd>159</CharacterOffsetEnd>
            <POS>VBD</POS>
            <NER>O</NER>
            <Speaker>PER0</Speaker>
          </token>
          <token id="33">
            <word>FROM</word>
            <lemma>from</lemma>
            <CharacterOffsetBegin>160</CharacterOffsetBegin>
            <CharacterOffsetEnd>164</CharacterOffsetEnd>
            <POS>IN</POS>
            <NER>O</NER>
            <Speaker>PER0</Speaker>
          </token>
          <token id="34">
            <word>$</word>
            <lemma>$</lemma>
            <CharacterOffsetBegin>165</CharacterOffsetBegin>
            <CharacterOffsetEnd>166</CharacterOffsetEnd>
            <POS>$</POS>
            <NER>MONEY</NER>
            <NormalizedNER>$9.95E7</NormalizedNER>
            <Speaker>PER0</Speaker>
          </token>
          <token id="35">
            <word>99.5</word>
            <lemma>99.5</lemma>
            <CharacterOffsetBegin>166</CharacterOffsetBegin>
            <CharacterOffsetEnd>170</CharacterOffsetEnd>
            <POS>CD</POS>
            <NER>MONEY</NER>
            <NormalizedNER>$9.95E7</NormalizedNER>
            <Speaker>PER0</Speaker>
          </token>
          <token id="36">
            <word>MILLION</word>
            <lemma>million</lemma>
            <CharacterOffsetBegin>171</CharacterOffsetBegin>
            <CharacterOffsetEnd>178</CharacterOffsetEnd>
            <POS>CD</POS>
            <NER>MONEY</NER>
            <NormalizedNER>$9.95E7</NormalizedNER>
            <Speaker>PER0</Speaker>
          </token>
          <token id="37">
            <word>IN</word>
            <lemma>in</lemma>
            <CharacterOffsetBegin>179</CharacterOffsetBegin>
            <CharacterOffsetEnd>181</CharacterOffsetEnd>
            <POS>IN</POS>
            <NER>O</NER>
            <Speaker>PER0</Speaker>
          </token>
          <token id="38">
            <word>1987</word>
            <lemma>1987</lemma>
            <CharacterOffsetBegin>182</CharacterOffsetBegin>
            <CharacterOffsetEnd>186</CharacterOffsetEnd>
            <POS>CD</POS>
            <NER>DATE</NER>
            <NormalizedNER>1987</NormalizedNER>
            <Speaker>PER0</Speaker>
            <Timex tid="t3" type="DATE">1987</Timex>
          </token>
          <token id="39">
            <word>TO</word>
            <lemma>to</lemma>
            <CharacterOffsetBegin>187</CharacterOffsetBegin>
            <CharacterOffsetEnd>189</CharacterOffsetEnd>
            <POS>TO</POS>
            <NER>O</NER>
            <Speaker>PER0</Speaker>
          </token>
          <token id="40">
            <word>$</word>
            <lemma>$</lemma>
            <CharacterOffsetBegin>190</CharacterOffsetBegin>
            <CharacterOffsetEnd>191</CharacterOffsetEnd>
            <POS>$</POS>
            <NER>MONEY</NER>
            <NormalizedNER>$1.557E8</NormalizedNER>
            <Speaker>PER0</Speaker>
          </token>
          <token id="41">
            <word>155.7</word>
            <lemma>155.7</lemma>
            <CharacterOffsetBegin>191</CharacterOffsetBegin>
            <CharacterOffsetEnd>196</CharacterOffsetEnd>
            <POS>CD</POS>
            <NER>MONEY</NER>
            <NormalizedNER>$1.557E8</NormalizedNER>
            <Speaker>PER0</Speaker>
          </token>
          <token id="42">
            <word>MILLION</word>
            <lemma>million</lemma>
            <CharacterOffsetBegin>197</CharacterOffsetBegin>
            <CharacterOffsetEnd>204</CharacterOffsetEnd>
            <POS>CD</POS>
            <NER>MONEY</NER>
            <NormalizedNER>$1.557E8</NormalizedNER>
            <Speaker>PER0</Speaker>
          </token>
          <token id="43">
            <word>IN</word>
            <lemma>in</lemma>
            <CharacterOffsetBegin>205</CharacterOffsetBegin>
            <CharacterOffsetEnd>207</CharacterOffsetEnd>
            <POS>IN</POS>
            <NER>O</NER>
            <Speaker>PER0</Speaker>
          </token>
          <token id="44">
            <word>1988</word>
            <lemma>1988</lemma>
            <CharacterOffsetBegin>208</CharacterOffsetBegin>
            <CharacterOffsetEnd>212</CharacterOffsetEnd>
            <POS>CD</POS>
            <NER>DATE</NER>
            <NormalizedNER>1988</NormalizedNER>
            <Speaker>PER0</Speaker>
            <Timex tid="t4" type="DATE">1988</Timex>
          </token>
          <token id="45">
            <word>.</word>
            <lemma>.</lemma>
            <CharacterOffsetBegin>212</CharacterOffsetBegin>
            <CharacterOffsetEnd>213</CharacterOffsetEnd>
            <POS>.</POS>
            <NER>O</NER>
            <Speaker>PER0</Speaker>
          </token>
        </tokens>
        <parse>(ROOT (S (NP (NP (NP (NN DEV-MUC3-0056)) (PRN (-LRB- -LRB-) (NP (NN NOSC)) (-RRB- -RRB-)) (NP (NNP BOGOTA))) (, ,) (NP (NP (CD 21)) (NP-TMP (NNP JAN) (CD 89))) (: --) (-LRB- -LSB-) (NP (NP (NN SUMMARY)) (PP (-RRB- -RSB-) (NP (NNP EL) (NNP TIEMPO))))) (VP (VBZ HAS) (VP (VBN LEARNED) (SBAR (IN THAT) (S (NP (NN OIL) (NN REVENUE)) (VP (VBN DROPPED) (PP (IN BY) (NP (QP ($ $) (CD 201.1) (CD MILLION)))) (PP (IN IN) (NP (CD 1988))) (, ,) (SBAR (IN WHILE) (S (NP (NN GASOLINE) (NNS IMPORTS)) (VP (VBD JUMPED) (PP (IN FROM) (NP (NP (QP ($ $) (CD 99.5) (CD MILLION))) (PP (IN IN) (NP (CD 1987))))) (PP (TO TO) (NP (QP ($ $) (CD 155.7) (CD MILLION)))) (PP (IN IN) (NP (CD 1988))))))))))) (. .))) </parse>
        <dependencies type="basic-dependencies">
          <dep type="root">
            <governor idx="0">ROOT</governor>
            <dependent idx="17">LEARNED</dependent>
          </dep>
          <dep type="nsubj">
            <governor idx="17">LEARNED</governor>
            <dependent idx="1">DEV-MUC3-0056</dependent>
          </dep>
          <dep type="appos">
            <governor idx="1">DEV-MUC3-0056</governor>
            <dependent idx="3">NOSC</dependent>
          </dep>
          <dep type="dep">
            <governor idx="1">DEV-MUC3-0056</governor>
            <dependent idx="5">BOGOTA</dependent>
          </dep>
          <dep type="appos">
            <governor idx="1">DEV-MUC3-0056</governor>
            <dependent idx="7">21</dependent>
          </dep>
          <dep type="nmod:tmod">
            <governor idx="7">21</governor>
            <dependent idx="8">JAN</dependent>
          </dep>
          <dep type="nummod">
            <governor idx="8">JAN</governor>
            <dependent idx="9">89</dependent>
          </dep>
          <dep type="dep">
            <governor idx="1">DEV-MUC3-0056</governor>
            <dependent idx="12">SUMMARY</dependent>
          </dep>
          <dep type="compound">
            <governor idx="15">TIEMPO</governor>
            <dependent idx="14">EL</dependent>
          </dep>
          <dep type="nmod">
            <governor idx="12">SUMMARY</governor>
            <dependent idx="15">TIEMPO</dependent>
          </dep>
          <dep type="aux">
            <governor idx="17">LEARNED</governor>
            <dependent idx="16">HAS</dependent>
          </dep>
          <dep type="mark">
            <governor idx="21">DROPPED</governor>
            <dependent idx="18">THAT</dependent>
          </dep>
          <dep type="compound">
            <governor idx="20">REVENUE</governor>
            <dependent idx="19">OIL</dependent>
          </dep>
          <dep type="nsubj">
            <governor idx="21">DROPPED</governor>
            <dependent idx="20">REVENUE</dependent>
          </dep>
          <dep type="ccomp">
            <governor idx="17">LEARNED</governor>
            <dependent idx="21">DROPPED</dependent>
          </dep>
          <dep type="case">
            <governor idx="23">$</governor>
            <dependent idx="22">BY</dependent>
          </dep>
          <dep type="nmod">
            <governor idx="21">DROPPED</governor>
            <dependent idx="23">$</dependent>
          </dep>
          <dep type="compound">
            <governor idx="25">MILLION</governor>
            <dependent idx="24">201.1</dependent>
          </dep>
          <dep type="nummod">
            <governor idx="23">$</governor>
            <dependent idx="25">MILLION</dependent>
          </dep>
          <dep type="case">
            <governor idx="27">1988</governor>
            <dependent idx="26">IN</dependent>
          </dep>
          <dep type="nmod">
            <governor idx="21">DROPPED</governor>
            <dependent idx="27">1988</dependent>
          </dep>
          <dep type="mark">
            <governor idx="32">JUMPED</governor>
            <dependent idx="29">WHILE</dependent>
          </dep>
          <dep type="compound">
            <governor idx="31">IMPORTS</governor>
            <dependent idx="30">GASOLINE</dependent>
          </dep>
          <dep type="nsubj">
            <governor idx="32">JUMPED</governor>
            <dependent idx="31">IMPORTS</dependent>
          </dep>
          <dep type="advcl">
            <governor idx="21">DROPPED</governor>
            <dependent idx="32">JUMPED</dependent>
          </dep>
          <dep type="case">
            <governor idx="34">$</governor>
            <dependent idx="33">FROM</dependent>
          </dep>
          <dep type="nmod">
            <governor idx="32">JUMPED</governor>
            <dependent idx="34">$</dependent>
          </dep>
          <dep type="compound">
            <governor idx="36">MILLION</governor>
            <dependent idx="35">99.5</dependent>
          </dep>
          <dep type="nummod">
            <governor idx="34">$</governor>
            <dependent idx="36">MILLION</dependent>
          </dep>
          <dep type="case">
            <governor idx="38">1987</governor>
            <dependent idx="37">IN</dependent>
          </dep>
          <dep type="nmod">
            <governor idx="34">$</governor>
            <dependent idx="38">1987</dependent>
          </dep>
          <dep type="case">
            <governor idx="40">$</governor>
            <dependent idx="39">TO</dependent>
          </dep>
          <dep type="nmod">
            <governor idx="32">JUMPED</governor>
            <dependent idx="40">$</dependent>
          </dep>
          <dep type="compound">
            <governor idx="42">MILLION</governor>
            <dependent idx="41">155.7</dependent>
          </dep>
          <dep type="nummod">
            <governor idx="40">$</governor>
            <dependent idx="42">MILLION</dependent>
          </dep>
          <dep type="case">
            <governor idx="44">1988</governor>
            <dependent idx="43">IN</dependent>
          </dep>
          <dep type="nmod">
            <governor idx="32">JUMPED</governor>
            <dependent idx="44">1988</dependent>
          </dep>
        </dependencies>
        <dependencies type="collapsed-dependencies">
          <dep type="root">
            <governor idx="0">ROOT</governor>
            <dependent idx="17">LEARNED</dependent>
          </dep>
          <dep type="nsubj">
            <governor idx="17">LEARNED</governor>
            <dependent idx="1">DEV-MUC3-0056</dependent>
          </dep>
          <dep type="appos">
            <governor idx="1">DEV-MUC3-0056</governor>
            <dependent idx="3">NOSC</dependent>
          </dep>
          <dep type="dep">
            <governor idx="1">DEV-MUC3-0056</governor>
            <dependent idx="5">BOGOTA</dependent>
          </dep>
          <dep type="appos">
            <governor idx="1">DEV-MUC3-0056</governor>
            <dependent idx="7">21</dependent>
          </dep>
          <dep type="nmod:tmod">
            <governor idx="7">21</governor>
            <dependent idx="8">JAN</dependent>
          </dep>
          <dep type="nummod">
            <governor idx="8">JAN</governor>
            <dependent idx="9">89</dependent>
          </dep>
          <dep type="dep">
            <governor idx="1">DEV-MUC3-0056</governor>
            <dependent idx="12">SUMMARY</dependent>
          </dep>
          <dep type="compound">
            <governor idx="15">TIEMPO</governor>
            <dependent idx="14">EL</dependent>
          </dep>
          <dep type="nmod">
            <governor idx="12">SUMMARY</governor>
            <dependent idx="15">TIEMPO</dependent>
          </dep>
          <dep type="aux">
            <governor idx="17">LEARNED</governor>
            <dependent idx="16">HAS</dependent>
          </dep>
          <dep type="mark">
            <governor idx="21">DROPPED</governor>
            <dependent idx="18">THAT</dependent>
          </dep>
          <dep type="compound">
            <governor idx="20">REVENUE</governor>
            <dependent idx="19">OIL</dependent>
          </dep>
          <dep type="nsubj">
            <governor idx="21">DROPPED</governor>
            <dependent idx="20">REVENUE</dependent>
          </dep>
          <dep type="ccomp">
            <governor idx="17">LEARNED</governor>
            <dependent idx="21">DROPPED</dependent>
          </dep>
          <dep type="case">
            <governor idx="23">$</governor>
            <dependent idx="22">BY</dependent>
          </dep>
          <dep type="nmod:by">
            <governor idx="21">DROPPED</governor>
            <dependent idx="23">$</dependent>
          </dep>
          <dep type="compound">
            <governor idx="25">MILLION</governor>
            <dependent idx="24">201.1</dependent>
          </dep>
          <dep type="nummod">
            <governor idx="23">$</governor>
            <dependent idx="25">MILLION</dependent>
          </dep>
          <dep type="case">
            <governor idx="27">1988</governor>
            <dependent idx="26">IN</dependent>
          </dep>
          <dep type="nmod:in">
            <governor idx="21">DROPPED</governor>
            <dependent idx="27">1988</dependent>
          </dep>
          <dep type="mark">
            <governor idx="32">JUMPED</governor>
            <dependent idx="29">WHILE</dependent>
          </dep>
          <dep type="compound">
            <governor idx="31">IMPORTS</governor>
            <dependent idx="30">GASOLINE</dependent>
          </dep>
          <dep type="nsubj">
            <governor idx="32">JUMPED</governor>
            <dependent idx="31">IMPORTS</dependent>
          </dep>
          <dep type="advcl">
            <governor idx="21">DROPPED</governor>
            <dependent idx="32">JUMPED</dependent>
          </dep>
          <dep type="case">
            <governor idx="34">$</governor>
            <dependent idx="33">FROM</dependent>
          </dep>
          <dep type="nmod:from">
            <governor idx="32">JUMPED</governor>
            <dependent idx="34">$</dependent>
          </dep>
          <dep type="compound">
            <governor idx="36">MILLION</governor>
            <dependent idx="35">99.5</dependent>
          </dep>
          <dep type="nummod">
            <governor idx="34">$</governor>
            <dependent idx="36">MILLION</dependent>
          </dep>
          <dep type="case">
            <governor idx="38">1987</governor>
            <dependent idx="37">IN</dependent>
          </dep>
          <dep type="nmod:in">
            <governor idx="34">$</governor>
            <dependent idx="38">1987</dependent>
          </dep>
          <dep type="case">
            <governor idx="40">$</governor>
            <dependent idx="39">TO</dependent>
          </dep>
          <dep type="nmod:to">
            <governor idx="32">JUMPED</governor>
            <dependent idx="40">$</dependent>
          </dep>
          <dep type="compound">
            <governor idx="42">MILLION</governor>
            <dependent idx="41">155.7</dependent>
          </dep>
          <dep type="nummod">
            <governor idx="40">$</governor>
            <dependent idx="42">MILLION</dependent>
          </dep>
          <dep type="case">
            <governor idx="44">1988</governor>
            <dependent idx="43">IN</dependent>
          </dep>
          <dep type="nmod:in">
            <governor idx="32">JUMPED</governor>
            <dependent idx="44">1988</dependent>
          </dep>
        </dependencies>
        <dependencies type="collapsed-ccprocessed-dependencies">
          <dep type="root">
            <governor idx="0">ROOT</governor>
            <dependent idx="17">LEARNED</dependent>
          </dep>
          <dep type="nsubj">
            <governor idx="17">LEARNED</governor>
            <dependent idx="1">DEV-MUC3-0056</dependent>
          </dep>
          <dep type="appos">
            <governor idx="1">DEV-MUC3-0056</governor>
            <dependent idx="3">NOSC</dependent>
          </dep>
          <dep type="dep">
            <governor idx="1">DEV-MUC3-0056</governor>
            <dependent idx="5">BOGOTA</dependent>
          </dep>
          <dep type="appos">
            <governor idx="1">DEV-MUC3-0056</governor>
            <dependent idx="7">21</dependent>
          </dep>
          <dep type="nmod:tmod">
            <governor idx="7">21</governor>
            <dependent idx="8">JAN</dependent>
          </dep>
          <dep type="nummod">
            <governor idx="8">JAN</governor>
            <dependent idx="9">89</dependent>
          </dep>
          <dep type="dep">
            <governor idx="1">DEV-MUC3-0056</governor>
            <dependent idx="12">SUMMARY</dependent>
          </dep>
          <dep type="compound">
            <governor idx="15">TIEMPO</governor>
            <dependent idx="14">EL</dependent>
          </dep>
          <dep type="nmod">
            <governor idx="12">SUMMARY</governor>
            <dependent idx="15">TIEMPO</dependent>
          </dep>
          <dep type="aux">
            <governor idx="17">LEARNED</governor>
            <dependent idx="16">HAS</dependent>
          </dep>
          <dep type="mark">
            <governor idx="21">DROPPED</governor>
            <dependent idx="18">THAT</dependent>
          </dep>
          <dep type="compound">
            <governor idx="20">REVENUE</governor>
            <dependent idx="19">OIL</dependent>
          </dep>
          <dep type="nsubj">
            <governor idx="21">DROPPED</governor>
            <dependent idx="20">REVENUE</dependent>
          </dep>
          <dep type="ccomp">
            <governor idx="17">LEARNED</governor>
            <dependent idx="21">DROPPED</dependent>
          </dep>
          <dep type="case">
            <governor idx="23">$</governor>
            <dependent idx="22">BY</dependent>
          </dep>
          <dep type="nmod:by">
            <governor idx="21">DROPPED</governor>
            <dependent idx="23">$</dependent>
          </dep>
          <dep type="compound">
            <governor idx="25">MILLION</governor>
            <dependent idx="24">201.1</dependent>
          </dep>
          <dep type="nummod">
            <governor idx="23">$</governor>
            <dependent idx="25">MILLION</dependent>
          </dep>
          <dep type="case">
            <governor idx="27">1988</governor>
            <dependent idx="26">IN</dependent>
          </dep>
          <dep type="nmod:in">
            <governor idx="21">DROPPED</governor>
            <dependent idx="27">1988</dependent>
          </dep>
          <dep type="mark">
            <governor idx="32">JUMPED</governor>
            <dependent idx="29">WHILE</dependent>
          </dep>
          <dep type="compound">
            <governor idx="31">IMPORTS</governor>
            <dependent idx="30">GASOLINE</dependent>
          </dep>
          <dep type="nsubj">
            <governor idx="32">JUMPED</governor>
            <dependent idx="31">IMPORTS</dependent>
          </dep>
          <dep type="advcl">
            <governor idx="21">DROPPED</governor>
            <dependent idx="32">JUMPED</dependent>
          </dep>
          <dep type="case">
            <governor idx="34">$</governor>
            <dependent idx="33">FROM</dependent>
          </dep>
          <dep type="nmod:from">
            <governor idx="32">JUMPED</governor>
            <dependent idx="34">$</dependent>
          </dep>
          <dep type="compound">
            <governor idx="36">MILLION</governor>
            <dependent idx="35">99.5</dependent>
          </dep>
          <dep type="nummod">
            <governor idx="34">$</governor>
            <dependent idx="36">MILLION</dependent>
          </dep>
          <dep type="case">
            <governor idx="38">1987</governor>
            <dependent idx="37">IN</dependent>
          </dep>
          <dep type="nmod:in">
            <governor idx="34">$</governor>
            <dependent idx="38">1987</dependent>
          </dep>
          <dep type="case">
            <governor idx="40">$</governor>
            <dependent idx="39">TO</dependent>
          </dep>
          <dep type="nmod:to">
            <governor idx="32">JUMPED</governor>
            <dependent idx="40">$</dependent>
          </dep>
          <dep type="compound">
            <governor idx="42">MILLION</governor>
            <dependent idx="41">155.7</dependent>
          </dep>
          <dep type="nummod">
            <governor idx="40">$</governor>
            <dependent idx="42">MILLION</dependent>
          </dep>
          <dep type="case">
            <governor idx="44">1988</governor>
            <dependent idx="43">IN</dependent>
          </dep>
          <dep type="nmod:in">
            <governor idx="32">JUMPED</governor>
            <dependent idx="44">1988</dependent>
          </dep>
        </dependencies>
      </sentence>
      <sentence id="2">
        <tokens>
          <token id="1">
            <word>THE</word>
            <lemma>the</lemma>
            <CharacterOffsetBegin>218</CharacterOffsetBegin>
            <CharacterOffsetEnd>221</CharacterOffsetEnd>
            <POS>DT</POS>
            <NER>O</NER>
            <Speaker>PER0</Speaker>
          </token>
          <token id="2">
            <word>REDUCTION</word>
            <lemma>reduction</lemma>
            <CharacterOffsetBegin>222</CharacterOffsetBegin>
            <CharacterOffsetEnd>231</CharacterOffsetEnd>
            <POS>NN</POS>
            <NER>O</NER>
            <Speaker>PER0</Speaker>
          </token>
          <token id="3">
            <word>IN</word>
            <lemma>in</lemma>
            <CharacterOffsetBegin>232</CharacterOffsetBegin>
            <CharacterOffsetEnd>234</CharacterOffsetEnd>
            <POS>IN</POS>
            <NER>O</NER>
            <Speaker>PER0</Speaker>
          </token>
          <token id="4">
            <word>REVENUE</word>
            <lemma>revenue</lemma>
            <CharacterOffsetBegin>235</CharacterOffsetBegin>
            <CharacterOffsetEnd>242</CharacterOffsetEnd>
            <POS>NN</POS>
            <NER>O</NER>
            <Speaker>PER0</Speaker>
          </token>
          <token id="5">
            <word>IS</word>
            <lemma>be</lemma>
            <CharacterOffsetBegin>243</CharacterOffsetBegin>
            <CharacterOffsetEnd>245</CharacterOffsetEnd>
            <POS>VBZ</POS>
            <NER>O</NER>
            <Speaker>PER0</Speaker>
          </token>
          <token id="6">
            <word>DUE</word>
            <lemma>due</lemma>
            <CharacterOffsetBegin>246</CharacterOffsetBegin>
            <CharacterOffsetEnd>249</CharacterOffsetEnd>
            <POS>JJ</POS>
            <NER>O</NER>
            <Speaker>PER0</Speaker>
          </token>
          <token id="7">
            <word>TO</word>
            <lemma>to</lemma>
            <CharacterOffsetBegin>250</CharacterOffsetBegin>
            <CharacterOffsetEnd>252</CharacterOffsetEnd>
            <POS>TO</POS>
            <NER>O</NER>
            <Speaker>PER0</Speaker>
          </token>
          <token id="8">
            <word>A</word>
            <lemma>a</lemma>
            <CharacterOffsetBegin>253</CharacterOffsetBegin>
            <CharacterOffsetEnd>254</CharacterOffsetEnd>
            <POS>DT</POS>
            <NER>O</NER>
            <Speaker>PER0</Speaker>
          </token>
          <token id="9">
            <word>DROP</word>
            <lemma>drop</lemma>
            <CharacterOffsetBegin>255</CharacterOffsetBegin>
            <CharacterOffsetEnd>259</CharacterOffsetEnd>
            <POS>NN</POS>
            <NER>O</NER>
            <Speaker>PER0</Speaker>
          </token>
          <token id="10">
            <word>IN</word>
            <lemma>in</lemma>
            <CharacterOffsetBegin>260</CharacterOffsetBegin>
            <CharacterOffsetEnd>262</CharacterOffsetEnd>
            <POS>IN</POS>
            <NER>O</NER>
            <Speaker>PER0</Speaker>
          </token>
          <token id="11">
            <word>THE</word>
            <lemma>the</lemma>
            <CharacterOffsetBegin>263</CharacterOffsetBegin>
            <CharacterOffsetEnd>266</CharacterOffsetEnd>
            <POS>DT</POS>
            <NER>O</NER>
            <Speaker>PER0</Speaker>
          </token>
          <token id="12">
            <word>INTERNATIONAL</word>
            <lemma>international</lemma>
            <CharacterOffsetBegin>267</CharacterOffsetBegin>
            <CharacterOffsetEnd>280</CharacterOffsetEnd>
            <POS>JJ</POS>
            <NER>O</NER>
            <Speaker>PER0</Speaker>
          </token>
          <token id="13">
            <word>PRICE</word>
            <lemma>price</lemma>
            <CharacterOffsetBegin>281</CharacterOffsetBegin>
            <CharacterOffsetEnd>286</CharacterOffsetEnd>
            <POS>NN</POS>
            <NER>O</NER>
            <Speaker>PER0</Speaker>
          </token>
          <token id="14">
            <word>OF</word>
            <lemma>of</lemma>
            <CharacterOffsetBegin>287</CharacterOffsetBegin>
            <CharacterOffsetEnd>289</CharacterOffsetEnd>
            <POS>IN</POS>
            <NER>O</NER>
            <Speaker>PER0</Speaker>
          </token>
          <token id="15">
            <word>OIL</word>
            <lemma>oil</lemma>
            <CharacterOffsetBegin>290</CharacterOffsetBegin>
            <CharacterOffsetEnd>293</CharacterOffsetEnd>
            <POS>NN</POS>
            <NER>O</NER>
            <Speaker>PER0</Speaker>
          </token>
          <token id="16">
            <word>AS</word>
            <lemma>as</lemma>
            <CharacterOffsetBegin>294</CharacterOffsetBegin>
            <CharacterOffsetEnd>296</CharacterOffsetEnd>
            <POS>IN</POS>
            <NER>O</NER>
            <Speaker>PER0</Speaker>
          </token>
          <token id="17">
            <word>WELL</word>
            <lemma>well</lemma>
            <CharacterOffsetBegin>297</CharacterOffsetBegin>
            <CharacterOffsetEnd>301</CharacterOffsetEnd>
            <POS>RB</POS>
            <NER>O</NER>
            <Speaker>PER0</Speaker>
          </token>
          <token id="18">
            <word>AS</word>
            <lemma>as</lemma>
            <CharacterOffsetBegin>302</CharacterOffsetBegin>
            <CharacterOffsetEnd>304</CharacterOffsetEnd>
            <POS>IN</POS>
            <NER>O</NER>
            <Speaker>PER0</Speaker>
          </token>
          <token id="19">
            <word>A</word>
            <lemma>a</lemma>
            <CharacterOffsetBegin>305</CharacterOffsetBegin>
            <CharacterOffsetEnd>306</CharacterOffsetEnd>
            <POS>DT</POS>
            <NER>O</NER>
            <Speaker>PER0</Speaker>
          </token>
          <token id="20">
            <word>DROP</word>
            <lemma>drop</lemma>
            <CharacterOffsetBegin>307</CharacterOffsetBegin>
            <CharacterOffsetEnd>311</CharacterOffsetEnd>
            <POS>NN</POS>
            <NER>O</NER>
            <Speaker>PER0</Speaker>
          </token>
          <token id="21">
            <word>IN</word>
            <lemma>in</lemma>
            <CharacterOffsetBegin>312</CharacterOffsetBegin>
            <CharacterOffsetEnd>314</CharacterOffsetEnd>
            <POS>IN</POS>
            <NER>O</NER>
            <Speaker>PER0</Speaker>
          </token>
          <token id="22">
            <word>SALES</word>
            <lemma>sale</lemma>
            <CharacterOffsetBegin>315</CharacterOffsetBegin>
            <CharacterOffsetEnd>320</CharacterOffsetEnd>
            <POS>NNS</POS>
            <NER>O</NER>
            <Speaker>PER0</Speaker>
          </token>
          <token id="23">
            <word>DUE</word>
            <lemma>due</lemma>
            <CharacterOffsetBegin>321</CharacterOffsetBegin>
            <CharacterOffsetEnd>324</CharacterOffsetEnd>
            <POS>JJ</POS>
            <NER>O</NER>
            <Speaker>PER0</Speaker>
          </token>
          <token id="24">
            <word>TO</word>
            <lemma>to</lemma>
            <CharacterOffsetBegin>325</CharacterOffsetBegin>
            <CharacterOffsetEnd>327</CharacterOffsetEnd>
            <POS>TO</POS>
            <NER>O</NER>
            <Speaker>PER0</Speaker>
          </token>
          <token id="25">
            <word>TERRORIST</word>
            <lemma>terrorist</lemma>
            <CharacterOffsetBegin>328</CharacterOffsetBegin>
            <CharacterOffsetEnd>337</CharacterOffsetEnd>
            <POS>JJ</POS>
            <NER>O</NER>
            <Speaker>PER0</Speaker>
          </token>
          <token id="26">
            <word>ATTACKS</word>
            <lemma>attack</lemma>
            <CharacterOffsetBegin>338</CharacterOffsetBegin>
            <CharacterOffsetEnd>345</CharacterOffsetEnd>
            <POS>NNS</POS>
            <NER>O</NER>
            <Speaker>PER0</Speaker>
          </token>
          <token id="27">
            <word>ON</word>
            <lemma>on</lemma>
            <CharacterOffsetBegin>346</CharacterOffsetBegin>
            <CharacterOffsetEnd>348</CharacterOffsetEnd>
            <POS>IN</POS>
            <NER>O</NER>
            <Speaker>PER0</Speaker>
          </token>
          <token id="28">
            <word>THE</word>
            <lemma>the</lemma>
            <CharacterOffsetBegin>349</CharacterOffsetBegin>
            <CharacterOffsetEnd>352</CharacterOffsetEnd>
            <POS>DT</POS>
            <NER>O</NER>
            <Speaker>PER0</Speaker>
          </token>
          <token id="29">
            <word>CANO</word>
            <lemma>CANO</lemma>
            <CharacterOffsetBegin>353</CharacterOffsetBegin>
            <CharacterOffsetEnd>357</CharacterOffsetEnd>
            <POS>NNP</POS>
            <NER>LOCATION</NER>
            <Speaker>PER0</Speaker>
          </token>
          <token id="30">
            <word>LIMON-COVENAS</word>
            <lemma>LIMON-COVENAS</lemma>
            <CharacterOffsetBegin>358</CharacterOffsetBegin>
            <CharacterOffsetEnd>371</CharacterOffsetEnd>
            <POS>NNP</POS>
            <NER>LOCATION</NER>
            <Speaker>PER0</Speaker>
          </token>
          <token id="31">
            <word>OIL</word>
            <lemma>OIL</lemma>
            <CharacterOffsetBegin>372</CharacterOffsetBegin>
            <CharacterOffsetEnd>375</CharacterOffsetEnd>
            <POS>NNP</POS>
            <NER>O</NER>
            <Speaker>PER0</Speaker>
          </token>
          <token id="32">
            <word>PIPELINE</word>
            <lemma>pipeline</lemma>
            <CharacterOffsetBegin>376</CharacterOffsetBegin>
            <CharacterOffsetEnd>384</CharacterOffsetEnd>
            <POS>NN</POS>
            <NER>O</NER>
            <Speaker>PER0</Speaker>
          </token>
          <token id="33">
            <word>.</word>
            <lemma>.</lemma>
            <CharacterOffsetBegin>384</CharacterOffsetBegin>
            <CharacterOffsetEnd>385</CharacterOffsetEnd>
            <POS>.</POS>
            <NER>O</NER>
            <Speaker>PER0</Speaker>
          </token>
        </tokens>
        <parse>(ROOT (S (NP (NP (DT THE) (NN REDUCTION)) (PP (IN IN) (NP (NN REVENUE)))) (VP (VBZ IS) (ADJP (JJ DUE)) (PP (PP (TO TO) (NP (NP (DT A) (NN DROP)) (PP (IN IN) (NP (NP (DT THE) (JJ INTERNATIONAL) (NN PRICE)) (PP (IN OF) (NP (NN OIL))))))) (CONJP (IN AS) (RB WELL)) (PP (IN AS) (NP (NP (DT A) (NN DROP)) (PP (IN IN) (NP (NP (NNS SALES)) (ADJP (JJ DUE) (PP (TO TO) (NP (NP (JJ TERRORIST) (NNS ATTACKS)) (PP (IN ON) (NP (DT THE) (NNP CANO) (NNP LIMON-COVENAS) (NNP OIL) (NN PIPELINE)))))))))))) (. .))) </parse>
        <dependencies type="basic-dependencies">
          <dep type="root">
            <governor idx="0">ROOT</governor>
            <dependent idx="6">DUE</dependent>
          </dep>
          <dep type="det">
            <governor idx="2">REDUCTION</governor>
            <dependent idx="1">THE</dependent>
          </dep>
          <dep type="nsubj">
            <governor idx="6">DUE</governor>
            <dependent idx="2">REDUCTION</dependent>
          </dep>
          <dep type="case">
            <governor idx="4">REVENUE</governor>
            <dependent idx="3">IN</dependent>
          </dep>
          <dep type="nmod">
            <governor idx="2">REDUCTION</governor>
            <dependent idx="4">REVENUE</dependent>
          </dep>
          <dep type="cop">
            <governor idx="6">DUE</governor>
            <dependent idx="5">IS</dependent>
          </dep>
          <dep type="case">
            <governor idx="9">DROP</governor>
            <dependent idx="7">TO</dependent>
          </dep>
          <dep type="det">
            <governor idx="9">DROP</governor>
            <dependent idx="8">A</dependent>
          </dep>
          <dep type="nmod">
            <governor idx="6">DUE</governor>
            <dependent idx="9">DROP</dependent>
          </dep>
          <dep type="case">
            <governor idx="13">PRICE</governor>
            <dependent idx="10">IN</dependent>
          </dep>
          <dep type="det">
            <governor idx="13">PRICE</governor>
            <dependent idx="11">THE</dependent>
          </dep>
          <dep type="amod">
            <governor idx="13">PRICE</governor>
            <dependent idx="12">INTERNATIONAL</dependent>
          </dep>
          <dep type="nmod">
            <governor idx="9">DROP</governor>
            <dependent idx="13">PRICE</dependent>
          </dep>
          <dep type="case">
            <governor idx="15">OIL</governor>
            <dependent idx="14">OF</dependent>
          </dep>
          <dep type="nmod">
            <governor idx="13">PRICE</governor>
            <dependent idx="15">OIL</dependent>
          </dep>
          <dep type="dep">
            <governor idx="17">WELL</governor>
            <dependent idx="16">AS</dependent>
          </dep>
          <dep type="cc">
            <governor idx="9">DROP</governor>
            <dependent idx="17">WELL</dependent>
          </dep>
          <dep type="case">
            <governor idx="20">DROP</governor>
            <dependent idx="18">AS</dependent>
          </dep>
          <dep type="det">
            <governor idx="20">DROP</governor>
            <dependent idx="19">A</dependent>
          </dep>
          <dep type="conj">
            <governor idx="9">DROP</governor>
            <dependent idx="20">DROP</dependent>
          </dep>
          <dep type="case">
            <governor idx="22">SALES</governor>
            <dependent idx="21">IN</dependent>
          </dep>
          <dep type="nmod">
            <governor idx="20">DROP</governor>
            <dependent idx="22">SALES</dependent>
          </dep>
          <dep type="amod">
            <governor idx="22">SALES</governor>
            <dependent idx="23">DUE</dependent>
          </dep>
          <dep type="case">
            <governor idx="26">ATTACKS</governor>
            <dependent idx="24">TO</dependent>
          </dep>
          <dep type="amod">
            <governor idx="26">ATTACKS</governor>
            <dependent idx="25">TERRORIST</dependent>
          </dep>
          <dep type="nmod">
            <governor idx="23">DUE</governor>
            <dependent idx="26">ATTACKS</dependent>
          </dep>
          <dep type="case">
            <governor idx="32">PIPELINE</governor>
            <dependent idx="27">ON</dependent>
          </dep>
          <dep type="det">
            <governor idx="32">PIPELINE</governor>
            <dependent idx="28">THE</dependent>
          </dep>
          <dep type="compound">
            <governor idx="32">PIPELINE</governor>
            <dependent idx="29">CANO</dependent>
          </dep>
          <dep type="compound">
            <governor idx="32">PIPELINE</governor>
            <dependent idx="30">LIMON-COVENAS</dependent>
          </dep>
          <dep type="compound">
            <governor idx="32">PIPELINE</governor>
            <dependent idx="31">OIL</dependent>
          </dep>
          <dep type="nmod">
            <governor idx="26">ATTACKS</governor>
            <dependent idx="32">PIPELINE</dependent>
          </dep>
        </dependencies>
        <dependencies type="collapsed-dependencies">
          <dep type="root">
            <governor idx="0">ROOT</governor>
            <dependent idx="6">DUE</dependent>
          </dep>
          <dep type="det">
            <governor idx="2">REDUCTION</governor>
            <dependent idx="1">THE</dependent>
          </dep>
          <dep type="nsubj">
            <governor idx="6">DUE</governor>
            <dependent idx="2">REDUCTION</dependent>
          </dep>
          <dep type="case">
            <governor idx="4">REVENUE</governor>
            <dependent idx="3">IN</dependent>
          </dep>
          <dep type="nmod:in">
            <governor idx="2">REDUCTION</governor>
            <dependent idx="4">REVENUE</dependent>
          </dep>
          <dep type="cop">
            <governor idx="6">DUE</governor>
            <dependent idx="5">IS</dependent>
          </dep>
          <dep type="conj:well">
            <governor idx="6">DUE</governor>
            <dependent idx="6" copy="1">DUE</dependent>
          </dep>
          <dep type="case">
            <governor idx="9">DROP</governor>
            <dependent idx="7">TO</dependent>
          </dep>
          <dep type="det">
            <governor idx="9">DROP</governor>
            <dependent idx="8">A</dependent>
          </dep>
          <dep type="nmod:to">
            <governor idx="6">DUE</governor>
            <dependent idx="9">DROP</dependent>
          </dep>
          <dep type="case">
            <governor idx="13">PRICE</governor>
            <dependent idx="10">IN</dependent>
          </dep>
          <dep type="det">
            <governor idx="13">PRICE</governor>
            <dependent idx="11">THE</dependent>
          </dep>
          <dep type="amod">
            <governor idx="13">PRICE</governor>
            <dependent idx="12">INTERNATIONAL</dependent>
          </dep>
          <dep type="nmod:in">
            <governor idx="9">DROP</governor>
            <dependent idx="13">PRICE</dependent>
          </dep>
          <dep type="case">
            <governor idx="15">OIL</governor>
            <dependent idx="14">OF</dependent>
          </dep>
          <dep type="nmod:of">
            <governor idx="13">PRICE</governor>
            <dependent idx="15">OIL</dependent>
          </dep>
          <dep type="dep">
            <governor idx="17">WELL</governor>
            <dependent idx="16">AS</dependent>
          </dep>
          <dep type="cc">
            <governor idx="6">DUE</governor>
            <dependent idx="17">WELL</dependent>
          </dep>
          <dep type="case">
            <governor idx="20">DROP</governor>
            <dependent idx="18">AS</dependent>
          </dep>
          <dep type="det">
            <governor idx="20">DROP</governor>
            <dependent idx="19">A</dependent>
          </dep>
          <dep type="nmod:as">
            <governor idx="6" copy="1">DUE</governor>
            <dependent idx="20">DROP</dependent>
          </dep>
          <dep type="case">
            <governor idx="22">SALES</governor>
            <dependent idx="21">IN</dependent>
          </dep>
          <dep type="nmod:in">
            <governor idx="20">DROP</governor>
            <dependent idx="22">SALES</dependent>
          </dep>
          <dep type="amod">
            <governor idx="22">SALES</governor>
            <dependent idx="23">DUE</dependent>
          </dep>
          <dep type="case">
            <governor idx="26">ATTACKS</governor>
            <dependent idx="24">TO</dependent>
          </dep>
          <dep type="amod">
            <governor idx="26">ATTACKS</governor>
            <dependent idx="25">TERRORIST</dependent>
          </dep>
          <dep type="nmod:to">
            <governor idx="23">DUE</governor>
            <dependent idx="26">ATTACKS</dependent>
          </dep>
          <dep type="case">
            <governor idx="32">PIPELINE</governor>
            <dependent idx="27">ON</dependent>
          </dep>
          <dep type="det">
            <governor idx="32">PIPELINE</governor>
            <dependent idx="28">THE</dependent>
          </dep>
          <dep type="compound">
            <governor idx="32">PIPELINE</governor>
            <dependent idx="29">CANO</dependent>
          </dep>
          <dep type="compound">
            <governor idx="32">PIPELINE</governor>
            <dependent idx="30">LIMON-COVENAS</dependent>
          </dep>
          <dep type="compound">
            <governor idx="32">PIPELINE</governor>
            <dependent idx="31">OIL</dependent>
          </dep>
          <dep type="nmod:on">
            <governor idx="26">ATTACKS</governor>
            <dependent idx="32">PIPELINE</dependent>
          </dep>
        </dependencies>
        <dependencies type="collapsed-ccprocessed-dependencies">
          <dep type="root">
            <governor idx="0">ROOT</governor>
            <dependent idx="6">DUE</dependent>
          </dep>
          <dep type="det">
            <governor idx="2">REDUCTION</governor>
            <dependent idx="1">THE</dependent>
          </dep>
          <dep type="nsubj">
            <governor idx="6">DUE</governor>
            <dependent idx="2">REDUCTION</dependent>
          </dep>
          <dep type="nsubj" extra="true">
            <governor idx="6" copy="1">DUE</governor>
            <dependent idx="2">REDUCTION</dependent>
          </dep>
          <dep type="case">
            <governor idx="4">REVENUE</governor>
            <dependent idx="3">IN</dependent>
          </dep>
          <dep type="nmod:in">
            <governor idx="2">REDUCTION</governor>
            <dependent idx="4">REVENUE</dependent>
          </dep>
          <dep type="cop">
            <governor idx="6">DUE</governor>
            <dependent idx="5">IS</dependent>
          </dep>
          <dep type="conj:well">
            <governor idx="6">DUE</governor>
            <dependent idx="6" copy="1">DUE</dependent>
          </dep>
          <dep type="case">
            <governor idx="9">DROP</governor>
            <dependent idx="7">TO</dependent>
          </dep>
          <dep type="det">
            <governor idx="9">DROP</governor>
            <dependent idx="8">A</dependent>
          </dep>
          <dep type="nmod:to">
            <governor idx="6">DUE</governor>
            <dependent idx="9">DROP</dependent>
          </dep>
          <dep type="case">
            <governor idx="13">PRICE</governor>
            <dependent idx="10">IN</dependent>
          </dep>
          <dep type="det">
            <governor idx="13">PRICE</governor>
            <dependent idx="11">THE</dependent>
          </dep>
          <dep type="amod">
            <governor idx="13">PRICE</governor>
            <dependent idx="12">INTERNATIONAL</dependent>
          </dep>
          <dep type="nmod:in">
            <governor idx="9">DROP</governor>
            <dependent idx="13">PRICE</dependent>
          </dep>
          <dep type="case">
            <governor idx="15">OIL</governor>
            <dependent idx="14">OF</dependent>
          </dep>
          <dep type="nmod:of">
            <governor idx="13">PRICE</governor>
            <dependent idx="15">OIL</dependent>
          </dep>
          <dep type="dep">
            <governor idx="17">WELL</governor>
            <dependent idx="16">AS</dependent>
          </dep>
          <dep type="cc">
            <governor idx="6">DUE</governor>
            <dependent idx="17">WELL</dependent>
          </dep>
          <dep type="case">
            <governor idx="20">DROP</governor>
            <dependent idx="18">AS</dependent>
          </dep>
          <dep type="det">
            <governor idx="20">DROP</governor>
            <dependent idx="19">A</dependent>
          </dep>
          <dep type="nmod:as">
            <governor idx="6" copy="1">DUE</governor>
            <dependent idx="20">DROP</dependent>
          </dep>
          <dep type="case">
            <governor idx="22">SALES</governor>
            <dependent idx="21">IN</dependent>
          </dep>
          <dep type="nmod:in">
            <governor idx="20">DROP</governor>
            <dependent idx="22">SALES</dependent>
          </dep>
          <dep type="amod">
            <governor idx="22">SALES</governor>
            <dependent idx="23">DUE</dependent>
          </dep>
          <dep type="case">
            <governor idx="26">ATTACKS</governor>
            <dependent idx="24">TO</dependent>
          </dep>
          <dep type="amod">
            <governor idx="26">ATTACKS</governor>
            <dependent idx="25">TERRORIST</dependent>
          </dep>
          <dep type="nmod:to">
            <governor idx="23">DUE</governor>
            <dependent idx="26">ATTACKS</dependent>
          </dep>
          <dep type="case">
            <governor idx="32">PIPELINE</governor>
            <dependent idx="27">ON</dependent>
          </dep>
          <dep type="det">
            <governor idx="32">PIPELINE</governor>
            <dependent idx="28">THE</dependent>
          </dep>
          <dep type="compound">
            <governor idx="32">PIPELINE</governor>
            <dependent idx="29">CANO</dependent>
          </dep>
          <dep type="compound">
            <governor idx="32">PIPELINE</governor>
            <dependent idx="30">LIMON-COVENAS</dependent>
          </dep>
          <dep type="compound">
            <governor idx="32">PIPELINE</governor>
            <dependent idx="31">OIL</dependent>
          </dep>
          <dep type="nmod:on">
            <governor idx="26">ATTACKS</governor>
            <dependent idx="32">PIPELINE</dependent>
          </dep>
        </dependencies>
      </sentence>
      <sentence id="3">
        <tokens>
          <token id="1">
            <word>THE</word>
            <lemma>the</lemma>
            <CharacterOffsetBegin>390</CharacterOffsetBegin>
            <CharacterOffsetEnd>393</CharacterOffsetEnd>
            <POS>DT</POS>
            <NER>O</NER>
            <Speaker>PER0</Speaker>
          </token>
          <token id="2">
            <word>REPORT</word>
            <lemma>report</lemma>
            <CharacterOffsetBegin>394</CharacterOffsetBegin>
            <CharacterOffsetEnd>400</CharacterOffsetEnd>
            <POS>NN</POS>
            <NER>O</NER>
            <Speaker>PER0</Speaker>
          </token>
          <token id="3">
            <word>ADDED</word>
            <lemma>add</lemma>
            <CharacterOffsetBegin>401</CharacterOffsetBegin>
            <CharacterOffsetEnd>406</CharacterOffsetEnd>
            <POS>VBD</POS>
            <NER>O</NER>
            <Speaker>PER0</Speaker>
          </token>
          <token id="4">
            <word>THAT</word>
            <lemma>that</lemma>
            <CharacterOffsetBegin>407</CharacterOffsetBegin>
            <CharacterOffsetEnd>411</CharacterOffsetEnd>
            <POS>IN</POS>
            <NER>O</NER>
            <Speaker>PER0</Speaker>
          </token>
          <token id="5">
            <word>COLOMBIA</word>
            <lemma>COLOMBIA</lemma>
            <CharacterOffsetBegin>412</CharacterOffsetBegin>
            <CharacterOffsetEnd>420</CharacterOffsetEnd>
            <POS>NNP</POS>
            <NER>LOCATION</NER>
            <Speaker>PER0</Speaker>
          </token>
          <token id="6">
            <word>EXPORTED</word>
            <lemma>export</lemma>
            <CharacterOffsetBegin>421</CharacterOffsetBegin>
            <CharacterOffsetEnd>429</CharacterOffsetEnd>
            <POS>VBD</POS>
            <NER>O</NER>
            <Speaker>PER0</Speaker>
          </token>
          <token id="7">
            <word>53.3</word>
            <lemma>53.3</lemma>
            <CharacterOffsetBegin>430</CharacterOffsetBegin>
            <CharacterOffsetEnd>434</CharacterOffsetEnd>
            <POS>CD</POS>
            <NER>NUMBER</NER>
            <NormalizedNER>5.33E7</NormalizedNER>
            <Speaker>PER0</Speaker>
          </token>
          <token id="8">
            <word>MILLION</word>
            <lemma>million</lemma>
            <CharacterOffsetBegin>435</CharacterOffsetBegin>
            <CharacterOffsetEnd>442</CharacterOffsetEnd>
            <POS>CD</POS>
            <NER>NUMBER</NER>
            <NormalizedNER>5.33E7</NormalizedNER>
            <Speaker>PER0</Speaker>
          </token>
          <token id="9">
            <word>BARRELS</word>
            <lemma>barrel</lemma>
            <CharacterOffsetBegin>443</CharacterOffsetBegin>
            <CharacterOffsetEnd>450</CharacterOffsetEnd>
            <POS>NNS</POS>
            <NER>O</NER>
            <Speaker>PER0</Speaker>
          </token>
          <token id="10">
            <word>OF</word>
            <lemma>of</lemma>
            <CharacterOffsetBegin>451</CharacterOffsetBegin>
            <CharacterOffsetEnd>453</CharacterOffsetEnd>
            <POS>IN</POS>
            <NER>O</NER>
            <Speaker>PER0</Speaker>
          </token>
          <token id="11">
            <word>OIL</word>
            <lemma>oil</lemma>
            <CharacterOffsetBegin>454</CharacterOffsetBegin>
            <CharacterOffsetEnd>457</CharacterOffsetEnd>
            <POS>NN</POS>
            <NER>O</NER>
            <Speaker>PER0</Speaker>
          </token>
          <token id="12">
            <word>IN</word>
            <lemma>in</lemma>
            <CharacterOffsetBegin>458</CharacterOffsetBegin>
            <CharacterOffsetEnd>460</CharacterOffsetEnd>
            <POS>IN</POS>
            <NER>O</NER>
            <Speaker>PER0</Speaker>
          </token>
          <token id="13">
            <word>1988</word>
            <lemma>1988</lemma>
            <CharacterOffsetBegin>461</CharacterOffsetBegin>
            <CharacterOffsetEnd>465</CharacterOffsetEnd>
            <POS>CD</POS>
            <NER>DATE</NER>
            <NormalizedNER>1988</NormalizedNER>
            <Speaker>PER0</Speaker>
            <Timex tid="t5" type="DATE">1988</Timex>
          </token>
          <token id="14">
            <word>,</word>
            <lemma>,</lemma>
            <CharacterOffsetBegin>465</CharacterOffsetBegin>
            <CharacterOffsetEnd>466</CharacterOffsetEnd>
            <POS>,</POS>
            <NER>O</NER>
            <Speaker>PER0</Speaker>
          </token>
          <token id="15">
            <word>WHILE</word>
            <lemma>while</lemma>
            <CharacterOffsetBegin>467</CharacterOffsetBegin>
            <CharacterOffsetEnd>472</CharacterOffsetEnd>
            <POS>IN</POS>
            <NER>O</NER>
            <Speaker>PER0</Speaker>
          </token>
          <token id="16">
            <word>IT</word>
            <lemma>it</lemma>
            <CharacterOffsetBegin>473</CharacterOffsetBegin>
            <CharacterOffsetEnd>475</CharacterOffsetEnd>
            <POS>PRP</POS>
            <NER>O</NER>
            <Speaker>PER0</Speaker>
          </token>
          <token id="17">
            <word>EXPORTED</word>
            <lemma>export</lemma>
            <CharacterOffsetBegin>476</CharacterOffsetBegin>
            <CharacterOffsetEnd>484</CharacterOffsetEnd>
            <POS>VBD</POS>
            <NER>O</NER>
            <Speaker>PER0</Speaker>
          </token>
          <token id="18">
            <word>51.8</word>
            <lemma>51.8</lemma>
            <CharacterOffsetBegin>485</CharacterOffsetBegin>
            <CharacterOffsetEnd>489</CharacterOffsetEnd>
            <POS>CD</POS>
            <NER>NUMBER</NER>
            <NormalizedNER>5.18E7</NormalizedNER>
            <Speaker>PER0</Speaker>
          </token>
          <token id="19">
            <word>MILLION</word>
            <lemma>million</lemma>
            <CharacterOffsetBegin>490</CharacterOffsetBegin>
            <CharacterOffsetEnd>497</CharacterOffsetEnd>
            <POS>CD</POS>
            <NER>NUMBER</NER>
            <NormalizedNER>5.18E7</NormalizedNER>
            <Speaker>PER0</Speaker>
          </token>
          <token id="20">
            <word>BARRELS</word>
            <lemma>barrel</lemma>
            <CharacterOffsetBegin>498</CharacterOffsetBegin>
            <CharacterOffsetEnd>505</CharacterOffsetEnd>
            <POS>NNS</POS>
            <NER>O</NER>
            <Speaker>PER0</Speaker>
          </token>
          <token id="21">
            <word>IN</word>
            <lemma>in</lemma>
            <CharacterOffsetBegin>506</CharacterOffsetBegin>
            <CharacterOffsetEnd>508</CharacterOffsetEnd>
            <POS>IN</POS>
            <NER>O</NER>
            <Speaker>PER0</Speaker>
          </token>
          <token id="22">
            <word>1987</word>
            <lemma>1987</lemma>
            <CharacterOffsetBegin>509</CharacterOffsetBegin>
            <CharacterOffsetEnd>513</CharacterOffsetEnd>
            <POS>CD</POS>
            <NER>DATE</NER>
            <NormalizedNER>1987</NormalizedNER>
            <Speaker>PER0</Speaker>
            <Timex tid="t6" type="DATE">1987</Timex>
          </token>
          <token id="23">
            <word>.</word>
            <lemma>.</lemma>
            <CharacterOffsetBegin>513</CharacterOffsetBegin>
            <CharacterOffsetEnd>514</CharacterOffsetEnd>
            <POS>.</POS>
            <NER>O</NER>
            <Speaker>PER0</Speaker>
          </token>
        </tokens>
        <parse>(ROOT (S (NP (DT THE) (NN REPORT)) (VP (VBD ADDED) (SBAR (IN THAT) (S (NP (NNP COLOMBIA)) (VP (VBD EXPORTED) (NP (NP (QP (CD 53.3) (CD MILLION)) (NNS BARRELS)) (PP (IN OF) (NP (NN OIL)))) (PP (IN IN) (NP (CD 1988))) (, ,) (SBAR (IN WHILE) (S (NP (PRP IT)) (VP (VBD EXPORTED) (NP (QP (CD 51.8) (CD MILLION)) (NNS BARRELS)) (PP (IN IN) (NP (CD 1987)))))))))) (. .))) </parse>
        <dependencies type="basic-dependencies">
          <dep type="root">
            <governor idx="0">ROOT</governor>
            <dependent idx="3">ADDED</dependent>
          </dep>
          <dep type="det">
            <governor idx="2">REPORT</governor>
            <dependent idx="1">THE</dependent>
          </dep>
          <dep type="nsubj">
            <governor idx="3">ADDED</governor>
            <dependent idx="2">REPORT</dependent>
          </dep>
          <dep type="mark">
            <governor idx="6">EXPORTED</governor>
            <dependent idx="4">THAT</dependent>
          </dep>
          <dep type="nsubj">
            <governor idx="6">EXPORTED</governor>
            <dependent idx="5">COLOMBIA</dependent>
          </dep>
          <dep type="ccomp">
            <governor idx="3">ADDED</governor>
            <dependent idx="6">EXPORTED</dependent>
          </dep>
          <dep type="compound">
            <governor idx="8">MILLION</governor>
            <dependent idx="7">53.3</dependent>
          </dep>
          <dep type="nummod">
            <governor idx="9">BARRELS</governor>
            <dependent idx="8">MILLION</dependent>
          </dep>
          <dep type="dobj">
            <governor idx="6">EXPORTED</governor>
            <dependent idx="9">BARRELS</dependent>
          </dep>
          <dep type="case">
            <governor idx="11">OIL</governor>
            <dependent idx="10">OF</dependent>
          </dep>
          <dep type="nmod">
            <governor idx="9">BARRELS</governor>
            <dependent idx="11">OIL</dependent>
          </dep>
          <dep type="case">
            <governor idx="13">1988</governor>
            <dependent idx="12">IN</dependent>
          </dep>
          <dep type="nmod">
            <governor idx="6">EXPORTED</governor>
            <dependent idx="13">1988</dependent>
          </dep>
          <dep type="mark">
            <governor idx="17">EXPORTED</governor>
            <dependent idx="15">WHILE</dependent>
          </dep>
          <dep type="nsubj">
            <governor idx="17">EXPORTED</governor>
            <dependent idx="16">IT</dependent>
          </dep>
          <dep type="advcl">
            <governor idx="6">EXPORTED</governor>
            <dependent idx="17">EXPORTED</dependent>
          </dep>
          <dep type="compound">
            <governor idx="19">MILLION</governor>
            <dependent idx="18">51.8</dependent>
          </dep>
          <dep type="nummod">
            <governor idx="20">BARRELS</governor>
            <dependent idx="19">MILLION</dependent>
          </dep>
          <dep type="dobj">
            <governor idx="17">EXPORTED</governor>
            <dependent idx="20">BARRELS</dependent>
          </dep>
          <dep type="case">
            <governor idx="22">1987</governor>
            <dependent idx="21">IN</dependent>
          </dep>
          <dep type="nmod">
            <governor idx="17">EXPORTED</governor>
            <dependent idx="22">1987</dependent>
          </dep>
        </dependencies>
        <dependencies type="collapsed-dependencies">
          <dep type="root">
            <governor idx="0">ROOT</governor>
            <dependent idx="3">ADDED</dependent>
          </dep>
          <dep type="det">
            <governor idx="2">REPORT</governor>
            <dependent idx="1">THE</dependent>
          </dep>
          <dep type="nsubj">
            <governor idx="3">ADDED</governor>
            <dependent idx="2">REPORT</dependent>
          </dep>
          <dep type="mark">
            <governor idx="6">EXPORTED</governor>
            <dependent idx="4">THAT</dependent>
          </dep>
          <dep type="nsubj">
            <governor idx="6">EXPORTED</governor>
            <dependent idx="5">COLOMBIA</dependent>
          </dep>
          <dep type="ccomp">
            <governor idx="3">ADDED</governor>
            <dependent idx="6">EXPORTED</dependent>
          </dep>
          <dep type="compound">
            <governor idx="8">MILLION</governor>
            <dependent idx="7">53.3</dependent>
          </dep>
          <dep type="nummod">
            <governor idx="9">BARRELS</governor>
            <dependent idx="8">MILLION</dependent>
          </dep>
          <dep type="dobj">
            <governor idx="6">EXPORTED</governor>
            <dependent idx="9">BARRELS</dependent>
          </dep>
          <dep type="case">
            <governor idx="11">OIL</governor>
            <dependent idx="10">OF</dependent>
          </dep>
          <dep type="nmod:of">
            <governor idx="9">BARRELS</governor>
            <dependent idx="11">OIL</dependent>
          </dep>
          <dep type="case">
            <governor idx="13">1988</governor>
            <dependent idx="12">IN</dependent>
          </dep>
          <dep type="nmod:in">
            <governor idx="6">EXPORTED</governor>
            <dependent idx="13">1988</dependent>
          </dep>
          <dep type="mark">
            <governor idx="17">EXPORTED</governor>
            <dependent idx="15">WHILE</dependent>
          </dep>
          <dep type="nsubj">
            <governor idx="17">EXPORTED</governor>
            <dependent idx="16">IT</dependent>
          </dep>
          <dep type="advcl">
            <governor idx="6">EXPORTED</governor>
            <dependent idx="17">EXPORTED</dependent>
          </dep>
          <dep type="compound">
            <governor idx="19">MILLION</governor>
            <dependent idx="18">51.8</dependent>
          </dep>
          <dep type="nummod">
            <governor idx="20">BARRELS</governor>
            <dependent idx="19">MILLION</dependent>
          </dep>
          <dep type="dobj">
            <governor idx="17">EXPORTED</governor>
            <dependent idx="20">BARRELS</dependent>
          </dep>
          <dep type="case">
            <governor idx="22">1987</governor>
            <dependent idx="21">IN</dependent>
          </dep>
          <dep type="nmod:in">
            <governor idx="17">EXPORTED</governor>
            <dependent idx="22">1987</dependent>
          </dep>
        </dependencies>
        <dependencies type="collapsed-ccprocessed-dependencies">
          <dep type="root">
            <governor idx="0">ROOT</governor>
            <dependent idx="3">ADDED</dependent>
          </dep>
          <dep type="det">
            <governor idx="2">REPORT</governor>
            <dependent idx="1">THE</dependent>
          </dep>
          <dep type="nsubj">
            <governor idx="3">ADDED</governor>
            <dependent idx="2">REPORT</dependent>
          </dep>
          <dep type="mark">
            <governor idx="6">EXPORTED</governor>
            <dependent idx="4">THAT</dependent>
          </dep>
          <dep type="nsubj">
            <governor idx="6">EXPORTED</governor>
            <dependent idx="5">COLOMBIA</dependent>
          </dep>
          <dep type="ccomp">
            <governor idx="3">ADDED</governor>
            <dependent idx="6">EXPORTED</dependent>
          </dep>
          <dep type="compound">
            <governor idx="8">MILLION</governor>
            <dependent idx="7">53.3</dependent>
          </dep>
          <dep type="nummod">
            <governor idx="9">BARRELS</governor>
            <dependent idx="8">MILLION</dependent>
          </dep>
          <dep type="dobj">
            <governor idx="6">EXPORTED</governor>
            <dependent idx="9">BARRELS</dependent>
          </dep>
          <dep type="case">
            <governor idx="11">OIL</governor>
            <dependent idx="10">OF</dependent>
          </dep>
          <dep type="nmod:of">
            <governor idx="9">BARRELS</governor>
            <dependent idx="11">OIL</dependent>
          </dep>
          <dep type="case">
            <governor idx="13">1988</governor>
            <dependent idx="12">IN</dependent>
          </dep>
          <dep type="nmod:in">
            <governor idx="6">EXPORTED</governor>
            <dependent idx="13">1988</dependent>
          </dep>
          <dep type="mark">
            <governor idx="17">EXPORTED</governor>
            <dependent idx="15">WHILE</dependent>
          </dep>
          <dep type="nsubj">
            <governor idx="17">EXPORTED</governor>
            <dependent idx="16">IT</dependent>
          </dep>
          <dep type="advcl">
            <governor idx="6">EXPORTED</governor>
            <dependent idx="17">EXPORTED</dependent>
          </dep>
          <dep type="compound">
            <governor idx="19">MILLION</governor>
            <dependent idx="18">51.8</dependent>
          </dep>
          <dep type="nummod">
            <governor idx="20">BARRELS</governor>
            <dependent idx="19">MILLION</dependent>
          </dep>
          <dep type="dobj">
            <governor idx="17">EXPORTED</governor>
            <dependent idx="20">BARRELS</dependent>
          </dep>
          <dep type="case">
            <governor idx="22">1987</governor>
            <dependent idx="21">IN</dependent>
          </dep>
          <dep type="nmod:in">
            <governor idx="17">EXPORTED</governor>
            <dependent idx="22">1987</dependent>
          </dep>
        </dependencies>
      </sentence>
      <sentence id="4">
        <tokens>
          <token id="1">
            <word>ACCORDING</word>
            <lemma>accord</lemma>
            <CharacterOffsetBegin>519</CharacterOffsetBegin>
            <CharacterOffsetEnd>528</CharacterOffsetEnd>
            <POS>VBG</POS>
            <NER>O</NER>
            <Speaker>PER0</Speaker>
          </token>
          <token id="2">
            <word>TO</word>
            <lemma>to</lemma>
            <CharacterOffsetBegin>529</CharacterOffsetBegin>
            <CharacterOffsetEnd>531</CharacterOffsetEnd>
            <POS>TO</POS>
            <NER>O</NER>
            <Speaker>PER0</Speaker>
          </token>
          <token id="3">
            <word>FINAL</word>
            <lemma>final</lemma>
            <CharacterOffsetBegin>532</CharacterOffsetBegin>
            <CharacterOffsetEnd>537</CharacterOffsetEnd>
            <POS>JJ</POS>
            <NER>O</NER>
            <Speaker>PER0</Speaker>
          </token>
          <token id="4">
            <word>REPORTS</word>
            <lemma>report</lemma>
            <CharacterOffsetBegin>538</CharacterOffsetBegin>
            <CharacterOffsetEnd>545</CharacterOffsetEnd>
            <POS>NNS</POS>
            <NER>O</NER>
            <Speaker>PER0</Speaker>
          </token>
          <token id="5">
            <word>,</word>
            <lemma>,</lemma>
            <CharacterOffsetBegin>545</CharacterOffsetBegin>
            <CharacterOffsetEnd>546</CharacterOffsetEnd>
            <POS>,</POS>
            <NER>O</NER>
            <Speaker>PER0</Speaker>
          </token>
          <token id="6">
            <word>COLOMBIAN</word>
            <lemma>colombian</lemma>
            <CharacterOffsetBegin>547</CharacterOffsetBegin>
            <CharacterOffsetEnd>556</CharacterOffsetEnd>
            <POS>JJ</POS>
            <NER>MISC</NER>
            <Speaker>PER0</Speaker>
          </token>
          <token id="7">
            <word>OIL</word>
            <lemma>oil</lemma>
            <CharacterOffsetBegin>557</CharacterOffsetBegin>
            <CharacterOffsetEnd>560</CharacterOffsetEnd>
            <POS>NN</POS>
            <NER>O</NER>
            <Speaker>PER0</Speaker>
          </token>
          <token id="8">
            <word>EXPORTS</word>
            <lemma>export</lemma>
            <CharacterOffsetBegin>561</CharacterOffsetBegin>
            <CharacterOffsetEnd>568</CharacterOffsetEnd>
            <POS>NNS</POS>
            <NER>O</NER>
            <Speaker>PER0</Speaker>
          </token>
          <token id="9">
            <word>IN</word>
            <lemma>in</lemma>
            <CharacterOffsetBegin>569</CharacterOffsetBegin>
            <CharacterOffsetEnd>571</CharacterOffsetEnd>
            <POS>IN</POS>
            <NER>O</NER>
            <Speaker>PER0</Speaker>
          </token>
          <token id="10">
            <word>1988</word>
            <lemma>1988</lemma>
            <CharacterOffsetBegin>572</CharacterOffsetBegin>
            <CharacterOffsetEnd>576</CharacterOffsetEnd>
            <POS>CD</POS>
            <NER>DATE</NER>
            <NormalizedNER>1988</NormalizedNER>
            <Speaker>PER0</Speaker>
            <Timex tid="t7" type="DATE">1988</Timex>
          </token>
          <token id="11">
            <word>AMOUNTED</word>
            <lemma>amount</lemma>
            <CharacterOffsetBegin>577</CharacterOffsetBegin>
            <CharacterOffsetEnd>585</CharacterOffsetEnd>
            <POS>VBD</POS>
            <NER>O</NER>
            <Speaker>PER0</Speaker>
          </token>
          <token id="12">
            <word>TO</word>
            <lemma>to</lemma>
            <CharacterOffsetBegin>586</CharacterOffsetBegin>
            <CharacterOffsetEnd>588</CharacterOffsetEnd>
            <POS>TO</POS>
            <NER>O</NER>
            <Speaker>PER0</Speaker>
          </token>
          <token id="13">
            <word>$</word>
            <lemma>$</lemma>
            <CharacterOffsetBegin>589</CharacterOffsetBegin>
            <CharacterOffsetEnd>590</CharacterOffsetEnd>
            <POS>$</POS>
            <NER>MONEY</NER>
            <NormalizedNER>$6.945E8</NormalizedNER>
            <Speaker>PER0</Speaker>
          </token>
          <token id="14">
            <word>694.5</word>
            <lemma>694.5</lemma>
            <CharacterOffsetBegin>590</CharacterOffsetBegin>
            <CharacterOffsetEnd>595</CharacterOffsetEnd>
            <POS>CD</POS>
            <NER>MONEY</NER>
            <NormalizedNER>$6.945E8</NormalizedNER>
            <Speaker>PER0</Speaker>
          </token>
          <token id="15">
            <word>MILLION</word>
            <lemma>million</lemma>
            <CharacterOffsetBegin>596</CharacterOffsetBegin>
            <CharacterOffsetEnd>603</CharacterOffsetEnd>
            <POS>CD</POS>
            <NER>MONEY</NER>
            <NormalizedNER>$6.945E8</NormalizedNER>
            <Speaker>PER0</Speaker>
          </token>
          <token id="16">
            <word>,</word>
            <lemma>,</lemma>
            <CharacterOffsetBegin>603</CharacterOffsetBegin>
            <CharacterOffsetEnd>604</CharacterOffsetEnd>
            <POS>,</POS>
            <NER>O</NER>
            <Speaker>PER0</Speaker>
          </token>
          <token id="17">
            <word>AS</word>
            <lemma>as</lemma>
            <CharacterOffsetBegin>605</CharacterOffsetBegin>
            <CharacterOffsetEnd>607</CharacterOffsetEnd>
            <POS>IN</POS>
            <NER>O</NER>
            <Speaker>PER0</Speaker>
          </token>
          <token id="18">
            <word>COMPARED</word>
            <lemma>compare</lemma>
            <CharacterOffsetBegin>608</CharacterOffsetBegin>
            <CharacterOffsetEnd>616</CharacterOffsetEnd>
            <POS>VBN</POS>
            <NER>O</NER>
            <Speaker>PER0</Speaker>
          </token>
          <token id="19">
            <word>TO</word>
            <lemma>to</lemma>
            <CharacterOffsetBegin>617</CharacterOffsetBegin>
            <CharacterOffsetEnd>619</CharacterOffsetEnd>
            <POS>TO</POS>
            <NER>O</NER>
            <Speaker>PER0</Speaker>
          </token>
          <token id="20">
            <word>$</word>
            <lemma>$</lemma>
            <CharacterOffsetBegin>620</CharacterOffsetBegin>
            <CharacterOffsetEnd>621</CharacterOffsetEnd>
            <POS>$</POS>
            <NER>MONEY</NER>
            <NormalizedNER>$8.956E8</NormalizedNER>
            <Speaker>PER0</Speaker>
          </token>
          <token id="21">
            <word>895.6</word>
            <lemma>895.6</lemma>
            <CharacterOffsetBegin>621</CharacterOffsetBegin>
            <CharacterOffsetEnd>626</CharacterOffsetEnd>
            <POS>CD</POS>
            <NER>MONEY</NER>
            <NormalizedNER>$8.956E8</NormalizedNER>
            <Speaker>PER0</Speaker>
          </token>
          <token id="22">
            <word>MILLION</word>
            <lemma>million</lemma>
            <CharacterOffsetBegin>627</CharacterOffsetBegin>
            <CharacterOffsetEnd>634</CharacterOffsetEnd>
            <POS>CD</POS>
            <NER>MONEY</NER>
            <NormalizedNER>$8.956E8</NormalizedNER>
            <Speaker>PER0</Speaker>
          </token>
          <token id="23">
            <word>IN</word>
            <lemma>in</lemma>
            <CharacterOffsetBegin>635</CharacterOffsetBegin>
            <CharacterOffsetEnd>637</CharacterOffsetEnd>
            <POS>IN</POS>
            <NER>O</NER>
            <Speaker>PER0</Speaker>
          </token>
          <token id="24">
            <word>1987</word>
            <lemma>1987</lemma>
            <CharacterOffsetBegin>638</CharacterOffsetBegin>
            <CharacterOffsetEnd>642</CharacterOffsetEnd>
            <POS>CD</POS>
            <NER>DATE</NER>
            <NormalizedNER>1987</NormalizedNER>
            <Speaker>PER0</Speaker>
            <Timex tid="t8" type="DATE">1987</Timex>
          </token>
          <token id="25">
            <word>.</word>
            <lemma>.</lemma>
            <CharacterOffsetBegin>642</CharacterOffsetBegin>
            <CharacterOffsetEnd>643</CharacterOffsetEnd>
            <POS>.</POS>
            <NER>O</NER>
            <Speaker>PER0</Speaker>
          </token>
        </tokens>
        <parse>(ROOT (S (PP (VBG ACCORDING) (PP (TO TO) (NP (JJ FINAL) (NNS REPORTS)))) (, ,) (NP (NP (JJ COLOMBIAN) (NN OIL) (NNS EXPORTS)) (PP (IN IN) (NP (CD 1988)))) (VP (VBD AMOUNTED) (PP (TO TO) (NP (QP ($ $) (CD 694.5) (CD MILLION)))) (, ,) (PP (IN AS) (PP (VBN COMPARED) (PP (TO TO) (NP (NP (QP ($ $) (CD 895.6) (CD MILLION))) (PP (IN IN) (NP (CD 1987)))))))) (. .))) </parse>
        <dependencies type="basic-dependencies">
          <dep type="root">
            <governor idx="0">ROOT</governor>
            <dependent idx="11">AMOUNTED</dependent>
          </dep>
          <dep type="case">
            <governor idx="4">REPORTS</governor>
            <dependent idx="1">ACCORDING</dependent>
          </dep>
          <dep type="case">
            <governor idx="4">REPORTS</governor>
            <dependent idx="2">TO</dependent>
          </dep>
          <dep type="amod">
            <governor idx="4">REPORTS</governor>
            <dependent idx="3">FINAL</dependent>
          </dep>
          <dep type="advcl">
            <governor idx="11">AMOUNTED</governor>
            <dependent idx="4">REPORTS</dependent>
          </dep>
          <dep type="amod">
            <governor idx="8">EXPORTS</governor>
            <dependent idx="6">COLOMBIAN</dependent>
          </dep>
          <dep type="compound">
            <governor idx="8">EXPORTS</governor>
            <dependent idx="7">OIL</dependent>
          </dep>
          <dep type="nsubj">
            <governor idx="11">AMOUNTED</governor>
            <dependent idx="8">EXPORTS</dependent>
          </dep>
          <dep type="case">
            <governor idx="10">1988</governor>
            <dependent idx="9">IN</dependent>
          </dep>
          <dep type="nmod">
            <governor idx="8">EXPORTS</governor>
            <dependent idx="10">1988</dependent>
          </dep>
          <dep type="case">
            <governor idx="13">$</governor>
            <dependent idx="12">TO</dependent>
          </dep>
          <dep type="nmod">
            <governor idx="11">AMOUNTED</governor>
            <dependent idx="13">$</dependent>
          </dep>
          <dep type="compound">
            <governor idx="15">MILLION</governor>
            <dependent idx="14">694.5</dependent>
          </dep>
          <dep type="nummod">
            <governor idx="13">$</governor>
            <dependent idx="15">MILLION</dependent>
          </dep>
          <dep type="case">
            <governor idx="20">$</governor>
            <dependent idx="17">AS</dependent>
          </dep>
          <dep type="case">
            <governor idx="20">$</governor>
            <dependent idx="18">COMPARED</dependent>
          </dep>
          <dep type="case">
            <governor idx="20">$</governor>
            <dependent idx="19">TO</dependent>
          </dep>
          <dep type="dep">
            <governor idx="11">AMOUNTED</governor>
            <dependent idx="20">$</dependent>
          </dep>
          <dep type="compound">
            <governor idx="22">MILLION</governor>
            <dependent idx="21">895.6</dependent>
          </dep>
          <dep type="nummod">
            <governor idx="20">$</governor>
            <dependent idx="22">MILLION</dependent>
          </dep>
          <dep type="case">
            <governor idx="24">1987</governor>
            <dependent idx="23">IN</dependent>
          </dep>
          <dep type="nmod">
            <governor idx="20">$</governor>
            <dependent idx="24">1987</dependent>
          </dep>
        </dependencies>
        <dependencies type="collapsed-dependencies">
          <dep type="root">
            <governor idx="0">ROOT</governor>
            <dependent idx="11">AMOUNTED</dependent>
          </dep>
          <dep type="case">
            <governor idx="4">REPORTS</governor>
            <dependent idx="1">ACCORDING</dependent>
          </dep>
          <dep type="mwe">
            <governor idx="1">ACCORDING</governor>
            <dependent idx="2">TO</dependent>
          </dep>
          <dep type="amod">
            <governor idx="4">REPORTS</governor>
            <dependent idx="3">FINAL</dependent>
          </dep>
          <dep type="advcl:according_to">
            <governor idx="11">AMOUNTED</governor>
            <dependent idx="4">REPORTS</dependent>
          </dep>
          <dep type="amod">
            <governor idx="8">EXPORTS</governor>
            <dependent idx="6">COLOMBIAN</dependent>
          </dep>
          <dep type="compound">
            <governor idx="8">EXPORTS</governor>
            <dependent idx="7">OIL</dependent>
          </dep>
          <dep type="nsubj">
            <governor idx="11">AMOUNTED</governor>
            <dependent idx="8">EXPORTS</dependent>
          </dep>
          <dep type="case">
            <governor idx="10">1988</governor>
            <dependent idx="9">IN</dependent>
          </dep>
          <dep type="nmod:in">
            <governor idx="8">EXPORTS</governor>
            <dependent idx="10">1988</dependent>
          </dep>
          <dep type="case">
            <governor idx="13">$</governor>
            <dependent idx="12">TO</dependent>
          </dep>
          <dep type="nmod:to">
            <governor idx="11">AMOUNTED</governor>
            <dependent idx="13">$</dependent>
          </dep>
          <dep type="compound">
            <governor idx="15">MILLION</governor>
            <dependent idx="14">694.5</dependent>
          </dep>
          <dep type="nummod">
            <governor idx="13">$</governor>
            <dependent idx="15">MILLION</dependent>
          </dep>
          <dep type="case">
            <governor idx="20">$</governor>
            <dependent idx="17">AS</dependent>
          </dep>
          <dep type="case">
            <governor idx="20">$</governor>
            <dependent idx="18">COMPARED</dependent>
          </dep>
          <dep type="mwe">
            <governor idx="18">COMPARED</governor>
            <dependent idx="19">TO</dependent>
          </dep>
          <dep type="dep">
            <governor idx="11">AMOUNTED</governor>
            <dependent idx="20">$</dependent>
          </dep>
          <dep type="compound">
            <governor idx="22">MILLION</governor>
            <dependent idx="21">895.6</dependent>
          </dep>
          <dep type="nummod">
            <governor idx="20">$</governor>
            <dependent idx="22">MILLION</dependent>
          </dep>
          <dep type="case">
            <governor idx="24">1987</governor>
            <dependent idx="23">IN</dependent>
          </dep>
          <dep type="nmod:in">
            <governor idx="20">$</governor>
            <dependent idx="24">1987</dependent>
          </dep>
        </dependencies>
        <dependencies type="collapsed-ccprocessed-dependencies">
          <dep type="root">
            <governor idx="0">ROOT</governor>
            <dependent idx="11">AMOUNTED</dependent>
          </dep>
          <dep type="case">
            <governor idx="4">REPORTS</governor>
            <dependent idx="1">ACCORDING</dependent>
          </dep>
          <dep type="mwe">
            <governor idx="1">ACCORDING</governor>
            <dependent idx="2">TO</dependent>
          </dep>
          <dep type="amod">
            <governor idx="4">REPORTS</governor>
            <dependent idx="3">FINAL</dependent>
          </dep>
          <dep type="advcl:according_to">
            <governor idx="11">AMOUNTED</governor>
            <dependent idx="4">REPORTS</dependent>
          </dep>
          <dep type="amod">
            <governor idx="8">EXPORTS</governor>
            <dependent idx="6">COLOMBIAN</dependent>
          </dep>
          <dep type="compound">
            <governor idx="8">EXPORTS</governor>
            <dependent idx="7">OIL</dependent>
          </dep>
          <dep type="nsubj">
            <governor idx="11">AMOUNTED</governor>
            <dependent idx="8">EXPORTS</dependent>
          </dep>
          <dep type="case">
            <governor idx="10">1988</governor>
            <dependent idx="9">IN</dependent>
          </dep>
          <dep type="nmod:in">
            <governor idx="8">EXPORTS</governor>
            <dependent idx="10">1988</dependent>
          </dep>
          <dep type="case">
            <governor idx="13">$</governor>
            <dependent idx="12">TO</dependent>
          </dep>
          <dep type="nmod:to">
            <governor idx="11">AMOUNTED</governor>
            <dependent idx="13">$</dependent>
          </dep>
          <dep type="compound">
            <governor idx="15">MILLION</governor>
            <dependent idx="14">694.5</dependent>
          </dep>
          <dep type="nummod">
            <governor idx="13">$</governor>
            <dependent idx="15">MILLION</dependent>
          </dep>
          <dep type="case">
            <governor idx="20">$</governor>
            <dependent idx="17">AS</dependent>
          </dep>
          <dep type="case">
            <governor idx="20">$</governor>
            <dependent idx="18">COMPARED</dependent>
          </dep>
          <dep type="mwe">
            <governor idx="18">COMPARED</governor>
            <dependent idx="19">TO</dependent>
          </dep>
          <dep type="dep">
            <governor idx="11">AMOUNTED</governor>
            <dependent idx="20">$</dependent>
          </dep>
          <dep type="compound">
            <governor idx="22">MILLION</governor>
            <dependent idx="21">895.6</dependent>
          </dep>
          <dep type="nummod">
            <governor idx="20">$</governor>
            <dependent idx="22">MILLION</dependent>
          </dep>
          <dep type="case">
            <governor idx="24">1987</governor>
            <dependent idx="23">IN</dependent>
          </dep>
          <dep type="nmod:in">
            <governor idx="20">$</governor>
            <dependent idx="24">1987</dependent>
          </dep>
        </dependencies>
      </sentence>
    </sentences>
    <coreference>
      <coreference>
        <mention representative="true">
          <sentence>1</sentence>
          <start>7</start>
          <end>10</end>
          <head>7</head>
          <text>21 JAN 89</text>
        </mention>
        <mention>
          <sentence>1</sentence>
          <start>1</start>
          <end>6</end>
          <head>1</head>
          <text>DEV-MUC3-0056 -LRB- NOSC -RRB- BOGOTA</text>
        </mention>
        <mention>
          <sentence>1</sentence>
          <start>12</start>
          <end>16</end>
          <head>12</head>
          <text>SUMMARY -RSB- EL TIEMPO</text>
        </mention>
      </coreference>
      <coreference>
        <mention representative="true">
          <sentence>1</sentence>
          <start>27</start>
          <end>28</end>
          <head>27</head>
          <text>1988</text>
        </mention>
        <mention>
          <sentence>1</sentence>
          <start>44</start>
          <end>45</end>
          <head>44</head>
          <text>1988</text>
        </mention>
        <mention>
          <sentence>3</sentence>
          <start>13</start>
          <end>14</end>
          <head>13</head>
          <text>1988</text>
        </mention>
        <mention>
          <sentence>4</sentence>
          <start>10</start>
          <end>11</end>
          <head>10</head>
          <text>1988</text>
        </mention>
      </coreference>
      <coreference>
        <mention representative="true">
          <sentence>1</sentence>
          <start>38</start>
          <end>39</end>
          <head>38</head>
          <text>1987</text>
        </mention>
        <mention>
          <sentence>3</sentence>
          <start>22</start>
          <end>23</end>
          <head>22</head>
          <text>1987</text>
        </mention>
        <mention>
          <sentence>4</sentence>
          <start>24</start>
          <end>25</end>
          <head>24</head>
          <text>1987</text>
        </mention>
      </coreference>
      <coreference>
        <mention representative="true">
          <sentence>3</sentence>
          <start>5</start>
          <end>6</end>
          <head>5</head>
          <text>COLOMBIA</text>
        </mention>
        <mention>
          <sentence>3</sentence>
          <start>16</start>
          <end>17</end>
          <head>16</head>
          <text>IT</text>
        </mention>
      </coreference>
    </coreference>
  </document>
</root>
