<?xml version="1.0" encoding="ASCII"?>
<?xml-stylesheet href="CoreNLP-to-HTML.xsl" type="text/xsl"?>
<root>
  <document>
    <sentences>
      <sentence id="1">
        <tokens>
          <token id="1">
            <word>DEV-MUC3-0065</word>
            <lemma>dev-muc3-0065</lemma>
            <CharacterOffsetBegin>0</CharacterOffsetBegin>
            <CharacterOffsetEnd>13</CharacterOffsetEnd>
            <POS>NN</POS>
            <NER>O</NER>
            <Speaker>PER0</Speaker>
          </token>
          <token id="2">
            <word>-LRB-</word>
            <lemma>-lrb-</lemma>
            <CharacterOffsetBegin>14</CharacterOffsetBegin>
            <CharacterOffsetEnd>15</CharacterOffsetEnd>
            <POS>-LRB-</POS>
            <NER>O</NER>
            <Speaker>PER0</Speaker>
          </token>
          <token id="3">
            <word>NOSC</word>
            <lemma>nosc</lemma>
            <CharacterOffsetBegin>15</CharacterOffsetBegin>
            <CharacterOffsetEnd>19</CharacterOffsetEnd>
            <POS>NN</POS>
            <NER>O</NER>
            <Speaker>PER0</Speaker>
          </token>
          <token id="4">
            <word>-RRB-</word>
            <lemma>-rrb-</lemma>
            <CharacterOffsetBegin>19</CharacterOffsetBegin>
            <CharacterOffsetEnd>20</CharacterOffsetEnd>
            <POS>-RRB-</POS>
            <NER>O</NER>
            <Speaker>PER0</Speaker>
          </token>
          <token id="5">
            <word>CORRIENTES</word>
            <lemma>corriente</lemma>
            <CharacterOffsetBegin>25</CharacterOffsetBegin>
            <CharacterOffsetEnd>35</CharacterOffsetEnd>
            <POS>NNS</POS>
            <NER>O</NER>
            <Speaker>PER0</Speaker>
          </token>
          <token id="6">
            <word>,</word>
            <lemma>,</lemma>
            <CharacterOffsetBegin>35</CharacterOffsetBegin>
            <CharacterOffsetEnd>36</CharacterOffsetEnd>
            <POS>,</POS>
            <NER>O</NER>
            <Speaker>PER0</Speaker>
          </token>
          <token id="7">
            <word>6</word>
            <lemma>6</lemma>
            <CharacterOffsetBegin>37</CharacterOffsetBegin>
            <CharacterOffsetEnd>38</CharacterOffsetEnd>
            <POS>CD</POS>
            <NER>DATE</NER>
            <NormalizedNER>XXXX-02-06</NormalizedNER>
            <Speaker>PER0</Speaker>
            <Timex tid="t1" type="DATE">XXXX-02-06</Timex>
          </token>
          <token id="8">
            <word>FEB</word>
            <lemma>FEB</lemma>
            <CharacterOffsetBegin>39</CharacterOffsetBegin>
            <CharacterOffsetEnd>42</CharacterOffsetEnd>
            <POS>NNP</POS>
            <NER>DATE</NER>
            <NormalizedNER>XXXX-02-06</NormalizedNER>
            <Speaker>PER0</Speaker>
            <Timex tid="t1" type="DATE">XXXX-02-06</Timex>
          </token>
          <token id="9">
            <word>89</word>
            <lemma>89</lemma>
            <CharacterOffsetBegin>43</CharacterOffsetBegin>
            <CharacterOffsetEnd>45</CharacterOffsetEnd>
            <POS>CD</POS>
            <NER>NUMBER</NER>
            <NormalizedNER>89.0</NormalizedNER>
            <Speaker>PER0</Speaker>
          </token>
          <token id="10">
            <word>-LRB-</word>
            <lemma>-lrb-</lemma>
            <CharacterOffsetBegin>46</CharacterOffsetBegin>
            <CharacterOffsetEnd>47</CharacterOffsetEnd>
            <POS>-LRB-</POS>
            <NER>O</NER>
            <Speaker>PER0</Speaker>
          </token>
          <token id="11">
            <word>NA</word>
            <lemma>na</lemma>
            <CharacterOffsetBegin>47</CharacterOffsetBegin>
            <CharacterOffsetEnd>49</CharacterOffsetEnd>
            <POS>TO</POS>
            <NER>O</NER>
            <Speaker>PER0</Speaker>
          </token>
          <token id="12">
            <word>-RRB-</word>
            <lemma>-rrb-</lemma>
            <CharacterOffsetBegin>49</CharacterOffsetBegin>
            <CharacterOffsetEnd>50</CharacterOffsetEnd>
            <POS>-RRB-</POS>
            <NER>O</NER>
            <Speaker>PER0</Speaker>
          </token>
          <token id="13">
            <word>--</word>
            <lemma>--</lemma>
            <CharacterOffsetBegin>51</CharacterOffsetBegin>
            <CharacterOffsetEnd>53</CharacterOffsetEnd>
            <POS>:</POS>
            <NER>O</NER>
            <Speaker>PER0</Speaker>
          </token>
          <token id="14">
            <word>-LSB-</word>
            <lemma>-lsb-</lemma>
            <CharacterOffsetBegin>54</CharacterOffsetBegin>
            <CharacterOffsetEnd>55</CharacterOffsetEnd>
            <POS>-LRB-</POS>
            <NER>O</NER>
            <Speaker>PER0</Speaker>
          </token>
          <token id="15">
            <word>TEXT</word>
            <lemma>text</lemma>
            <CharacterOffsetBegin>55</CharacterOffsetBegin>
            <CharacterOffsetEnd>59</CharacterOffsetEnd>
            <POS>NN</POS>
            <NER>O</NER>
            <Speaker>PER0</Speaker>
          </token>
          <token id="16">
            <word>-RSB-</word>
            <lemma>-rsb-</lemma>
            <CharacterOffsetBegin>59</CharacterOffsetBegin>
            <CharacterOffsetEnd>60</CharacterOffsetEnd>
            <POS>-RRB-</POS>
            <NER>O</NER>
            <Speaker>PER0</Speaker>
          </token>
          <token id="17">
            <word>TWO</word>
            <lemma>two</lemma>
            <CharacterOffsetBegin>61</CharacterOffsetBegin>
            <CharacterOffsetEnd>64</CharacterOffsetEnd>
            <POS>CD</POS>
            <NER>NUMBER</NER>
            <NormalizedNER>2.0</NormalizedNER>
            <Speaker>PER0</Speaker>
          </token>
          <token id="18">
            <word>INDIVIDUALS</word>
            <lemma>individual</lemma>
            <CharacterOffsetBegin>65</CharacterOffsetBegin>
            <CharacterOffsetEnd>76</CharacterOffsetEnd>
            <POS>NNS</POS>
            <NER>O</NER>
            <Speaker>PER0</Speaker>
          </token>
          <token id="19">
            <word>WEARING</word>
            <lemma>wear</lemma>
            <CharacterOffsetBegin>77</CharacterOffsetBegin>
            <CharacterOffsetEnd>84</CharacterOffsetEnd>
            <POS>VBG</POS>
            <NER>O</NER>
            <Speaker>PER0</Speaker>
          </token>
          <token id="20">
            <word>MILITARY</word>
            <lemma>military</lemma>
            <CharacterOffsetBegin>85</CharacterOffsetBegin>
            <CharacterOffsetEnd>93</CharacterOffsetEnd>
            <POS>JJ</POS>
            <NER>O</NER>
            <Speaker>PER0</Speaker>
          </token>
          <token id="21">
            <word>UNIFORMS</word>
            <lemma>uniform</lemma>
            <CharacterOffsetBegin>94</CharacterOffsetBegin>
            <CharacterOffsetEnd>102</CharacterOffsetEnd>
            <POS>NNS</POS>
            <NER>O</NER>
            <Speaker>PER0</Speaker>
          </token>
          <token id="22">
            <word>AND</word>
            <lemma>and</lemma>
            <CharacterOffsetBegin>103</CharacterOffsetBegin>
            <CharacterOffsetEnd>106</CharacterOffsetEnd>
            <POS>CC</POS>
            <NER>O</NER>
            <Speaker>PER0</Speaker>
          </token>
          <token id="23">
            <word>CARRYING</word>
            <lemma>carry</lemma>
            <CharacterOffsetBegin>107</CharacterOffsetBegin>
            <CharacterOffsetEnd>115</CharacterOffsetEnd>
            <POS>VBG</POS>
            <NER>O</NER>
            <Speaker>PER0</Speaker>
          </token>
          <token id="24">
            <word>SUBMACHINEGUNS</word>
            <lemma>submachinegun</lemma>
            <CharacterOffsetBegin>116</CharacterOffsetBegin>
            <CharacterOffsetEnd>130</CharacterOffsetEnd>
            <POS>NNS</POS>
            <NER>O</NER>
            <Speaker>PER0</Speaker>
          </token>
          <token id="25">
            <word>EARLY</word>
            <lemma>early</lemma>
            <CharacterOffsetBegin>131</CharacterOffsetBegin>
            <CharacterOffsetEnd>136</CharacterOffsetEnd>
            <POS>RB</POS>
            <NER>DATE</NER>
            <NormalizedNER>THIS MO</NormalizedNER>
            <Speaker>PER0</Speaker>
            <Timex tid="t2" type="DATE"/>
          </token>
          <token id="26">
            <word>THIS</word>
            <lemma>this</lemma>
            <CharacterOffsetBegin>137</CharacterOffsetBegin>
            <CharacterOffsetEnd>141</CharacterOffsetEnd>
            <POS>DT</POS>
            <NER>TIME</NER>
            <NormalizedNER>THIS MO</NormalizedNER>
            <Speaker>PER0</Speaker>
            <Timex tid="t2" type="DATE"/>
          </token>
          <token id="27">
            <word>MORNING</word>
            <lemma>morning</lemma>
            <CharacterOffsetBegin>142</CharacterOffsetBegin>
            <CharacterOffsetEnd>149</CharacterOffsetEnd>
            <POS>NN</POS>
            <NER>TIME</NER>
            <NormalizedNER>THIS MO</NormalizedNER>
            <Speaker>PER0</Speaker>
            <Timex tid="t2" type="DATE"/>
          </token>
          <token id="28">
            <word>ENTERED</word>
            <lemma>enter</lemma>
            <CharacterOffsetBegin>150</CharacterOffsetBegin>
            <CharacterOffsetEnd>157</CharacterOffsetEnd>
            <POS>VBD</POS>
            <NER>O</NER>
            <Speaker>PER0</Speaker>
          </token>
          <token id="29">
            <word>THE</word>
            <lemma>the</lemma>
            <CharacterOffsetBegin>158</CharacterOffsetBegin>
            <CharacterOffsetEnd>161</CharacterOffsetEnd>
            <POS>DT</POS>
            <NER>O</NER>
            <Speaker>PER0</Speaker>
          </token>
          <token id="30">
            <word>INFANT</word>
            <lemma>infant</lemma>
            <CharacterOffsetBegin>162</CharacterOffsetBegin>
            <CharacterOffsetEnd>168</CharacterOffsetEnd>
            <POS>NN</POS>
            <NER>O</NER>
            <Speaker>PER0</Speaker>
          </token>
          <token id="31">
            <word>HEALTH</word>
            <lemma>health</lemma>
            <CharacterOffsetBegin>169</CharacterOffsetBegin>
            <CharacterOffsetEnd>175</CharacterOffsetEnd>
            <POS>NN</POS>
            <NER>O</NER>
            <Speaker>PER0</Speaker>
          </token>
          <token id="32">
            <word>CENTER</word>
            <lemma>center</lemma>
            <CharacterOffsetBegin>176</CharacterOffsetBegin>
            <CharacterOffsetEnd>182</CharacterOffsetEnd>
            <POS>NN</POS>
            <NER>O</NER>
            <Speaker>PER0</Speaker>
          </token>
          <token id="33">
            <word>OF</word>
            <lemma>of</lemma>
            <CharacterOffsetBegin>183</CharacterOffsetBegin>
            <CharacterOffsetEnd>185</CharacterOffsetEnd>
            <POS>IN</POS>
            <NER>O</NER>
            <Speaker>PER0</Speaker>
          </token>
          <token id="34">
            <word>MERCEDES</word>
            <lemma>MERCEDES</lemma>
            <CharacterOffsetBegin>186</CharacterOffsetBegin>
            <CharacterOffsetEnd>194</CharacterOffsetEnd>
            <POS>NNP</POS>
            <NER>ORGANIZATION</NER>
            <Speaker>PER0</Speaker>
          </token>
          <token id="35">
            <word>,</word>
            <lemma>,</lemma>
            <CharacterOffsetBegin>194</CharacterOffsetBegin>
            <CharacterOffsetEnd>195</CharacterOffsetEnd>
            <POS>,</POS>
            <NER>O</NER>
            <Speaker>PER0</Speaker>
          </token>
          <token id="36">
            <word>240</word>
            <lemma>240</lemma>
            <CharacterOffsetBegin>196</CharacterOffsetBegin>
            <CharacterOffsetEnd>199</CharacterOffsetEnd>
            <POS>CD</POS>
            <NER>NUMBER</NER>
            <NormalizedNER>240.0</NormalizedNER>
            <Speaker>PER0</Speaker>
          </token>
          <token id="37">
            <word>KM</word>
            <lemma>km</lemma>
            <CharacterOffsetBegin>200</CharacterOffsetBegin>
            <CharacterOffsetEnd>202</CharacterOffsetEnd>
            <POS>NN</POS>
            <NER>O</NER>
            <Speaker>PER0</Speaker>
          </token>
          <token id="38">
            <word>FROM</word>
            <lemma>from</lemma>
            <CharacterOffsetBegin>203</CharacterOffsetBegin>
            <CharacterOffsetEnd>207</CharacterOffsetEnd>
            <POS>IN</POS>
            <NER>O</NER>
            <Speaker>PER0</Speaker>
          </token>
          <token id="39">
            <word>CORRIENTES</word>
            <lemma>CORRIENTES</lemma>
            <CharacterOffsetBegin>208</CharacterOffsetBegin>
            <CharacterOffsetEnd>218</CharacterOffsetEnd>
            <POS>NNP</POS>
            <NER>O</NER>
            <Speaker>PER0</Speaker>
          </token>
          <token id="40">
            <word>,</word>
            <lemma>,</lemma>
            <CharacterOffsetBegin>218</CharacterOffsetBegin>
            <CharacterOffsetEnd>219</CharacterOffsetEnd>
            <POS>,</POS>
            <NER>O</NER>
            <Speaker>PER0</Speaker>
          </token>
          <token id="41">
            <word>AND</word>
            <lemma>and</lemma>
            <CharacterOffsetBegin>220</CharacterOffsetBegin>
            <CharacterOffsetEnd>223</CharacterOffsetEnd>
            <POS>CC</POS>
            <NER>O</NER>
            <Speaker>PER0</Speaker>
          </token>
          <token id="42">
            <word>TOOK</word>
            <lemma>take</lemma>
            <CharacterOffsetBegin>224</CharacterOffsetBegin>
            <CharacterOffsetEnd>228</CharacterOffsetEnd>
            <POS>VBD</POS>
            <NER>O</NER>
            <Speaker>PER0</Speaker>
          </token>
          <token id="43">
            <word>LARGE</word>
            <lemma>large</lemma>
            <CharacterOffsetBegin>229</CharacterOffsetBegin>
            <CharacterOffsetEnd>234</CharacterOffsetEnd>
            <POS>JJ</POS>
            <NER>O</NER>
            <Speaker>PER0</Speaker>
          </token>
          <token id="44">
            <word>QUANTITIES</word>
            <lemma>quantity</lemma>
            <CharacterOffsetBegin>235</CharacterOffsetBegin>
            <CharacterOffsetEnd>245</CharacterOffsetEnd>
            <POS>NNS</POS>
            <NER>O</NER>
            <Speaker>PER0</Speaker>
          </token>
          <token id="45">
            <word>OF</word>
            <lemma>of</lemma>
            <CharacterOffsetBegin>246</CharacterOffsetBegin>
            <CharacterOffsetEnd>248</CharacterOffsetEnd>
            <POS>IN</POS>
            <NER>O</NER>
            <Speaker>PER0</Speaker>
          </token>
          <token id="46">
            <word>BLOOD</word>
            <lemma>blood</lemma>
            <CharacterOffsetBegin>249</CharacterOffsetBegin>
            <CharacterOffsetEnd>254</CharacterOffsetEnd>
            <POS>NN</POS>
            <NER>O</NER>
            <Speaker>PER0</Speaker>
          </token>
          <token id="47">
            <word>,</word>
            <lemma>,</lemma>
            <CharacterOffsetBegin>254</CharacterOffsetBegin>
            <CharacterOffsetEnd>255</CharacterOffsetEnd>
            <POS>,</POS>
            <NER>O</NER>
            <Speaker>PER0</Speaker>
          </token>
          <token id="48">
            <word>SERUM</word>
            <lemma>serum</lemma>
            <CharacterOffsetBegin>256</CharacterOffsetBegin>
            <CharacterOffsetEnd>261</CharacterOffsetEnd>
            <POS>NN</POS>
            <NER>O</NER>
            <Speaker>PER0</Speaker>
          </token>
          <token id="49">
            <word>AND</word>
            <lemma>and</lemma>
            <CharacterOffsetBegin>262</CharacterOffsetBegin>
            <CharacterOffsetEnd>265</CharacterOffsetEnd>
            <POS>CC</POS>
            <NER>O</NER>
            <Speaker>PER0</Speaker>
          </token>
          <token id="50">
            <word>MEDICINE</word>
            <lemma>medicine</lemma>
            <CharacterOffsetBegin>266</CharacterOffsetBegin>
            <CharacterOffsetEnd>274</CharacterOffsetEnd>
            <POS>NN</POS>
            <NER>O</NER>
            <Speaker>PER0</Speaker>
          </token>
          <token id="51">
            <word>.</word>
            <lemma>.</lemma>
            <CharacterOffsetBegin>274</CharacterOffsetBegin>
            <CharacterOffsetEnd>275</CharacterOffsetEnd>
            <POS>.</POS>
            <NER>O</NER>
            <Speaker>PER0</Speaker>
          </token>
        </tokens>
        <parse>(ROOT (S (NP (NP (NN DEV-MUC3-0065)) (PRN (-LRB- -LRB-) (NP (NN NOSC)) (-RRB- -RRB-)) (NP (NNS CORRIENTES)) (, ,) (NP (NP (CD 6) (NNP FEB) (CD 89)) (PRN (-LRB- -LRB-) (X (TO NA)) (-RRB- -RRB-))) (: --)) (VP (-LRB- -LSB-) (SBAR (S (NP (NP (NN TEXT)) (PP (-RRB- -RSB-) (NP (NP (CD TWO) (NNS INDIVIDUALS)) (VP (VP (VBG WEARING) (NP (JJ MILITARY) (NNS UNIFORMS))) (CC AND) (VP (VBG CARRYING) (NP (NNS SUBMACHINEGUNS)) (NP-TMP (RB EARLY) (DT THIS) (NN MORNING))))))) (VP (VP (VBD ENTERED) (NP (NP (DT THE) (NN INFANT) (NN HEALTH) (NN CENTER)) (PP (IN OF) (NP (NP (NNP MERCEDES)) (, ,) (NP (NP (CD 240) (NN KM)) (PP (IN FROM) (NP (NNP CORRIENTES)))) (, ,))))) (CC AND) (VP (VBD TOOK) (NP (NP (JJ LARGE) (NNS QUANTITIES)) (PP (IN OF) (NP (NN BLOOD) (, ,) (NN SERUM) (CC AND) (NN MEDICINE))))))))) (. .))) </parse>
        <dependencies type="basic-dependencies">
          <dep type="root">
            <governor idx="0">ROOT</governor>
            <dependent idx="28">ENTERED</dependent>
          </dep>
          <dep type="nsubj">
            <governor idx="28">ENTERED</governor>
            <dependent idx="1">DEV-MUC3-0065</dependent>
          </dep>
          <dep type="appos">
            <governor idx="1">DEV-MUC3-0065</governor>
            <dependent idx="3">NOSC</dependent>
          </dep>
          <dep type="dep">
            <governor idx="1">DEV-MUC3-0065</governor>
            <dependent idx="5">CORRIENTES</dependent>
          </dep>
          <dep type="nummod">
            <governor idx="8">FEB</governor>
            <dependent idx="7">6</dependent>
          </dep>
          <dep type="appos">
            <governor idx="1">DEV-MUC3-0065</governor>
            <dependent idx="8">FEB</dependent>
          </dep>
          <dep type="nummod">
            <governor idx="8">FEB</governor>
            <dependent idx="9">89</dependent>
          </dep>
          <dep type="dep">
            <governor idx="8">FEB</governor>
            <dependent idx="11">NA</dependent>
          </dep>
          <dep type="nsubj">
            <governor idx="28">ENTERED</governor>
            <dependent idx="15">TEXT</dependent>
          </dep>
          <dep type="nummod">
            <governor idx="18">INDIVIDUALS</governor>
            <dependent idx="17">TWO</dependent>
          </dep>
          <dep type="nmod">
            <governor idx="15">TEXT</governor>
            <dependent idx="18">INDIVIDUALS</dependent>
          </dep>
          <dep type="dep">
            <governor idx="18">INDIVIDUALS</governor>
            <dependent idx="19">WEARING</dependent>
          </dep>
          <dep type="amod">
            <governor idx="21">UNIFORMS</governor>
            <dependent idx="20">MILITARY</dependent>
          </dep>
          <dep type="dobj">
            <governor idx="19">WEARING</governor>
            <dependent idx="21">UNIFORMS</dependent>
          </dep>
          <dep type="cc">
            <governor idx="19">WEARING</governor>
            <dependent idx="22">AND</dependent>
          </dep>
          <dep type="conj">
            <governor idx="19">WEARING</governor>
            <dependent idx="23">CARRYING</dependent>
          </dep>
          <dep type="dobj">
            <governor idx="23">CARRYING</governor>
            <dependent idx="24">SUBMACHINEGUNS</dependent>
          </dep>
          <dep type="advmod">
            <governor idx="27">MORNING</governor>
            <dependent idx="25">EARLY</dependent>
          </dep>
          <dep type="det">
            <governor idx="27">MORNING</governor>
            <dependent idx="26">THIS</dependent>
          </dep>
          <dep type="nmod:tmod">
            <governor idx="23">CARRYING</governor>
            <dependent idx="27">MORNING</dependent>
          </dep>
          <dep type="det">
            <governor idx="32">CENTER</governor>
            <dependent idx="29">THE</dependent>
          </dep>
          <dep type="compound">
            <governor idx="32">CENTER</governor>
            <dependent idx="30">INFANT</dependent>
          </dep>
          <dep type="compound">
            <governor idx="32">CENTER</governor>
            <dependent idx="31">HEALTH</dependent>
          </dep>
          <dep type="dobj">
            <governor idx="28">ENTERED</governor>
            <dependent idx="32">CENTER</dependent>
          </dep>
          <dep type="case">
            <governor idx="34">MERCEDES</governor>
            <dependent idx="33">OF</dependent>
          </dep>
          <dep type="nmod">
            <governor idx="32">CENTER</governor>
            <dependent idx="34">MERCEDES</dependent>
          </dep>
          <dep type="nummod">
            <governor idx="37">KM</governor>
            <dependent idx="36">240</dependent>
          </dep>
          <dep type="appos">
            <governor idx="34">MERCEDES</governor>
            <dependent idx="37">KM</dependent>
          </dep>
          <dep type="case">
            <governor idx="39">CORRIENTES</governor>
            <dependent idx="38">FROM</dependent>
          </dep>
          <dep type="nmod">
            <governor idx="37">KM</governor>
            <dependent idx="39">CORRIENTES</dependent>
          </dep>
          <dep type="cc">
            <governor idx="28">ENTERED</governor>
            <dependent idx="41">AND</dependent>
          </dep>
          <dep type="conj">
            <governor idx="28">ENTERED</governor>
            <dependent idx="42">TOOK</dependent>
          </dep>
          <dep type="amod">
            <governor idx="44">QUANTITIES</governor>
            <dependent idx="43">LARGE</dependent>
          </dep>
          <dep type="dobj">
            <governor idx="42">TOOK</governor>
            <dependent idx="44">QUANTITIES</dependent>
          </dep>
          <dep type="case">
            <governor idx="46">BLOOD</governor>
            <dependent idx="45">OF</dependent>
          </dep>
          <dep type="nmod">
            <governor idx="44">QUANTITIES</governor>
            <dependent idx="46">BLOOD</dependent>
          </dep>
          <dep type="conj">
            <governor idx="46">BLOOD</governor>
            <dependent idx="48">SERUM</dependent>
          </dep>
          <dep type="cc">
            <governor idx="46">BLOOD</governor>
            <dependent idx="49">AND</dependent>
          </dep>
          <dep type="conj">
            <governor idx="46">BLOOD</governor>
            <dependent idx="50">MEDICINE</dependent>
          </dep>
        </dependencies>
        <dependencies type="collapsed-dependencies">
          <dep type="root">
            <governor idx="0">ROOT</governor>
            <dependent idx="28">ENTERED</dependent>
          </dep>
          <dep type="nsubj">
            <governor idx="28">ENTERED</governor>
            <dependent idx="1">DEV-MUC3-0065</dependent>
          </dep>
          <dep type="appos">
            <governor idx="1">DEV-MUC3-0065</governor>
            <dependent idx="3">NOSC</dependent>
          </dep>
          <dep type="dep">
            <governor idx="1">DEV-MUC3-0065</governor>
            <dependent idx="5">CORRIENTES</dependent>
          </dep>
          <dep type="nummod">
            <governor idx="8">FEB</governor>
            <dependent idx="7">6</dependent>
          </dep>
          <dep type="appos">
            <governor idx="1">DEV-MUC3-0065</governor>
            <dependent idx="8">FEB</dependent>
          </dep>
          <dep type="nummod">
            <governor idx="8">FEB</governor>
            <dependent idx="9">89</dependent>
          </dep>
          <dep type="dep">
            <governor idx="8">FEB</governor>
            <dependent idx="11">NA</dependent>
          </dep>
          <dep type="nsubj">
            <governor idx="28">ENTERED</governor>
            <dependent idx="15">TEXT</dependent>
          </dep>
          <dep type="nummod">
            <governor idx="18">INDIVIDUALS</governor>
            <dependent idx="17">TWO</dependent>
          </dep>
          <dep type="nmod">
            <governor idx="15">TEXT</governor>
            <dependent idx="18">INDIVIDUALS</dependent>
          </dep>
          <dep type="dep">
            <governor idx="18">INDIVIDUALS</governor>
            <dependent idx="19">WEARING</dependent>
          </dep>
          <dep type="amod">
            <governor idx="21">UNIFORMS</governor>
            <dependent idx="20">MILITARY</dependent>
          </dep>
          <dep type="dobj">
            <governor idx="19">WEARING</governor>
            <dependent idx="21">UNIFORMS</dependent>
          </dep>
          <dep type="cc">
            <governor idx="19">WEARING</governor>
            <dependent idx="22">AND</dependent>
          </dep>
          <dep type="conj:and">
            <governor idx="19">WEARING</governor>
            <dependent idx="23">CARRYING</dependent>
          </dep>
          <dep type="dobj">
            <governor idx="23">CARRYING</governor>
            <dependent idx="24">SUBMACHINEGUNS</dependent>
          </dep>
          <dep type="advmod">
            <governor idx="27">MORNING</governor>
            <dependent idx="25">EARLY</dependent>
          </dep>
          <dep type="det">
            <governor idx="27">MORNING</governor>
            <dependent idx="26">THIS</dependent>
          </dep>
          <dep type="nmod:tmod">
            <governor idx="23">CARRYING</governor>
            <dependent idx="27">MORNING</dependent>
          </dep>
          <dep type="det">
            <governor idx="32">CENTER</governor>
            <dependent idx="29">THE</dependent>
          </dep>
          <dep type="compound">
            <governor idx="32">CENTER</governor>
            <dependent idx="30">INFANT</dependent>
          </dep>
          <dep type="compound">
            <governor idx="32">CENTER</governor>
            <dependent idx="31">HEALTH</dependent>
          </dep>
          <dep type="dobj">
            <governor idx="28">ENTERED</governor>
            <dependent idx="32">CENTER</dependent>
          </dep>
          <dep type="case">
            <governor idx="34">MERCEDES</governor>
            <dependent idx="33">OF</dependent>
          </dep>
          <dep type="nmod:of">
            <governor idx="32">CENTER</governor>
            <dependent idx="34">MERCEDES</dependent>
          </dep>
          <dep type="nummod">
            <governor idx="37">KM</governor>
            <dependent idx="36">240</dependent>
          </dep>
          <dep type="appos">
            <governor idx="34">MERCEDES</governor>
            <dependent idx="37">KM</dependent>
          </dep>
          <dep type="case">
            <governor idx="39">CORRIENTES</governor>
            <dependent idx="38">FROM</dependent>
          </dep>
          <dep type="nmod:from">
            <governor idx="37">KM</governor>
            <dependent idx="39">CORRIENTES</dependent>
          </dep>
          <dep type="cc">
            <governor idx="28">ENTERED</governor>
            <dependent idx="41">AND</dependent>
          </dep>
          <dep type="conj:and">
            <governor idx="28">ENTERED</governor>
            <dependent idx="42">TOOK</dependent>
          </dep>
          <dep type="amod">
            <governor idx="44">QUANTITIES</governor>
            <dependent idx="43">LARGE</dependent>
          </dep>
          <dep type="dobj">
            <governor idx="42">TOOK</governor>
            <dependent idx="44">QUANTITIES</dependent>
          </dep>
          <dep type="case">
            <governor idx="46">BLOOD</governor>
            <dependent idx="45">OF</dependent>
          </dep>
          <dep type="nmod:of">
            <governor idx="44">QUANTITIES</governor>
            <dependent idx="46">BLOOD</dependent>
          </dep>
          <dep type="conj:and">
            <governor idx="46">BLOOD</governor>
            <dependent idx="48">SERUM</dependent>
          </dep>
          <dep type="cc">
            <governor idx="46">BLOOD</governor>
            <dependent idx="49">AND</dependent>
          </dep>
          <dep type="conj:and">
            <governor idx="46">BLOOD</governor>
            <dependent idx="50">MEDICINE</dependent>
          </dep>
        </dependencies>
        <dependencies type="collapsed-ccprocessed-dependencies">
          <dep type="root">
            <governor idx="0">ROOT</governor>
            <dependent idx="28">ENTERED</dependent>
          </dep>
          <dep type="nsubj">
            <governor idx="28">ENTERED</governor>
            <dependent idx="1">DEV-MUC3-0065</dependent>
          </dep>
          <dep type="nsubj" extra="true">
            <governor idx="42">TOOK</governor>
            <dependent idx="1">DEV-MUC3-0065</dependent>
          </dep>
          <dep type="appos">
            <governor idx="1">DEV-MUC3-0065</governor>
            <dependent idx="3">NOSC</dependent>
          </dep>
          <dep type="dep">
            <governor idx="1">DEV-MUC3-0065</governor>
            <dependent idx="5">CORRIENTES</dependent>
          </dep>
          <dep type="nummod">
            <governor idx="8">FEB</governor>
            <dependent idx="7">6</dependent>
          </dep>
          <dep type="appos">
            <governor idx="1">DEV-MUC3-0065</governor>
            <dependent idx="8">FEB</dependent>
          </dep>
          <dep type="nummod">
            <governor idx="8">FEB</governor>
            <dependent idx="9">89</dependent>
          </dep>
          <dep type="dep">
            <governor idx="8">FEB</governor>
            <dependent idx="11">NA</dependent>
          </dep>
          <dep type="nsubj">
            <governor idx="28">ENTERED</governor>
            <dependent idx="15">TEXT</dependent>
          </dep>
          <dep type="nummod">
            <governor idx="18">INDIVIDUALS</governor>
            <dependent idx="17">TWO</dependent>
          </dep>
          <dep type="nmod">
            <governor idx="15">TEXT</governor>
            <dependent idx="18">INDIVIDUALS</dependent>
          </dep>
          <dep type="dep">
            <governor idx="18">INDIVIDUALS</governor>
            <dependent idx="19">WEARING</dependent>
          </dep>
          <dep type="amod">
            <governor idx="21">UNIFORMS</governor>
            <dependent idx="20">MILITARY</dependent>
          </dep>
          <dep type="dobj">
            <governor idx="19">WEARING</governor>
            <dependent idx="21">UNIFORMS</dependent>
          </dep>
          <dep type="cc">
            <governor idx="19">WEARING</governor>
            <dependent idx="22">AND</dependent>
          </dep>
          <dep type="dep" extra="true">
            <governor idx="18">INDIVIDUALS</governor>
            <dependent idx="23">CARRYING</dependent>
          </dep>
          <dep type="conj:and">
            <governor idx="19">WEARING</governor>
            <dependent idx="23">CARRYING</dependent>
          </dep>
          <dep type="dobj">
            <governor idx="23">CARRYING</governor>
            <dependent idx="24">SUBMACHINEGUNS</dependent>
          </dep>
          <dep type="advmod">
            <governor idx="27">MORNING</governor>
            <dependent idx="25">EARLY</dependent>
          </dep>
          <dep type="det">
            <governor idx="27">MORNING</governor>
            <dependent idx="26">THIS</dependent>
          </dep>
          <dep type="nmod:tmod">
            <governor idx="23">CARRYING</governor>
            <dependent idx="27">MORNING</dependent>
          </dep>
          <dep type="det">
            <governor idx="32">CENTER</governor>
            <dependent idx="29">THE</dependent>
          </dep>
          <dep type="compound">
            <governor idx="32">CENTER</governor>
            <dependent idx="30">INFANT</dependent>
          </dep>
          <dep type="compound">
            <governor idx="32">CENTER</governor>
            <dependent idx="31">HEALTH</dependent>
          </dep>
          <dep type="dobj">
            <governor idx="28">ENTERED</governor>
            <dependent idx="32">CENTER</dependent>
          </dep>
          <dep type="case">
            <governor idx="34">MERCEDES</governor>
            <dependent idx="33">OF</dependent>
          </dep>
          <dep type="nmod:of">
            <governor idx="32">CENTER</governor>
            <dependent idx="34">MERCEDES</dependent>
          </dep>
          <dep type="nummod">
            <governor idx="37">KM</governor>
            <dependent idx="36">240</dependent>
          </dep>
          <dep type="appos">
            <governor idx="34">MERCEDES</governor>
            <dependent idx="37">KM</dependent>
          </dep>
          <dep type="case">
            <governor idx="39">CORRIENTES</governor>
            <dependent idx="38">FROM</dependent>
          </dep>
          <dep type="nmod:from">
            <governor idx="37">KM</governor>
            <dependent idx="39">CORRIENTES</dependent>
          </dep>
          <dep type="cc">
            <governor idx="28">ENTERED</governor>
            <dependent idx="41">AND</dependent>
          </dep>
          <dep type="conj:and">
            <governor idx="28">ENTERED</governor>
            <dependent idx="42">TOOK</dependent>
          </dep>
          <dep type="amod">
            <governor idx="44">QUANTITIES</governor>
            <dependent idx="43">LARGE</dependent>
          </dep>
          <dep type="dobj">
            <governor idx="42">TOOK</governor>
            <dependent idx="44">QUANTITIES</dependent>
          </dep>
          <dep type="case">
            <governor idx="46">BLOOD</governor>
            <dependent idx="45">OF</dependent>
          </dep>
          <dep type="nmod:of">
            <governor idx="44">QUANTITIES</governor>
            <dependent idx="46">BLOOD</dependent>
          </dep>
          <dep type="nmod:of" extra="true">
            <governor idx="44">QUANTITIES</governor>
            <dependent idx="48">SERUM</dependent>
          </dep>
          <dep type="conj:and">
            <governor idx="46">BLOOD</governor>
            <dependent idx="48">SERUM</dependent>
          </dep>
          <dep type="cc">
            <governor idx="46">BLOOD</governor>
            <dependent idx="49">AND</dependent>
          </dep>
          <dep type="nmod:of" extra="true">
            <governor idx="44">QUANTITIES</governor>
            <dependent idx="50">MEDICINE</dependent>
          </dep>
          <dep type="conj:and">
            <governor idx="46">BLOOD</governor>
            <dependent idx="50">MEDICINE</dependent>
          </dep>
        </dependencies>
      </sentence>
      <sentence id="2">
        <tokens>
          <token id="1">
            <word>THIS</word>
            <lemma>this</lemma>
            <CharacterOffsetBegin>280</CharacterOffsetBegin>
            <CharacterOffsetEnd>284</CharacterOffsetEnd>
            <POS>DT</POS>
            <NER>O</NER>
            <Speaker>PER0</Speaker>
          </token>
          <token id="2">
            <word>INFORMATION</word>
            <lemma>information</lemma>
            <CharacterOffsetBegin>285</CharacterOffsetBegin>
            <CharacterOffsetEnd>296</CharacterOffsetEnd>
            <POS>NN</POS>
            <NER>O</NER>
            <Speaker>PER0</Speaker>
          </token>
          <token id="3">
            <word>AS</word>
            <lemma>as</lemma>
            <CharacterOffsetBegin>297</CharacterOffsetBegin>
            <CharacterOffsetEnd>299</CharacterOffsetEnd>
            <POS>IN</POS>
            <NER>O</NER>
            <Speaker>PER0</Speaker>
          </token>
          <token id="4">
            <word>CONFIRMED</word>
            <lemma>confirm</lemma>
            <CharacterOffsetBegin>300</CharacterOffsetBegin>
            <CharacterOffsetEnd>309</CharacterOffsetEnd>
            <POS>VBN</POS>
            <NER>O</NER>
            <Speaker>PER0</Speaker>
          </token>
          <token id="5">
            <word>BY</word>
            <lemma>by</lemma>
            <CharacterOffsetBegin>310</CharacterOffsetBegin>
            <CharacterOffsetEnd>312</CharacterOffsetEnd>
            <POS>IN</POS>
            <NER>O</NER>
            <Speaker>PER0</Speaker>
          </token>
          <token id="6">
            <word>MAYOR</word>
            <lemma>MAYOR</lemma>
            <CharacterOffsetBegin>313</CharacterOffsetBegin>
            <CharacterOffsetEnd>318</CharacterOffsetEnd>
            <POS>NNP</POS>
            <NER>O</NER>
            <Speaker>PER0</Speaker>
          </token>
          <token id="7">
            <word>JOSE</word>
            <lemma>JOSE</lemma>
            <CharacterOffsetBegin>319</CharacterOffsetBegin>
            <CharacterOffsetEnd>323</CharacterOffsetEnd>
            <POS>NNP</POS>
            <NER>PERSON</NER>
            <Speaker>PER0</Speaker>
          </token>
          <token id="8">
            <word>ALBERTO</word>
            <lemma>ALBERTO</lemma>
            <CharacterOffsetBegin>324</CharacterOffsetBegin>
            <CharacterOffsetEnd>331</CharacterOffsetEnd>
            <POS>NNP</POS>
            <NER>PERSON</NER>
            <Speaker>PER0</Speaker>
          </token>
          <token id="9">
            <word>TRONCOSO</word>
            <lemma>TRONCOSO</lemma>
            <CharacterOffsetBegin>332</CharacterOffsetBegin>
            <CharacterOffsetEnd>340</CharacterOffsetEnd>
            <POS>NNP</POS>
            <NER>PERSON</NER>
            <Speaker>PER0</Speaker>
          </token>
          <token id="10">
            <word>WHO</word>
            <lemma>who</lemma>
            <CharacterOffsetBegin>341</CharacterOffsetBegin>
            <CharacterOffsetEnd>344</CharacterOffsetEnd>
            <POS>WP</POS>
            <NER>O</NER>
            <Speaker>PER0</Speaker>
          </token>
          <token id="11">
            <word>ALERTED</word>
            <lemma>alert</lemma>
            <CharacterOffsetBegin>345</CharacterOffsetBegin>
            <CharacterOffsetEnd>352</CharacterOffsetEnd>
            <POS>VBD</POS>
            <NER>O</NER>
            <Speaker>PER0</Speaker>
          </token>
          <token id="12">
            <word>THE</word>
            <lemma>the</lemma>
            <CharacterOffsetBegin>353</CharacterOffsetBegin>
            <CharacterOffsetEnd>356</CharacterOffsetEnd>
            <POS>DT</POS>
            <NER>O</NER>
            <Speaker>PER0</Speaker>
          </token>
          <token id="13">
            <word>POPULATION</word>
            <lemma>population</lemma>
            <CharacterOffsetBegin>357</CharacterOffsetBegin>
            <CharacterOffsetEnd>367</CharacterOffsetEnd>
            <POS>NN</POS>
            <NER>O</NER>
            <Speaker>PER0</Speaker>
          </token>
          <token id="14">
            <word>TO</word>
            <lemma>to</lemma>
            <CharacterOffsetBegin>368</CharacterOffsetBegin>
            <CharacterOffsetEnd>370</CharacterOffsetEnd>
            <POS>TO</POS>
            <NER>O</NER>
            <Speaker>PER0</Speaker>
          </token>
          <token id="15">
            <word>PROVIDE</word>
            <lemma>provide</lemma>
            <CharacterOffsetBegin>371</CharacterOffsetBegin>
            <CharacterOffsetEnd>378</CharacterOffsetEnd>
            <POS>VB</POS>
            <NER>O</NER>
            <Speaker>PER0</Speaker>
          </token>
          <token id="16">
            <word>ANY</word>
            <lemma>any</lemma>
            <CharacterOffsetBegin>379</CharacterOffsetBegin>
            <CharacterOffsetEnd>382</CharacterOffsetEnd>
            <POS>DT</POS>
            <NER>O</NER>
            <Speaker>PER0</Speaker>
          </token>
          <token id="17">
            <word>INFORMATION</word>
            <lemma>information</lemma>
            <CharacterOffsetBegin>383</CharacterOffsetBegin>
            <CharacterOffsetEnd>394</CharacterOffsetEnd>
            <POS>NN</POS>
            <NER>O</NER>
            <Speaker>PER0</Speaker>
          </token>
          <token id="18">
            <word>ON</word>
            <lemma>on</lemma>
            <CharacterOffsetBegin>395</CharacterOffsetBegin>
            <CharacterOffsetEnd>397</CharacterOffsetEnd>
            <POS>IN</POS>
            <NER>O</NER>
            <Speaker>PER0</Speaker>
          </token>
          <token id="19">
            <word>THE</word>
            <lemma>the</lemma>
            <CharacterOffsetBegin>398</CharacterOffsetBegin>
            <CharacterOffsetEnd>401</CharacterOffsetEnd>
            <POS>DT</POS>
            <NER>O</NER>
            <Speaker>PER0</Speaker>
          </token>
          <token id="20">
            <word>INDIVIDUALS</word>
            <lemma>individual</lemma>
            <CharacterOffsetBegin>402</CharacterOffsetBegin>
            <CharacterOffsetEnd>413</CharacterOffsetEnd>
            <POS>NNS</POS>
            <NER>O</NER>
            <Speaker>PER0</Speaker>
          </token>
          <token id="21">
            <word>.</word>
            <lemma>.</lemma>
            <CharacterOffsetBegin>413</CharacterOffsetBegin>
            <CharacterOffsetEnd>414</CharacterOffsetEnd>
            <POS>.</POS>
            <NER>O</NER>
            <Speaker>PER0</Speaker>
          </token>
        </tokens>
        <parse>(ROOT (S (NP (DT THIS) (NN INFORMATION) (IN AS)) (VP (VBN CONFIRMED) (PP (IN BY) (NP (NP (NNP MAYOR) (NNP JOSE) (NNP ALBERTO) (NNP TRONCOSO)) (SBAR (WHNP (WP WHO)) (S (VP (VBD ALERTED) (NP (DT THE) (NN POPULATION) (S (VP (TO TO) (VP (VB PROVIDE) (NP (DT ANY) (NN INFORMATION)) (PP (IN ON) (NP (DT THE) (NNS INDIVIDUALS))))))))))))) (. .))) </parse>
        <dependencies type="basic-dependencies">
          <dep type="root">
            <governor idx="0">ROOT</governor>
            <dependent idx="4">CONFIRMED</dependent>
          </dep>
          <dep type="det">
            <governor idx="2">INFORMATION</governor>
            <dependent idx="1">THIS</dependent>
          </dep>
          <dep type="nsubj">
            <governor idx="4">CONFIRMED</governor>
            <dependent idx="2">INFORMATION</dependent>
          </dep>
          <dep type="amod">
            <governor idx="2">INFORMATION</governor>
            <dependent idx="3">AS</dependent>
          </dep>
          <dep type="case">
            <governor idx="9">TRONCOSO</governor>
            <dependent idx="5">BY</dependent>
          </dep>
          <dep type="compound">
            <governor idx="9">TRONCOSO</governor>
            <dependent idx="6">MAYOR</dependent>
          </dep>
          <dep type="compound">
            <governor idx="9">TRONCOSO</governor>
            <dependent idx="7">JOSE</dependent>
          </dep>
          <dep type="compound">
            <governor idx="9">TRONCOSO</governor>
            <dependent idx="8">ALBERTO</dependent>
          </dep>
          <dep type="nmod">
            <governor idx="4">CONFIRMED</governor>
            <dependent idx="9">TRONCOSO</dependent>
          </dep>
          <dep type="nsubj">
            <governor idx="11">ALERTED</governor>
            <dependent idx="10">WHO</dependent>
          </dep>
          <dep type="acl:relcl">
            <governor idx="9">TRONCOSO</governor>
            <dependent idx="11">ALERTED</dependent>
          </dep>
          <dep type="det">
            <governor idx="13">POPULATION</governor>
            <dependent idx="12">THE</dependent>
          </dep>
          <dep type="dobj">
            <governor idx="11">ALERTED</governor>
            <dependent idx="13">POPULATION</dependent>
          </dep>
          <dep type="mark">
            <governor idx="15">PROVIDE</governor>
            <dependent idx="14">TO</dependent>
          </dep>
          <dep type="acl">
            <governor idx="13">POPULATION</governor>
            <dependent idx="15">PROVIDE</dependent>
          </dep>
          <dep type="det">
            <governor idx="17">INFORMATION</governor>
            <dependent idx="16">ANY</dependent>
          </dep>
          <dep type="dobj">
            <governor idx="15">PROVIDE</governor>
            <dependent idx="17">INFORMATION</dependent>
          </dep>
          <dep type="case">
            <governor idx="20">INDIVIDUALS</governor>
            <dependent idx="18">ON</dependent>
          </dep>
          <dep type="det">
            <governor idx="20">INDIVIDUALS</governor>
            <dependent idx="19">THE</dependent>
          </dep>
          <dep type="nmod">
            <governor idx="15">PROVIDE</governor>
            <dependent idx="20">INDIVIDUALS</dependent>
          </dep>
        </dependencies>
        <dependencies type="collapsed-dependencies">
          <dep type="root">
            <governor idx="0">ROOT</governor>
            <dependent idx="4">CONFIRMED</dependent>
          </dep>
          <dep type="det">
            <governor idx="2">INFORMATION</governor>
            <dependent idx="1">THIS</dependent>
          </dep>
          <dep type="nsubj">
            <governor idx="4">CONFIRMED</governor>
            <dependent idx="2">INFORMATION</dependent>
          </dep>
          <dep type="amod">
            <governor idx="2">INFORMATION</governor>
            <dependent idx="3">AS</dependent>
          </dep>
          <dep type="case">
            <governor idx="9">TRONCOSO</governor>
            <dependent idx="5">BY</dependent>
          </dep>
          <dep type="compound">
            <governor idx="9">TRONCOSO</governor>
            <dependent idx="6">MAYOR</dependent>
          </dep>
          <dep type="compound">
            <governor idx="9">TRONCOSO</governor>
            <dependent idx="7">JOSE</dependent>
          </dep>
          <dep type="compound">
            <governor idx="9">TRONCOSO</governor>
            <dependent idx="8">ALBERTO</dependent>
          </dep>
          <dep type="nmod:by">
            <governor idx="4">CONFIRMED</governor>
            <dependent idx="9">TRONCOSO</dependent>
          </dep>
          <dep type="nsubj">
            <governor idx="11">ALERTED</governor>
            <dependent idx="10">WHO</dependent>
          </dep>
          <dep type="acl:relcl">
            <governor idx="9">TRONCOSO</governor>
            <dependent idx="11">ALERTED</dependent>
          </dep>
          <dep type="det">
            <governor idx="13">POPULATION</governor>
            <dependent idx="12">THE</dependent>
          </dep>
          <dep type="dobj">
            <governor idx="11">ALERTED</governor>
            <dependent idx="13">POPULATION</dependent>
          </dep>
          <dep type="mark">
            <governor idx="15">PROVIDE</governor>
            <dependent idx="14">TO</dependent>
          </dep>
          <dep type="acl">
            <governor idx="13">POPULATION</governor>
            <dependent idx="15">PROVIDE</dependent>
          </dep>
          <dep type="det">
            <governor idx="17">INFORMATION</governor>
            <dependent idx="16">ANY</dependent>
          </dep>
          <dep type="dobj">
            <governor idx="15">PROVIDE</governor>
            <dependent idx="17">INFORMATION</dependent>
          </dep>
          <dep type="case">
            <governor idx="20">INDIVIDUALS</governor>
            <dependent idx="18">ON</dependent>
          </dep>
          <dep type="det">
            <governor idx="20">INDIVIDUALS</governor>
            <dependent idx="19">THE</dependent>
          </dep>
          <dep type="nmod:on">
            <governor idx="15">PROVIDE</governor>
            <dependent idx="20">INDIVIDUALS</dependent>
          </dep>
        </dependencies>
        <dependencies type="collapsed-ccprocessed-dependencies">
          <dep type="root">
            <governor idx="0">ROOT</governor>
            <dependent idx="4">CONFIRMED</dependent>
          </dep>
          <dep type="det">
            <governor idx="2">INFORMATION</governor>
            <dependent idx="1">THIS</dependent>
          </dep>
          <dep type="nsubj">
            <governor idx="4">CONFIRMED</governor>
            <dependent idx="2">INFORMATION</dependent>
          </dep>
          <dep type="amod">
            <governor idx="2">INFORMATION</governor>
            <dependent idx="3">AS</dependent>
          </dep>
          <dep type="case">
            <governor idx="9">TRONCOSO</governor>
            <dependent idx="5">BY</dependent>
          </dep>
          <dep type="compound">
            <governor idx="9">TRONCOSO</governor>
            <dependent idx="6">MAYOR</dependent>
          </dep>
          <dep type="compound">
            <governor idx="9">TRONCOSO</governor>
            <dependent idx="7">JOSE</dependent>
          </dep>
          <dep type="compound">
            <governor idx="9">TRONCOSO</governor>
            <dependent idx="8">ALBERTO</dependent>
          </dep>
          <dep type="nmod:by">
            <governor idx="4">CONFIRMED</governor>
            <dependent idx="9">TRONCOSO</dependent>
          </dep>
          <dep type="nsubj">
            <governor idx="11">ALERTED</governor>
            <dependent idx="10">WHO</dependent>
          </dep>
          <dep type="acl:relcl">
            <governor idx="9">TRONCOSO</governor>
            <dependent idx="11">ALERTED</dependent>
          </dep>
          <dep type="det">
            <governor idx="13">POPULATION</governor>
            <dependent idx="12">THE</dependent>
          </dep>
          <dep type="dobj">
            <governor idx="11">ALERTED</governor>
            <dependent idx="13">POPULATION</dependent>
          </dep>
          <dep type="mark">
            <governor idx="15">PROVIDE</governor>
            <dependent idx="14">TO</dependent>
          </dep>
          <dep type="acl">
            <governor idx="13">POPULATION</governor>
            <dependent idx="15">PROVIDE</dependent>
          </dep>
          <dep type="det">
            <governor idx="17">INFORMATION</governor>
            <dependent idx="16">ANY</dependent>
          </dep>
          <dep type="dobj">
            <governor idx="15">PROVIDE</governor>
            <dependent idx="17">INFORMATION</dependent>
          </dep>
          <dep type="case">
            <governor idx="20">INDIVIDUALS</governor>
            <dependent idx="18">ON</dependent>
          </dep>
          <dep type="det">
            <governor idx="20">INDIVIDUALS</governor>
            <dependent idx="19">THE</dependent>
          </dep>
          <dep type="nmod:on">
            <governor idx="15">PROVIDE</governor>
            <dependent idx="20">INDIVIDUALS</dependent>
          </dep>
        </dependencies>
      </sentence>
      <sentence id="3">
        <tokens>
          <token id="1">
            <word>POLICE</word>
            <lemma>police</lemma>
            <CharacterOffsetBegin>415</CharacterOffsetBegin>
            <CharacterOffsetEnd>421</CharacterOffsetEnd>
            <POS>NN</POS>
            <NER>O</NER>
            <Speaker>PER0</Speaker>
          </token>
          <token id="2">
            <word>FORCES</word>
            <lemma>force</lemma>
            <CharacterOffsetBegin>422</CharacterOffsetBegin>
            <CharacterOffsetEnd>428</CharacterOffsetEnd>
            <POS>NNS</POS>
            <NER>O</NER>
            <Speaker>PER0</Speaker>
          </token>
          <token id="3">
            <word>HAVE</word>
            <lemma>have</lemma>
            <CharacterOffsetBegin>429</CharacterOffsetBegin>
            <CharacterOffsetEnd>433</CharacterOffsetEnd>
            <POS>VBP</POS>
            <NER>O</NER>
            <Speaker>PER0</Speaker>
          </token>
          <token id="4">
            <word>BEEN</word>
            <lemma>be</lemma>
            <CharacterOffsetBegin>434</CharacterOffsetBegin>
            <CharacterOffsetEnd>438</CharacterOffsetEnd>
            <POS>VBN</POS>
            <NER>O</NER>
            <Speaker>PER0</Speaker>
          </token>
          <token id="5">
            <word>DEPLOYED</word>
            <lemma>deploy</lemma>
            <CharacterOffsetBegin>439</CharacterOffsetBegin>
            <CharacterOffsetEnd>447</CharacterOffsetEnd>
            <POS>VBN</POS>
            <NER>O</NER>
            <Speaker>PER0</Speaker>
          </token>
          <token id="6">
            <word>AROUND</word>
            <lemma>around</lemma>
            <CharacterOffsetBegin>448</CharacterOffsetBegin>
            <CharacterOffsetEnd>454</CharacterOffsetEnd>
            <POS>IN</POS>
            <NER>O</NER>
            <Speaker>PER0</Speaker>
          </token>
          <token id="7">
            <word>MERCEDES</word>
            <lemma>MERCEDES</lemma>
            <CharacterOffsetBegin>455</CharacterOffsetBegin>
            <CharacterOffsetEnd>463</CharacterOffsetEnd>
            <POS>NNP</POS>
            <NER>O</NER>
            <Speaker>PER0</Speaker>
          </token>
          <token id="8">
            <word>TO</word>
            <lemma>to</lemma>
            <CharacterOffsetBegin>464</CharacterOffsetBegin>
            <CharacterOffsetEnd>466</CharacterOffsetEnd>
            <POS>TO</POS>
            <NER>O</NER>
            <Speaker>PER0</Speaker>
          </token>
          <token id="9">
            <word>PREVENT</word>
            <lemma>prevent</lemma>
            <CharacterOffsetBegin>467</CharacterOffsetBegin>
            <CharacterOffsetEnd>474</CharacterOffsetEnd>
            <POS>VB</POS>
            <NER>O</NER>
            <Speaker>PER0</Speaker>
          </token>
          <token id="10">
            <word>THEIR</word>
            <lemma>they</lemma>
            <CharacterOffsetBegin>475</CharacterOffsetBegin>
            <CharacterOffsetEnd>480</CharacterOffsetEnd>
            <POS>PRP$</POS>
            <NER>O</NER>
            <Speaker>PER0</Speaker>
          </token>
          <token id="11">
            <word>ESCAPE</word>
            <lemma>escape</lemma>
            <CharacterOffsetBegin>481</CharacterOffsetBegin>
            <CharacterOffsetEnd>487</CharacterOffsetEnd>
            <POS>NN</POS>
            <NER>O</NER>
            <Speaker>PER0</Speaker>
          </token>
          <token id="12">
            <word>.</word>
            <lemma>.</lemma>
            <CharacterOffsetBegin>487</CharacterOffsetBegin>
            <CharacterOffsetEnd>488</CharacterOffsetEnd>
            <POS>.</POS>
            <NER>O</NER>
            <Speaker>PER0</Speaker>
          </token>
        </tokens>
        <parse>(ROOT (S (NP (NN POLICE) (NNS FORCES)) (VP (VBP HAVE) (VP (VBN BEEN) (VP (VBN DEPLOYED) (PP (IN AROUND) (NP (NNP MERCEDES))) (S (VP (TO TO) (VP (VB PREVENT) (NP (PRP$ THEIR) (NN ESCAPE)))))))) (. .))) </parse>
        <dependencies type="basic-dependencies">
          <dep type="root">
            <governor idx="0">ROOT</governor>
            <dependent idx="5">DEPLOYED</dependent>
          </dep>
          <dep type="compound">
            <governor idx="2">FORCES</governor>
            <dependent idx="1">POLICE</dependent>
          </dep>
          <dep type="nsubjpass">
            <governor idx="5">DEPLOYED</governor>
            <dependent idx="2">FORCES</dependent>
          </dep>
          <dep type="aux">
            <governor idx="5">DEPLOYED</governor>
            <dependent idx="3">HAVE</dependent>
          </dep>
          <dep type="auxpass">
            <governor idx="5">DEPLOYED</governor>
            <dependent idx="4">BEEN</dependent>
          </dep>
          <dep type="case">
            <governor idx="7">MERCEDES</governor>
            <dependent idx="6">AROUND</dependent>
          </dep>
          <dep type="nmod">
            <governor idx="5">DEPLOYED</governor>
            <dependent idx="7">MERCEDES</dependent>
          </dep>
          <dep type="mark">
            <governor idx="9">PREVENT</governor>
            <dependent idx="8">TO</dependent>
          </dep>
          <dep type="xcomp">
            <governor idx="5">DEPLOYED</governor>
            <dependent idx="9">PREVENT</dependent>
          </dep>
          <dep type="nmod:poss">
            <governor idx="11">ESCAPE</governor>
            <dependent idx="10">THEIR</dependent>
          </dep>
          <dep type="dobj">
            <governor idx="9">PREVENT</governor>
            <dependent idx="11">ESCAPE</dependent>
          </dep>
        </dependencies>
        <dependencies type="collapsed-dependencies">
          <dep type="root">
            <governor idx="0">ROOT</governor>
            <dependent idx="5">DEPLOYED</dependent>
          </dep>
          <dep type="compound">
            <governor idx="2">FORCES</governor>
            <dependent idx="1">POLICE</dependent>
          </dep>
          <dep type="nsubjpass">
            <governor idx="5">DEPLOYED</governor>
            <dependent idx="2">FORCES</dependent>
          </dep>
          <dep type="aux">
            <governor idx="5">DEPLOYED</governor>
            <dependent idx="3">HAVE</dependent>
          </dep>
          <dep type="auxpass">
            <governor idx="5">DEPLOYED</governor>
            <dependent idx="4">BEEN</dependent>
          </dep>
          <dep type="case">
            <governor idx="7">MERCEDES</governor>
            <dependent idx="6">AROUND</dependent>
          </dep>
          <dep type="nmod:around">
            <governor idx="5">DEPLOYED</governor>
            <dependent idx="7">MERCEDES</dependent>
          </dep>
          <dep type="mark">
            <governor idx="9">PREVENT</governor>
            <dependent idx="8">TO</dependent>
          </dep>
          <dep type="xcomp">
            <governor idx="5">DEPLOYED</governor>
            <dependent idx="9">PREVENT</dependent>
          </dep>
          <dep type="nmod:poss">
            <governor idx="11">ESCAPE</governor>
            <dependent idx="10">THEIR</dependent>
          </dep>
          <dep type="dobj">
            <governor idx="9">PREVENT</governor>
            <dependent idx="11">ESCAPE</dependent>
          </dep>
        </dependencies>
        <dependencies type="collapsed-ccprocessed-dependencies">
          <dep type="root">
            <governor idx="0">ROOT</governor>
            <dependent idx="5">DEPLOYED</dependent>
          </dep>
          <dep type="compound">
            <governor idx="2">FORCES</governor>
            <dependent idx="1">POLICE</dependent>
          </dep>
          <dep type="nsubjpass">
            <governor idx="5">DEPLOYED</governor>
            <dependent idx="2">FORCES</dependent>
          </dep>
          <dep type="aux">
            <governor idx="5">DEPLOYED</governor>
            <dependent idx="3">HAVE</dependent>
          </dep>
          <dep type="auxpass">
            <governor idx="5">DEPLOYED</governor>
            <dependent idx="4">BEEN</dependent>
          </dep>
          <dep type="case">
            <governor idx="7">MERCEDES</governor>
            <dependent idx="6">AROUND</dependent>
          </dep>
          <dep type="nmod:around">
            <governor idx="5">DEPLOYED</governor>
            <dependent idx="7">MERCEDES</dependent>
          </dep>
          <dep type="mark">
            <governor idx="9">PREVENT</governor>
            <dependent idx="8">TO</dependent>
          </dep>
          <dep type="xcomp">
            <governor idx="5">DEPLOYED</governor>
            <dependent idx="9">PREVENT</dependent>
          </dep>
          <dep type="nmod:poss">
            <governor idx="11">ESCAPE</governor>
            <dependent idx="10">THEIR</dependent>
          </dep>
          <dep type="dobj">
            <governor idx="9">PREVENT</governor>
            <dependent idx="11">ESCAPE</dependent>
          </dep>
        </dependencies>
      </sentence>
    </sentences>
    <coreference>
      <coreference>
        <mention representative="true">
          <sentence>1</sentence>
          <start>34</start>
          <end>35</end>
          <head>34</head>
          <text>MERCEDES</text>
        </mention>
        <mention>
          <sentence>1</sentence>
          <start>36</start>
          <end>40</end>
          <head>37</head>
          <text>240 KM FROM CORRIENTES</text>
        </mention>
        <mention>
          <sentence>3</sentence>
          <start>7</start>
          <end>8</end>
          <head>7</head>
          <text>MERCEDES</text>
        </mention>
      </coreference>
      <coreference>
        <mention representative="true">
          <sentence>1</sentence>
          <start>7</start>
          <end>13</end>
          <head>8</head>
          <text>6 FEB 89 -LRB- NA -RRB-</text>
        </mention>
        <mention>
          <sentence>1</sentence>
          <start>1</start>
          <end>14</end>
          <head>1</head>
          <text>DEV-MUC3-0065 -LRB- NOSC -RRB- CORRIENTES , 6 FEB 89 -LRB- NA -RRB- --</text>
        </mention>
        <mention>
          <sentence>1</sentence>
          <start>5</start>
          <end>6</end>
          <head>5</head>
          <text>CORRIENTES</text>
        </mention>
        <mention>
          <sentence>1</sentence>
          <start>39</start>
          <end>40</end>
          <head>39</head>
          <text>CORRIENTES</text>
        </mention>
      </coreference>
      <coreference>
        <mention representative="true">
          <sentence>1</sentence>
          <start>17</start>
          <end>28</end>
          <head>18</head>
          <text>TWO INDIVIDUALS WEARING MILITARY UNIFORMS AND CARRYING SUBMACHINEGUNS EARLY THIS MORNING</text>
        </mention>
        <mention>
          <sentence>2</sentence>
          <start>19</start>
          <end>21</end>
          <head>20</head>
          <text>THE INDIVIDUALS</text>
        </mention>
        <mention>
          <sentence>3</sentence>
          <start>10</start>
          <end>11</end>
          <head>10</head>
          <text>THEIR</text>
        </mention>
      </coreference>
    </coreference>
  </document>
</root>
