<?xml version="1.0" encoding="ASCII"?>
<?xml-stylesheet href="CoreNLP-to-HTML.xsl" type="text/xsl"?>
<root>
  <document>
    <sentences>
      <sentence id="1">
        <tokens>
          <token id="1">
            <word>DEV-MUC3-0066</word>
            <lemma>dev-muc3-0066</lemma>
            <CharacterOffsetBegin>0</CharacterOffsetBegin>
            <CharacterOffsetEnd>13</CharacterOffsetEnd>
            <POS>NN</POS>
            <NER>O</NER>
            <Speaker>PER0</Speaker>
          </token>
          <token id="2">
            <word>-LRB-</word>
            <lemma>-lrb-</lemma>
            <CharacterOffsetBegin>14</CharacterOffsetBegin>
            <CharacterOffsetEnd>15</CharacterOffsetEnd>
            <POS>-LRB-</POS>
            <NER>O</NER>
            <Speaker>PER0</Speaker>
          </token>
          <token id="3">
            <word>NOSC</word>
            <lemma>nosc</lemma>
            <CharacterOffsetBegin>15</CharacterOffsetBegin>
            <CharacterOffsetEnd>19</CharacterOffsetEnd>
            <POS>NN</POS>
            <NER>ORGANIZATION</NER>
            <Speaker>PER0</Speaker>
          </token>
          <token id="4">
            <word>-RRB-</word>
            <lemma>-rrb-</lemma>
            <CharacterOffsetBegin>19</CharacterOffsetBegin>
            <CharacterOffsetEnd>20</CharacterOffsetEnd>
            <POS>-RRB-</POS>
            <NER>O</NER>
            <Speaker>PER0</Speaker>
          </token>
          <token id="5">
            <word>BOGOTA</word>
            <lemma>BOGOTA</lemma>
            <CharacterOffsetBegin>25</CharacterOffsetBegin>
            <CharacterOffsetEnd>31</CharacterOffsetEnd>
            <POS>NNP</POS>
            <NER>LOCATION</NER>
            <Speaker>PER0</Speaker>
          </token>
          <token id="6">
            <word>,</word>
            <lemma>,</lemma>
            <CharacterOffsetBegin>31</CharacterOffsetBegin>
            <CharacterOffsetEnd>32</CharacterOffsetEnd>
            <POS>,</POS>
            <NER>O</NER>
            <Speaker>PER0</Speaker>
          </token>
          <token id="7">
            <word>2</word>
            <lemma>2</lemma>
            <CharacterOffsetBegin>33</CharacterOffsetBegin>
            <CharacterOffsetEnd>34</CharacterOffsetEnd>
            <POS>CD</POS>
            <NER>DATE</NER>
            <NormalizedNER>XXXX-02-02</NormalizedNER>
            <Speaker>PER0</Speaker>
            <Timex tid="t1" type="DATE">XXXX-02-02</Timex>
          </token>
          <token id="8">
            <word>FEB</word>
            <lemma>FEB</lemma>
            <CharacterOffsetBegin>35</CharacterOffsetBegin>
            <CharacterOffsetEnd>38</CharacterOffsetEnd>
            <POS>NNP</POS>
            <NER>DATE</NER>
            <NormalizedNER>XXXX-02-02</NormalizedNER>
            <Speaker>PER0</Speaker>
            <Timex tid="t1" type="DATE">XXXX-02-02</Timex>
          </token>
          <token id="9">
            <word>89</word>
            <lemma>89</lemma>
            <CharacterOffsetBegin>39</CharacterOffsetBegin>
            <CharacterOffsetEnd>41</CharacterOffsetEnd>
            <POS>CD</POS>
            <NER>NUMBER</NER>
            <NormalizedNER>89.0</NormalizedNER>
            <Speaker>PER0</Speaker>
          </token>
          <token id="10">
            <word>--</word>
            <lemma>--</lemma>
            <CharacterOffsetBegin>42</CharacterOffsetBegin>
            <CharacterOffsetEnd>44</CharacterOffsetEnd>
            <POS>:</POS>
            <NER>O</NER>
            <Speaker>PER0</Speaker>
          </token>
          <token id="11">
            <word>-LSB-</word>
            <lemma>-lsb-</lemma>
            <CharacterOffsetBegin>45</CharacterOffsetBegin>
            <CharacterOffsetEnd>46</CharacterOffsetEnd>
            <POS>-LRB-</POS>
            <NER>O</NER>
            <Speaker>PER0</Speaker>
          </token>
          <token id="12">
            <word>TEXT</word>
            <lemma>text</lemma>
            <CharacterOffsetBegin>46</CharacterOffsetBegin>
            <CharacterOffsetEnd>50</CharacterOffsetEnd>
            <POS>NN</POS>
            <NER>O</NER>
            <Speaker>PER0</Speaker>
          </token>
          <token id="13">
            <word>-RSB-</word>
            <lemma>-rsb-</lemma>
            <CharacterOffsetBegin>50</CharacterOffsetBegin>
            <CharacterOffsetEnd>51</CharacterOffsetEnd>
            <POS>-RRB-</POS>
            <NER>O</NER>
            <Speaker>PER0</Speaker>
          </token>
          <token id="14">
            <word>SEVEN</word>
            <lemma>seven</lemma>
            <CharacterOffsetBegin>52</CharacterOffsetBegin>
            <CharacterOffsetEnd>57</CharacterOffsetEnd>
            <POS>CD</POS>
            <NER>NUMBER</NER>
            <NormalizedNER>7.0</NormalizedNER>
            <Speaker>PER0</Speaker>
          </token>
          <token id="15">
            <word>SOLDIERS</word>
            <lemma>soldier</lemma>
            <CharacterOffsetBegin>58</CharacterOffsetBegin>
            <CharacterOffsetEnd>66</CharacterOffsetEnd>
            <POS>NNS</POS>
            <NER>O</NER>
            <Speaker>PER0</Speaker>
          </token>
          <token id="16">
            <word>WERE</word>
            <lemma>be</lemma>
            <CharacterOffsetBegin>67</CharacterOffsetBegin>
            <CharacterOffsetEnd>71</CharacterOffsetEnd>
            <POS>VBD</POS>
            <NER>O</NER>
            <Speaker>PER0</Speaker>
          </token>
          <token id="17">
            <word>KILLED</word>
            <lemma>kill</lemma>
            <CharacterOffsetBegin>72</CharacterOffsetBegin>
            <CharacterOffsetEnd>78</CharacterOffsetEnd>
            <POS>VBN</POS>
            <NER>O</NER>
            <Speaker>PER0</Speaker>
          </token>
          <token id="18">
            <word>AND</word>
            <lemma>and</lemma>
            <CharacterOffsetBegin>79</CharacterOffsetBegin>
            <CharacterOffsetEnd>82</CharacterOffsetEnd>
            <POS>CC</POS>
            <NER>O</NER>
            <Speaker>PER0</Speaker>
          </token>
          <token id="19">
            <word>SEVERAL</word>
            <lemma>several</lemma>
            <CharacterOffsetBegin>83</CharacterOffsetBegin>
            <CharacterOffsetEnd>90</CharacterOffsetEnd>
            <POS>JJ</POS>
            <NER>O</NER>
            <Speaker>PER0</Speaker>
          </token>
          <token id="20">
            <word>WERE</word>
            <lemma>be</lemma>
            <CharacterOffsetBegin>91</CharacterOffsetBegin>
            <CharacterOffsetEnd>95</CharacterOffsetEnd>
            <POS>VBD</POS>
            <NER>O</NER>
            <Speaker>PER0</Speaker>
          </token>
          <token id="21">
            <word>WOUNDED</word>
            <lemma>wound</lemma>
            <CharacterOffsetBegin>96</CharacterOffsetBegin>
            <CharacterOffsetEnd>103</CharacterOffsetEnd>
            <POS>VBN</POS>
            <NER>O</NER>
            <Speaker>PER0</Speaker>
          </token>
          <token id="22">
            <word>BY</word>
            <lemma>by</lemma>
            <CharacterOffsetBegin>104</CharacterOffsetBegin>
            <CharacterOffsetEnd>106</CharacterOffsetEnd>
            <POS>IN</POS>
            <NER>O</NER>
            <Speaker>PER0</Speaker>
          </token>
          <token id="23">
            <word>A</word>
            <lemma>a</lemma>
            <CharacterOffsetBegin>107</CharacterOffsetBegin>
            <CharacterOffsetEnd>108</CharacterOffsetEnd>
            <POS>DT</POS>
            <NER>O</NER>
            <Speaker>PER0</Speaker>
          </token>
          <token id="24">
            <word>BOMB</word>
            <lemma>bomb</lemma>
            <CharacterOffsetBegin>109</CharacterOffsetBegin>
            <CharacterOffsetEnd>113</CharacterOffsetEnd>
            <POS>NN</POS>
            <NER>O</NER>
            <Speaker>PER0</Speaker>
          </token>
          <token id="25">
            <word>WHEN</word>
            <lemma>when</lemma>
            <CharacterOffsetBegin>114</CharacterOffsetBegin>
            <CharacterOffsetEnd>118</CharacterOffsetEnd>
            <POS>WRB</POS>
            <NER>O</NER>
            <Speaker>PER0</Speaker>
          </token>
          <token id="26">
            <word>A</word>
            <lemma>a</lemma>
            <CharacterOffsetBegin>119</CharacterOffsetBegin>
            <CharacterOffsetEnd>120</CharacterOffsetEnd>
            <POS>DT</POS>
            <NER>O</NER>
            <Speaker>PER0</Speaker>
          </token>
          <token id="27">
            <word>GROUP</word>
            <lemma>group</lemma>
            <CharacterOffsetBegin>121</CharacterOffsetBegin>
            <CharacterOffsetEnd>126</CharacterOffsetEnd>
            <POS>NN</POS>
            <NER>O</NER>
            <Speaker>PER0</Speaker>
          </token>
          <token id="28">
            <word>OF</word>
            <lemma>of</lemma>
            <CharacterOffsetBegin>127</CharacterOffsetBegin>
            <CharacterOffsetEnd>129</CharacterOffsetEnd>
            <POS>IN</POS>
            <NER>O</NER>
            <Speaker>PER0</Speaker>
          </token>
          <token id="29">
            <word>NATIONAL</word>
            <lemma>NATIONAL</lemma>
            <CharacterOffsetBegin>130</CharacterOffsetBegin>
            <CharacterOffsetEnd>138</CharacterOffsetEnd>
            <POS>NNP</POS>
            <NER>ORGANIZATION</NER>
            <Speaker>PER0</Speaker>
          </token>
          <token id="30">
            <word>LIBERATION</word>
            <lemma>LIBERATION</lemma>
            <CharacterOffsetBegin>139</CharacterOffsetBegin>
            <CharacterOffsetEnd>149</CharacterOffsetEnd>
            <POS>NNP</POS>
            <NER>ORGANIZATION</NER>
            <Speaker>PER0</Speaker>
          </token>
          <token id="31">
            <word>ARMY</word>
            <lemma>ARMY</lemma>
            <CharacterOffsetBegin>150</CharacterOffsetBegin>
            <CharacterOffsetEnd>154</CharacterOffsetEnd>
            <POS>NNP</POS>
            <NER>ORGANIZATION</NER>
            <Speaker>PER0</Speaker>
          </token>
          <token id="32">
            <word>-LSB-</word>
            <lemma>-lsb-</lemma>
            <CharacterOffsetBegin>155</CharacterOffsetBegin>
            <CharacterOffsetEnd>156</CharacterOffsetEnd>
            <POS>-LRB-</POS>
            <NER>O</NER>
            <Speaker>PER0</Speaker>
          </token>
          <token id="33">
            <word>ELN</word>
            <lemma>ELN</lemma>
            <CharacterOffsetBegin>156</CharacterOffsetBegin>
            <CharacterOffsetEnd>159</CharacterOffsetEnd>
            <POS>NNP</POS>
            <NER>O</NER>
            <Speaker>PER0</Speaker>
          </token>
          <token id="34">
            <word>-RSB-</word>
            <lemma>-rsb-</lemma>
            <CharacterOffsetBegin>159</CharacterOffsetBegin>
            <CharacterOffsetEnd>160</CharacterOffsetEnd>
            <POS>-RRB-</POS>
            <NER>O</NER>
            <Speaker>PER0</Speaker>
          </token>
          <token id="35">
            <word>REBELS</word>
            <lemma>rebel</lemma>
            <CharacterOffsetBegin>161</CharacterOffsetBegin>
            <CharacterOffsetEnd>167</CharacterOffsetEnd>
            <POS>NNS</POS>
            <NER>O</NER>
            <Speaker>PER0</Speaker>
          </token>
          <token id="36">
            <word>AMBUSHED</word>
            <lemma>ambush</lemma>
            <CharacterOffsetBegin>168</CharacterOffsetBegin>
            <CharacterOffsetEnd>176</CharacterOffsetEnd>
            <POS>VBD</POS>
            <NER>O</NER>
            <Speaker>PER0</Speaker>
          </token>
          <token id="37">
            <word>A</word>
            <lemma>a</lemma>
            <CharacterOffsetBegin>177</CharacterOffsetBegin>
            <CharacterOffsetEnd>178</CharacterOffsetEnd>
            <POS>DT</POS>
            <NER>O</NER>
            <Speaker>PER0</Speaker>
          </token>
          <token id="38">
            <word>MILITARY</word>
            <lemma>military</lemma>
            <CharacterOffsetBegin>179</CharacterOffsetBegin>
            <CharacterOffsetEnd>187</CharacterOffsetEnd>
            <POS>JJ</POS>
            <NER>O</NER>
            <Speaker>PER0</Speaker>
          </token>
          <token id="39">
            <word>CONVOY</word>
            <lemma>convoy</lemma>
            <CharacterOffsetBegin>188</CharacterOffsetBegin>
            <CharacterOffsetEnd>194</CharacterOffsetEnd>
            <POS>NN</POS>
            <NER>O</NER>
            <Speaker>PER0</Speaker>
          </token>
          <token id="40">
            <word>IN</word>
            <lemma>in</lemma>
            <CharacterOffsetBegin>195</CharacterOffsetBegin>
            <CharacterOffsetEnd>197</CharacterOffsetEnd>
            <POS>IN</POS>
            <NER>O</NER>
            <Speaker>PER0</Speaker>
          </token>
          <token id="41">
            <word>SARAVENA</word>
            <lemma>SARAVENA</lemma>
            <CharacterOffsetBegin>198</CharacterOffsetBegin>
            <CharacterOffsetEnd>206</CharacterOffsetEnd>
            <POS>NNP</POS>
            <NER>LOCATION</NER>
            <Speaker>PER0</Speaker>
          </token>
          <token id="42">
            <word>,</word>
            <lemma>,</lemma>
            <CharacterOffsetBegin>206</CharacterOffsetBegin>
            <CharacterOffsetEnd>207</CharacterOffsetEnd>
            <POS>,</POS>
            <NER>O</NER>
            <Speaker>PER0</Speaker>
          </token>
          <token id="43">
            <word>ARAUCA</word>
            <lemma>ARAUCA</lemma>
            <CharacterOffsetBegin>208</CharacterOffsetBegin>
            <CharacterOffsetEnd>214</CharacterOffsetEnd>
            <POS>NNP</POS>
            <NER>ORGANIZATION</NER>
            <Speaker>PER0</Speaker>
          </token>
          <token id="44">
            <word>DEPARTMENT</word>
            <lemma>DEPARTMENT</lemma>
            <CharacterOffsetBegin>215</CharacterOffsetBegin>
            <CharacterOffsetEnd>225</CharacterOffsetEnd>
            <POS>NNP</POS>
            <NER>ORGANIZATION</NER>
            <Speaker>PER0</Speaker>
          </token>
          <token id="45">
            <word>.</word>
            <lemma>.</lemma>
            <CharacterOffsetBegin>225</CharacterOffsetBegin>
            <CharacterOffsetEnd>226</CharacterOffsetEnd>
            <POS>.</POS>
            <NER>O</NER>
            <Speaker>PER0</Speaker>
          </token>
        </tokens>
        <parse>(ROOT (S (S (NP (NP (NP (NN DEV-MUC3-0066)) (PRN (-LRB- -LRB-) (NP (NN NOSC)) (-RRB- -RRB-)) (NP (NNP BOGOTA))) (, ,) (NP (NP (CD 2)) (NP-TMP (NNP FEB) (CD 89))) (: --) (-LRB- -LSB-) (NP (NP (NN TEXT)) (PP (-RRB- -RSB-) (NP (CD SEVEN) (NNS SOLDIERS))))) (VP (VBD WERE) (VP (VBN KILLED)))) (CC AND) (S (NP (JJ SEVERAL)) (VP (VBD WERE) (VP (VBN WOUNDED) (PP (IN BY) (NP (NP (DT A) (NN BOMB)) (SBAR (WHADVP (WRB WHEN)) (S (NP (NP (DT A) (NN GROUP)) (PP (IN OF) (NP (NNP NATIONAL) (NNP LIBERATION) (NNP ARMY) (-LRB- -LSB-) (NNP ELN) (-RRB- -RSB-) (NNS REBELS)))) (VP (VBD AMBUSHED) (NP (DT A) (JJ MILITARY) (NN CONVOY)) (PP (IN IN) (NP (NP (NNP SARAVENA)) (, ,) (NP (NNP ARAUCA) (NNP DEPARTMENT)))))))))))) (. .))) </parse>
        <dependencies type="basic-dependencies">
          <dep type="root">
            <governor idx="0">ROOT</governor>
            <dependent idx="17">KILLED</dependent>
          </dep>
          <dep type="nsubjpass">
            <governor idx="17">KILLED</governor>
            <dependent idx="1">DEV-MUC3-0066</dependent>
          </dep>
          <dep type="appos">
            <governor idx="1">DEV-MUC3-0066</governor>
            <dependent idx="3">NOSC</dependent>
          </dep>
          <dep type="dep">
            <governor idx="1">DEV-MUC3-0066</governor>
            <dependent idx="5">BOGOTA</dependent>
          </dep>
          <dep type="appos">
            <governor idx="1">DEV-MUC3-0066</governor>
            <dependent idx="7">2</dependent>
          </dep>
          <dep type="nmod:tmod">
            <governor idx="7">2</governor>
            <dependent idx="8">FEB</dependent>
          </dep>
          <dep type="nummod">
            <governor idx="8">FEB</governor>
            <dependent idx="9">89</dependent>
          </dep>
          <dep type="dep">
            <governor idx="1">DEV-MUC3-0066</governor>
            <dependent idx="12">TEXT</dependent>
          </dep>
          <dep type="nummod">
            <governor idx="15">SOLDIERS</governor>
            <dependent idx="14">SEVEN</dependent>
          </dep>
          <dep type="nmod">
            <governor idx="12">TEXT</governor>
            <dependent idx="15">SOLDIERS</dependent>
          </dep>
          <dep type="auxpass">
            <governor idx="17">KILLED</governor>
            <dependent idx="16">WERE</dependent>
          </dep>
          <dep type="cc">
            <governor idx="17">KILLED</governor>
            <dependent idx="18">AND</dependent>
          </dep>
          <dep type="nsubjpass">
            <governor idx="21">WOUNDED</governor>
            <dependent idx="19">SEVERAL</dependent>
          </dep>
          <dep type="auxpass">
            <governor idx="21">WOUNDED</governor>
            <dependent idx="20">WERE</dependent>
          </dep>
          <dep type="conj">
            <governor idx="17">KILLED</governor>
            <dependent idx="21">WOUNDED</dependent>
          </dep>
          <dep type="case">
            <governor idx="24">BOMB</governor>
            <dependent idx="22">BY</dependent>
          </dep>
          <dep type="det">
            <governor idx="24">BOMB</governor>
            <dependent idx="23">A</dependent>
          </dep>
          <dep type="nmod">
            <governor idx="21">WOUNDED</governor>
            <dependent idx="24">BOMB</dependent>
          </dep>
          <dep type="advmod">
            <governor idx="36">AMBUSHED</governor>
            <dependent idx="25">WHEN</dependent>
          </dep>
          <dep type="det">
            <governor idx="27">GROUP</governor>
            <dependent idx="26">A</dependent>
          </dep>
          <dep type="nsubj">
            <governor idx="36">AMBUSHED</governor>
            <dependent idx="27">GROUP</dependent>
          </dep>
          <dep type="case">
            <governor idx="35">REBELS</governor>
            <dependent idx="28">OF</dependent>
          </dep>
          <dep type="compound">
            <governor idx="35">REBELS</governor>
            <dependent idx="29">NATIONAL</dependent>
          </dep>
          <dep type="compound">
            <governor idx="35">REBELS</governor>
            <dependent idx="30">LIBERATION</dependent>
          </dep>
          <dep type="compound">
            <governor idx="35">REBELS</governor>
            <dependent idx="31">ARMY</dependent>
          </dep>
          <dep type="compound">
            <governor idx="35">REBELS</governor>
            <dependent idx="33">ELN</dependent>
          </dep>
          <dep type="nmod">
            <governor idx="27">GROUP</governor>
            <dependent idx="35">REBELS</dependent>
          </dep>
          <dep type="acl:relcl">
            <governor idx="24">BOMB</governor>
            <dependent idx="36">AMBUSHED</dependent>
          </dep>
          <dep type="det">
            <governor idx="39">CONVOY</governor>
            <dependent idx="37">A</dependent>
          </dep>
          <dep type="amod">
            <governor idx="39">CONVOY</governor>
            <dependent idx="38">MILITARY</dependent>
          </dep>
          <dep type="dobj">
            <governor idx="36">AMBUSHED</governor>
            <dependent idx="39">CONVOY</dependent>
          </dep>
          <dep type="case">
            <governor idx="41">SARAVENA</governor>
            <dependent idx="40">IN</dependent>
          </dep>
          <dep type="nmod">
            <governor idx="36">AMBUSHED</governor>
            <dependent idx="41">SARAVENA</dependent>
          </dep>
          <dep type="compound">
            <governor idx="44">DEPARTMENT</governor>
            <dependent idx="43">ARAUCA</dependent>
          </dep>
          <dep type="appos">
            <governor idx="41">SARAVENA</governor>
            <dependent idx="44">DEPARTMENT</dependent>
          </dep>
        </dependencies>
        <dependencies type="collapsed-dependencies">
          <dep type="root">
            <governor idx="0">ROOT</governor>
            <dependent idx="17">KILLED</dependent>
          </dep>
          <dep type="nsubjpass">
            <governor idx="17">KILLED</governor>
            <dependent idx="1">DEV-MUC3-0066</dependent>
          </dep>
          <dep type="appos">
            <governor idx="1">DEV-MUC3-0066</governor>
            <dependent idx="3">NOSC</dependent>
          </dep>
          <dep type="dep">
            <governor idx="1">DEV-MUC3-0066</governor>
            <dependent idx="5">BOGOTA</dependent>
          </dep>
          <dep type="appos">
            <governor idx="1">DEV-MUC3-0066</governor>
            <dependent idx="7">2</dependent>
          </dep>
          <dep type="nmod:tmod">
            <governor idx="7">2</governor>
            <dependent idx="8">FEB</dependent>
          </dep>
          <dep type="nummod">
            <governor idx="8">FEB</governor>
            <dependent idx="9">89</dependent>
          </dep>
          <dep type="dep">
            <governor idx="1">DEV-MUC3-0066</governor>
            <dependent idx="12">TEXT</dependent>
          </dep>
          <dep type="nummod">
            <governor idx="15">SOLDIERS</governor>
            <dependent idx="14">SEVEN</dependent>
          </dep>
          <dep type="nmod">
            <governor idx="12">TEXT</governor>
            <dependent idx="15">SOLDIERS</dependent>
          </dep>
          <dep type="auxpass">
            <governor idx="17">KILLED</governor>
            <dependent idx="16">WERE</dependent>
          </dep>
          <dep type="cc">
            <governor idx="17">KILLED</governor>
            <dependent idx="18">AND</dependent>
          </dep>
          <dep type="nsubjpass">
            <governor idx="21">WOUNDED</governor>
            <dependent idx="19">SEVERAL</dependent>
          </dep>
          <dep type="auxpass">
            <governor idx="21">WOUNDED</governor>
            <dependent idx="20">WERE</dependent>
          </dep>
          <dep type="conj:and">
            <governor idx="17">KILLED</governor>
            <dependent idx="21">WOUNDED</dependent>
          </dep>
          <dep type="case">
            <governor idx="24">BOMB</governor>
            <dependent idx="22">BY</dependent>
          </dep>
          <dep type="det">
            <governor idx="24">BOMB</governor>
            <dependent idx="23">A</dependent>
          </dep>
          <dep type="nmod:agent">
            <governor idx="21">WOUNDED</governor>
            <dependent idx="24">BOMB</dependent>
          </dep>
          <dep type="advmod">
            <governor idx="36">AMBUSHED</governor>
            <dependent idx="25">WHEN</dependent>
          </dep>
          <dep type="det">
            <governor idx="27">GROUP</governor>
            <dependent idx="26">A</dependent>
          </dep>
          <dep type="nsubj">
            <governor idx="36">AMBUSHED</governor>
            <dependent idx="27">GROUP</dependent>
          </dep>
          <dep type="case">
            <governor idx="35">REBELS</governor>
            <dependent idx="28">OF</dependent>
          </dep>
          <dep type="compound">
            <governor idx="35">REBELS</governor>
            <dependent idx="29">NATIONAL</dependent>
          </dep>
          <dep type="compound">
            <governor idx="35">REBELS</governor>
            <dependent idx="30">LIBERATION</dependent>
          </dep>
          <dep type="compound">
            <governor idx="35">REBELS</governor>
            <dependent idx="31">ARMY</dependent>
          </dep>
          <dep type="compound">
            <governor idx="35">REBELS</governor>
            <dependent idx="33">ELN</dependent>
          </dep>
          <dep type="nmod:of">
            <governor idx="27">GROUP</governor>
            <dependent idx="35">REBELS</dependent>
          </dep>
          <dep type="acl:relcl">
            <governor idx="24">BOMB</governor>
            <dependent idx="36">AMBUSHED</dependent>
          </dep>
          <dep type="det">
            <governor idx="39">CONVOY</governor>
            <dependent idx="37">A</dependent>
          </dep>
          <dep type="amod">
            <governor idx="39">CONVOY</governor>
            <dependent idx="38">MILITARY</dependent>
          </dep>
          <dep type="dobj">
            <governor idx="36">AMBUSHED</governor>
            <dependent idx="39">CONVOY</dependent>
          </dep>
          <dep type="case">
            <governor idx="41">SARAVENA</governor>
            <dependent idx="40">IN</dependent>
          </dep>
          <dep type="nmod:in">
            <governor idx="36">AMBUSHED</governor>
            <dependent idx="41">SARAVENA</dependent>
          </dep>
          <dep type="compound">
            <governor idx="44">DEPARTMENT</governor>
            <dependent idx="43">ARAUCA</dependent>
          </dep>
          <dep type="appos">
            <governor idx="41">SARAVENA</governor>
            <dependent idx="44">DEPARTMENT</dependent>
          </dep>
        </dependencies>
        <dependencies type="collapsed-ccprocessed-dependencies">
          <dep type="root">
            <governor idx="0">ROOT</governor>
            <dependent idx="17">KILLED</dependent>
          </dep>
          <dep type="nsubjpass">
            <governor idx="17">KILLED</governor>
            <dependent idx="1">DEV-MUC3-0066</dependent>
          </dep>
          <dep type="appos">
            <governor idx="1">DEV-MUC3-0066</governor>
            <dependent idx="3">NOSC</dependent>
          </dep>
          <dep type="dep">
            <governor idx="1">DEV-MUC3-0066</governor>
            <dependent idx="5">BOGOTA</dependent>
          </dep>
          <dep type="appos">
            <governor idx="1">DEV-MUC3-0066</governor>
            <dependent idx="7">2</dependent>
          </dep>
          <dep type="nmod:tmod">
            <governor idx="7">2</governor>
            <dependent idx="8">FEB</dependent>
          </dep>
          <dep type="nummod">
            <governor idx="8">FEB</governor>
            <dependent idx="9">89</dependent>
          </dep>
          <dep type="dep">
            <governor idx="1">DEV-MUC3-0066</governor>
            <dependent idx="12">TEXT</dependent>
          </dep>
          <dep type="nummod">
            <governor idx="15">SOLDIERS</governor>
            <dependent idx="14">SEVEN</dependent>
          </dep>
          <dep type="nmod">
            <governor idx="12">TEXT</governor>
            <dependent idx="15">SOLDIERS</dependent>
          </dep>
          <dep type="auxpass">
            <governor idx="17">KILLED</governor>
            <dependent idx="16">WERE</dependent>
          </dep>
          <dep type="cc">
            <governor idx="17">KILLED</governor>
            <dependent idx="18">AND</dependent>
          </dep>
          <dep type="nsubjpass">
            <governor idx="21">WOUNDED</governor>
            <dependent idx="19">SEVERAL</dependent>
          </dep>
          <dep type="auxpass">
            <governor idx="21">WOUNDED</governor>
            <dependent idx="20">WERE</dependent>
          </dep>
          <dep type="conj:and">
            <governor idx="17">KILLED</governor>
            <dependent idx="21">WOUNDED</dependent>
          </dep>
          <dep type="case">
            <governor idx="24">BOMB</governor>
            <dependent idx="22">BY</dependent>
          </dep>
          <dep type="det">
            <governor idx="24">BOMB</governor>
            <dependent idx="23">A</dependent>
          </dep>
          <dep type="nmod:agent">
            <governor idx="21">WOUNDED</governor>
            <dependent idx="24">BOMB</dependent>
          </dep>
          <dep type="advmod">
            <governor idx="36">AMBUSHED</governor>
            <dependent idx="25">WHEN</dependent>
          </dep>
          <dep type="det">
            <governor idx="27">GROUP</governor>
            <dependent idx="26">A</dependent>
          </dep>
          <dep type="nsubj">
            <governor idx="36">AMBUSHED</governor>
            <dependent idx="27">GROUP</dependent>
          </dep>
          <dep type="case">
            <governor idx="35">REBELS</governor>
            <dependent idx="28">OF</dependent>
          </dep>
          <dep type="compound">
            <governor idx="35">REBELS</governor>
            <dependent idx="29">NATIONAL</dependent>
          </dep>
          <dep type="compound">
            <governor idx="35">REBELS</governor>
            <dependent idx="30">LIBERATION</dependent>
          </dep>
          <dep type="compound">
            <governor idx="35">REBELS</governor>
            <dependent idx="31">ARMY</dependent>
          </dep>
          <dep type="compound">
            <governor idx="35">REBELS</governor>
            <dependent idx="33">ELN</dependent>
          </dep>
          <dep type="nmod:of">
            <governor idx="27">GROUP</governor>
            <dependent idx="35">REBELS</dependent>
          </dep>
          <dep type="acl:relcl">
            <governor idx="24">BOMB</governor>
            <dependent idx="36">AMBUSHED</dependent>
          </dep>
          <dep type="det">
            <governor idx="39">CONVOY</governor>
            <dependent idx="37">A</dependent>
          </dep>
          <dep type="amod">
            <governor idx="39">CONVOY</governor>
            <dependent idx="38">MILITARY</dependent>
          </dep>
          <dep type="dobj">
            <governor idx="36">AMBUSHED</governor>
            <dependent idx="39">CONVOY</dependent>
          </dep>
          <dep type="case">
            <governor idx="41">SARAVENA</governor>
            <dependent idx="40">IN</dependent>
          </dep>
          <dep type="nmod:in">
            <governor idx="36">AMBUSHED</governor>
            <dependent idx="41">SARAVENA</dependent>
          </dep>
          <dep type="compound">
            <governor idx="44">DEPARTMENT</governor>
            <dependent idx="43">ARAUCA</dependent>
          </dep>
          <dep type="appos">
            <governor idx="41">SARAVENA</governor>
            <dependent idx="44">DEPARTMENT</dependent>
          </dep>
        </dependencies>
      </sentence>
    </sentences>
    <coreference>
      <coreference>
        <mention representative="true">
          <sentence>1</sentence>
          <start>7</start>
          <end>10</end>
          <head>7</head>
          <text>2 FEB 89</text>
        </mention>
        <mention>
          <sentence>1</sentence>
          <start>1</start>
          <end>6</end>
          <head>1</head>
          <text>DEV-MUC3-0066 -LRB- NOSC -RRB- BOGOTA</text>
        </mention>
        <mention>
          <sentence>1</sentence>
          <start>12</start>
          <end>16</end>
          <head>12</head>
          <text>TEXT -RSB- SEVEN SOLDIERS</text>
        </mention>
      </coreference>
    </coreference>
  </document>
</root>
